[dotenv@17.2.3] injecting env (4) from .env -- tip: ⚙️  write to custom object with { processEnv: myObject }
Running database migrations...
Server running on http://0.0.0.0:3333
Local access: http://localhost:3333
Network access: http://10.0.0.204:3333
Connected to MongoDB
All users already have profileStatus field set
Checking for users incorrectly deactivated by group creation...
Database migrations completed successfully
Initializing sample data...
Sample data initialized successfully
User connected: jam4eSt8_ImcQ1RRAAAB User ID: 691e3478fa0ca2ee636b1cbd
User 691e3478fa0ca2ee636b1cbd joined room
Auth check: {
  reqUserId: '691e3478fa0ca2ee636b1cbd',
  paramsId: '691e3478fa0ca2ee636b1cbd'
}
Current user: Sam Rodriguez sam@email.com
User 691e3478fa0ca2ee636b1cbd confirmed in room
Swiped user IDs: []
Matched user IDs: []
All excluded user IDs: []
Filter query: {
  "_id": {
    "$ne": "691e3478fa0ca2ee636b1cbd",
    "$nin": []
  },
  "profileStatus": "active",
  "isActive": true,
  "$or": [
    {
      "groupId": {
        "$exists": false
      }
    },
    {
      "groupId": null
    }
  ]
}
Found potential matches: 5
User names: [
  'Mike Chen',
  'Steph C',
  'Alex Johnson',
  'Sam Chen',
  'Mike Rodriguez'
]
Returning: 5 matches
Potential-matches: found candidateGroups count= 1
Added 1 group(s) into potential matches for user 691e3478fa0ca2ee636b1cbd
Loading matches for user: 691e3478fa0ca2ee636b1cbd requested by: 691e3478fa0ca2ee636b1cbd
Finding matches in database...
Found 0 actual matches
Finding incoming likes...
Found 0 incoming likes
🔍 DEBUG: Raw incoming likes:
Processing pending matches...
Created 0 pending matches
🔍 DEBUG: Final pending matches:
Loading group matches...
Found 0 group matches
Processing group matches...
Returning matches for user: 691e3478fa0ca2ee636b1cbd
Real matches: 0
Pending matches: 0
Found 0 groups with pending join requests from user 691e3478fa0ca2ee636b1cbd
Added 1 group(s) to matches for user 691e3478fa0ca2ee636b1cbd
🔍 DEBUG: Final response breakdown:
  - User matches (accepted): 0
  - Pending matches (individual likes): 0
  - Group matches: 0
  - Available groups: 1
  - Total matches returned: 1
Auth check: {
  reqUserId: '691e3478fa0ca2ee636b1cbd',
  paramsId: '691e3478fa0ca2ee636b1cbd'
}
Loading matches for user: 691e3478fa0ca2ee636b1cbd requested by: 691e3478fa0ca2ee636b1cbd
Finding matches in database...
Current user: Sam Rodriguez sam@email.com
Swiped user IDs: []
Found 0 actual matches
Finding incoming likes...
Matched user IDs: []
All excluded user IDs: []
Filter query: {
  "_id": {
    "$ne": "691e3478fa0ca2ee636b1cbd",
    "$nin": []
  },
  "profileStatus": "active",
  "isActive": true,
  "$or": [
    {
      "groupId": {
        "$exists": false
      }
    },
    {
      "groupId": null
    }
  ]
}
Found 0 incoming likes
🔍 DEBUG: Raw incoming likes:
Processing pending matches...
Created 0 pending matches
🔍 DEBUG: Final pending matches:
Loading group matches...
Found potential matches: 5
User names: [
  'Mike Chen',
  'Steph C',
  'Alex Johnson',
  'Sam Chen',
  'Mike Rodriguez'
]
Returning: 5 matches
Potential-matches: found candidateGroups count= 1
Added 1 group(s) into potential matches for user 691e3478fa0ca2ee636b1cbd
Found 0 group matches
Processing group matches...
Returning matches for user: 691e3478fa0ca2ee636b1cbd
Real matches: 0
Pending matches: 0
Found 0 groups with pending join requests from user 691e3478fa0ca2ee636b1cbd
Added 1 group(s) to matches for user 691e3478fa0ca2ee636b1cbd
🔍 DEBUG: Final response breakdown:
  - User matches (accepted): 0
  - Pending matches (individual likes): 0
  - Group matches: 0
  - Available groups: 1
  - Total matches returned: 1
User connected: 0WsAIWmHshSsPMotAAAD User ID: 691e3478fa0ca2ee636b1cbd
User 691e3478fa0ca2ee636b1cbd joined room
Loading matches for user: 691e3478fa0ca2ee636b1cbd requested by: 691e3478fa0ca2ee636b1cbd
Finding matches in database...
Returning conversations for user: 691e3478fa0ca2ee636b1cbd 0
Auth check: {
  reqUserId: '691e3478fa0ca2ee636b1cbd',
  paramsId: '691e3478fa0ca2ee636b1cbd'
}
Found 0 actual matches
Finding incoming likes...
User 691e3478fa0ca2ee636b1cbd confirmed in room
Current user: Sam Rodriguez sam@email.com
Found 0 incoming likes
🔍 DEBUG: Raw incoming likes:
Processing pending matches...
Created 0 pending matches
🔍 DEBUG: Final pending matches:
Loading group matches...
Swiped user IDs: []
Found 0 group matches
Processing group matches...
Returning matches for user: 691e3478fa0ca2ee636b1cbd
Real matches: 0
Pending matches: 0
Matched user IDs: []
All excluded user IDs: []
Filter query: {
  "_id": {
    "$ne": "691e3478fa0ca2ee636b1cbd",
    "$nin": []
  },
  "profileStatus": "active",
  "isActive": true,
  "$or": [
    {
      "groupId": {
        "$exists": false
      }
    },
    {
      "groupId": null
    }
  ]
}
Found 0 groups with pending join requests from user 691e3478fa0ca2ee636b1cbd
Found potential matches: 5
User names: [
  'Mike Chen',
  'Steph C',
  'Alex Johnson',
  'Sam Chen',
  'Mike Rodriguez'
]
Returning: 5 matches
Added 1 group(s) to matches for user 691e3478fa0ca2ee636b1cbd
🔍 DEBUG: Final response breakdown:
  - User matches (accepted): 0
  - Pending matches (individual likes): 0
  - Group matches: 0
  - Available groups: 1
  - Total matches returned: 1
Potential-matches: found candidateGroups count= 1
Added 1 group(s) into potential matches for user 691e3478fa0ca2ee636b1cbd
User disconnected: 0WsAIWmHshSsPMotAAAD User ID: 691e3478fa0ca2ee636b1cbd
Auth check: {
  reqUserId: '691e3478fa0ca2ee636b1cbd',
  paramsId: '691e3478fa0ca2ee636b1cbd'
}
Loading matches for user: 691e3478fa0ca2ee636b1cbd requested by: 691e3478fa0ca2ee636b1cbd
Finding matches in database...
Current user: Sam Rodriguez sam@email.com
Found 0 actual matches
Finding incoming likes...
Swiped user IDs: []
Found 0 incoming likes
🔍 DEBUG: Raw incoming likes:
Processing pending matches...
Created 0 pending matches
🔍 DEBUG: Final pending matches:
Loading group matches...
Matched user IDs: []
All excluded user IDs: []
Filter query: {
  "_id": {
    "$ne": "691e3478fa0ca2ee636b1cbd",
    "$nin": []
  },
  "profileStatus": "active",
  "isActive": true,
  "$or": [
    {
      "groupId": {
        "$exists": false
      }
    },
    {
      "groupId": null
    }
  ]
}
Found 0 group matches
Processing group matches...
Returning matches for user: 691e3478fa0ca2ee636b1cbd
Real matches: 0
Pending matches: 0
Found potential matches: 5
User names: [
  'Mike Chen',
  'Steph C',
  'Alex Johnson',
  'Sam Chen',
  'Mike Rodriguez'
]
Returning: 5 matches
Found 0 groups with pending join requests from user 691e3478fa0ca2ee636b1cbd
Potential-matches: found candidateGroups count= 1
Added 1 group(s) into potential matches for user 691e3478fa0ca2ee636b1cbd
Added 1 group(s) to matches for user 691e3478fa0ca2ee636b1cbd
🔍 DEBUG: Final response breakdown:
  - User matches (accepted): 0
  - Pending matches (individual likes): 0
  - Group matches: 0
  - Available groups: 1
  - Total matches returned: 1
Auth check: {
  reqUserId: '691e3478fa0ca2ee636b1cbd',
  paramsId: '691e3478fa0ca2ee636b1cbd'
}
Loading matches for user: 691e3478fa0ca2ee636b1cbd requested by: 691e3478fa0ca2ee636b1cbd
Finding matches in database...
User disconnected: jam4eSt8_ImcQ1RRAAAB User ID: 691e3478fa0ca2ee636b1cbd
Found 0 actual matches
Finding incoming likes...
Current user: Sam Rodriguez sam@email.com
Found 0 incoming likes
🔍 DEBUG: Raw incoming likes:
Processing pending matches...
Created 0 pending matches
🔍 DEBUG: Final pending matches:
Loading group matches...
Loading group conversations for user: 691e3478fa0ca2ee636b1cbd
Found 0 group matches
Processing group matches...
Returning matches for user: 691e3478fa0ca2ee636b1cbd
Real matches: 0
Pending matches: 0
Swiped user IDs: []
User connected: 4gC0-oeOP3AKrycSAAAF User ID: 691e3478fa0ca2ee636b1cbd
User 691e3478fa0ca2ee636b1cbd joined room
Found 0 groups with pending join requests from user 691e3478fa0ca2ee636b1cbd
Matched user IDs: []
All excluded user IDs: []
Filter query: {
  "_id": {
    "$ne": "691e3478fa0ca2ee636b1cbd",
    "$nin": []
  },
  "profileStatus": "active",
  "isActive": true,
  "$or": [
    {
      "groupId": {
        "$exists": false
      }
    },
    {
      "groupId": null
    }
  ]
}
Current user: Sam Rodriguez groupId: null status: individual
User not in group, returning empty array
Added 1 group(s) to matches for user 691e3478fa0ca2ee636b1cbd
🔍 DEBUG: Final response breakdown:
  - User matches (accepted): 0
  - Pending matches (individual likes): 0
  - Group matches: 0
  - Available groups: 1
  - Total matches returned: 1
Found potential matches: 5
User names: [
  'Mike Chen',
  'Steph C',
  'Alex Johnson',
  'Sam Chen',
  'Mike Rodriguez'
]
Returning: 5 matches
User 691e3478fa0ca2ee636b1cbd confirmed in room
Potential-matches: found candidateGroups count= 1
Added 1 group(s) into potential matches for user 691e3478fa0ca2ee636b1cbd
Loading group conversations for user: 691e3478fa0ca2ee636b1cbd
Auth check: {
  reqUserId: '691e3478fa0ca2ee636b1cbd',
  paramsId: '691e3478fa0ca2ee636b1cbd'
}
Current user: Sam Rodriguez groupId: null status: individual
User not in group, returning empty array
Current user: Sam Rodriguez sam@email.com
Swiped user IDs: []
Loading group conversations for user: 691e3478fa0ca2ee636b1cbd
Matched user IDs: []
All excluded user IDs: []
Filter query: {
  "_id": {
    "$ne": "691e3478fa0ca2ee636b1cbd",
    "$nin": []
  },
  "profileStatus": "active",
  "isActive": true,
  "$or": [
    {
      "groupId": {
        "$exists": false
      }
    },
    {
      "groupId": null
    }
  ]
}
Current user: Sam Rodriguez groupId: null status: individual
User not in group, returning empty array
Found potential matches: 5
User names: [
  'Mike Chen',
  'Steph C',
  'Alex Johnson',
  'Sam Chen',
  'Mike Rodriguez'
]
Returning: 5 matches
Potential-matches: found candidateGroups count= 1
Added 1 group(s) into potential matches for user 691e3478fa0ca2ee636b1cbd
Loading group conversations for user: 691e3478fa0ca2ee636b1cbd
Current user: Sam Rodriguez groupId: null status: individual
User not in group, returning empty array
Loading matches for user: 691e3478fa0ca2ee636b1cbd requested by: 691e3478fa0ca2ee636b1cbd
Finding matches in database...
Found 0 actual matches
Finding incoming likes...
Loading group conversations for user: 691e3478fa0ca2ee636b1cbd
Found 0 incoming likes
🔍 DEBUG: Raw incoming likes:
Processing pending matches...
Created 0 pending matches
🔍 DEBUG: Final pending matches:
Loading group matches...
Current user: Sam Rodriguez groupId: null status: individual
User not in group, returning empty array
Found 0 group matches
Processing group matches...
Returning matches for user: 691e3478fa0ca2ee636b1cbd
Real matches: 0
Pending matches: 0
Found 0 groups with pending join requests from user 691e3478fa0ca2ee636b1cbd
Added 1 group(s) to matches for user 691e3478fa0ca2ee636b1cbd
🔍 DEBUG: Final response breakdown:
  - User matches (accepted): 0
  - Pending matches (individual likes): 0
  - Group matches: 0
  - Available groups: 1
  - Total matches returned: 1
Loading group conversations for user: 691e3478fa0ca2ee636b1cbd
Current user: Sam Rodriguez groupId: null status: individual
User not in group, returning empty array
User connected: rHSZK2ChG0mhJRIsAAAH User ID: 691e3478fa0ca2ee636b1cbd
User 691e3478fa0ca2ee636b1cbd joined room
User 691e3478fa0ca2ee636b1cbd confirmed in room
User connected: 9GAFSzOxTaZlTaFgAAAJ User ID: 691e3478fa0ca2ee636b1cbd
User 691e3478fa0ca2ee636b1cbd joined room
User 691e3478fa0ca2ee636b1cbd confirmed in room
User disconnected: 9GAFSzOxTaZlTaFgAAAJ User ID: 691e3478fa0ca2ee636b1cbd
Auth check: {
  reqUserId: '691e3478fa0ca2ee636b1cbd',
  paramsId: '691e3478fa0ca2ee636b1cbd'
}
Loading matches for user: 691e3478fa0ca2ee636b1cbd requested by: 691e3478fa0ca2ee636b1cbd
Finding matches in database...
Current user: Sam Rodriguez sam@email.com
Swiped user IDs: []
Found 0 actual matches
Finding incoming likes...
Matched user IDs: []
All excluded user IDs: []
Filter query: {
  "_id": {
    "$ne": "691e3478fa0ca2ee636b1cbd",
    "$nin": []
  },
  "profileStatus": "active",
  "isActive": true,
  "$or": [
    {
      "groupId": {
        "$exists": false
      }
    },
    {
      "groupId": null
    }
  ]
}
Found 0 incoming likes
🔍 DEBUG: Raw incoming likes:
Processing pending matches...
Created 0 pending matches
🔍 DEBUG: Final pending matches:
Loading group matches...
Found potential matches: 5
User names: [
  'Mike Chen',
  'Steph C',
  'Alex Johnson',
  'Sam Chen',
  'Mike Rodriguez'
]
Returning: 5 matches
Found 0 group matches
Processing group matches...
Returning matches for user: 691e3478fa0ca2ee636b1cbd
Real matches: 0
Pending matches: 0
Potential-matches: found candidateGroups count= 1
Added 1 group(s) into potential matches for user 691e3478fa0ca2ee636b1cbd
Found 0 groups with pending join requests from user 691e3478fa0ca2ee636b1cbd
Added 1 group(s) to matches for user 691e3478fa0ca2ee636b1cbd
🔍 DEBUG: Final response breakdown:
  - User matches (accepted): 0
  - Pending matches (individual likes): 0
  - Group matches: 0
  - Available groups: 1
  - Total matches returned: 1
Auth check: {
  reqUserId: '691e3478fa0ca2ee636b1cbd',
  paramsId: '691e3478fa0ca2ee636b1cbd'
}
Loading matches for user: 691e3478fa0ca2ee636b1cbd requested by: 691e3478fa0ca2ee636b1cbd
Finding matches in database...
Current user: Sam Rodriguez sam@email.com
Found 0 actual matches
Finding incoming likes...
Swiped user IDs: []
Found 0 incoming likes
🔍 DEBUG: Raw incoming likes:
Processing pending matches...
Created 0 pending matches
🔍 DEBUG: Final pending matches:
Loading group matches...
Matched user IDs: []
All excluded user IDs: []
Filter query: {
  "_id": {
    "$ne": "691e3478fa0ca2ee636b1cbd",
    "$nin": []
  },
  "profileStatus": "active",
  "isActive": true,
  "$or": [
    {
      "groupId": {
        "$exists": false
      }
    },
    {
      "groupId": null
    }
  ]
}
Found 0 group matches
Processing group matches...
Returning matches for user: 691e3478fa0ca2ee636b1cbd
Real matches: 0
Pending matches: 0
Found potential matches: 5
User names: [
  'Mike Chen',
  'Steph C',
  'Alex Johnson',
  'Sam Chen',
  'Mike Rodriguez'
]
Returning: 5 matches
Found 0 groups with pending join requests from user 691e3478fa0ca2ee636b1cbd
Potential-matches: found candidateGroups count= 1
Added 1 group(s) into potential matches for user 691e3478fa0ca2ee636b1cbd
Added 1 group(s) to matches for user 691e3478fa0ca2ee636b1cbd
🔍 DEBUG: Final response breakdown:
  - User matches (accepted): 0
  - Pending matches (individual likes): 0
  - Group matches: 0
  - Available groups: 1
  - Total matches returned: 1
Auth check: {
  reqUserId: '691e3478fa0ca2ee636b1cbd',
  paramsId: '691e3478fa0ca2ee636b1cbd'
}
Loading matches for user: 691e3478fa0ca2ee636b1cbd requested by: 691e3478fa0ca2ee636b1cbd
Finding matches in database...
Current user: Sam Rodriguez sam@email.com
Found 0 actual matches
Finding incoming likes...
Swiped user IDs: []
Found 0 incoming likes
🔍 DEBUG: Raw incoming likes:
Processing pending matches...
Created 0 pending matches
🔍 DEBUG: Final pending matches:
Loading group matches...
Matched user IDs: []
All excluded user IDs: []
Filter query: {
  "_id": {
    "$ne": "691e3478fa0ca2ee636b1cbd",
    "$nin": []
  },
  "profileStatus": "active",
  "isActive": true,
  "$or": [
    {
      "groupId": {
        "$exists": false
      }
    },
    {
      "groupId": null
    }
  ]
}
Found 0 group matches
Processing group matches...
Returning matches for user: 691e3478fa0ca2ee636b1cbd
Real matches: 0
Pending matches: 0
Found potential matches: 5
User names: [
  'Mike Chen',
  'Steph C',
  'Alex Johnson',
  'Sam Chen',
  'Mike Rodriguez'
]
Returning: 5 matches
Found 0 groups with pending join requests from user 691e3478fa0ca2ee636b1cbd
Potential-matches: found candidateGroups count= 1
Added 1 group(s) into potential matches for user 691e3478fa0ca2ee636b1cbd
Added 1 group(s) to matches for user 691e3478fa0ca2ee636b1cbd
🔍 DEBUG: Final response breakdown:
  - User matches (accepted): 0
  - Pending matches (individual likes): 0
  - Group matches: 0
  - Available groups: 1
  - Total matches returned: 1
Auth check: {
  reqUserId: '691e3478fa0ca2ee636b1cbd',
  paramsId: '691e3478fa0ca2ee636b1cbd'
}
Auth check: {
  reqUserId: '691e3478fa0ca2ee636b1cbd',
  paramsId: '691e3478fa0ca2ee636b1cbd'
}
Loading matches for user: 691e3478fa0ca2ee636b1cbd requested by: 691e3478fa0ca2ee636b1cbd
Finding matches in database...
Current user: Sam Rodriguez sam@email.com
Current user: Sam Rodriguez sam@email.com
Swiped user IDs: []
Found 0 actual matches
Finding incoming likes...
Swiped user IDs: []
Matched user IDs: []
All excluded user IDs: []
Filter query: {
  "_id": {
    "$ne": "691e3478fa0ca2ee636b1cbd",
    "$nin": []
  },
  "profileStatus": "active",
  "isActive": true,
  "$or": [
    {
      "groupId": {
        "$exists": false
      }
    },
    {
      "groupId": null
    }
  ]
}
Found 0 incoming likes
🔍 DEBUG: Raw incoming likes:
Processing pending matches...
Created 0 pending matches
🔍 DEBUG: Final pending matches:
Loading group matches...
Matched user IDs: []
All excluded user IDs: []
Filter query: {
  "_id": {
    "$ne": "691e3478fa0ca2ee636b1cbd",
    "$nin": []
  },
  "profileStatus": "active",
  "isActive": true,
  "$or": [
    {
      "groupId": {
        "$exists": false
      }
    },
    {
      "groupId": null
    }
  ]
}
Found potential matches: 5
User names: [
  'Mike Chen',
  'Steph C',
  'Alex Johnson',
  'Sam Chen',
  'Mike Rodriguez'
]
Returning: 5 matches
Found 0 group matches
Processing group matches...
Returning matches for user: 691e3478fa0ca2ee636b1cbd
Real matches: 0
Pending matches: 0
Potential-matches: found candidateGroups count= 1
Added 1 group(s) into potential matches for user 691e3478fa0ca2ee636b1cbd
Found potential matches: 5
User names: [
  'Mike Chen',
  'Steph C',
  'Alex Johnson',
  'Sam Chen',
  'Mike Rodriguez'
]
Returning: 5 matches
Found 0 groups with pending join requests from user 691e3478fa0ca2ee636b1cbd
Potential-matches: found candidateGroups count= 1
Added 1 group(s) into potential matches for user 691e3478fa0ca2ee636b1cbd
Added 1 group(s) to matches for user 691e3478fa0ca2ee636b1cbd
🔍 DEBUG: Final response breakdown:
  - User matches (accepted): 0
  - Pending matches (individual likes): 0
  - Group matches: 0
  - Available groups: 1
  - Total matches returned: 1
🔍 Processing swipe action: 691e3478fa0ca2ee636b1cbd -> 691e3479fa0ca2ee636b1cc3 (like)
✅ Created new swipe action
User disconnected: 4gC0-oeOP3AKrycSAAAF User ID: 691e3478fa0ca2ee636b1cbd
User connected: jrUStRbePgBVUU2OAAAL User ID: 691e3479fa0ca2ee636b1cc3
User 691e3479fa0ca2ee636b1cc3 joined room
Auth check: {
  reqUserId: '691e3479fa0ca2ee636b1cc3',
  paramsId: '691e3479fa0ca2ee636b1cc3'
}
User 691e3479fa0ca2ee636b1cc3 confirmed in room
Current user: Mike Chen mike@email.com
Swiped user IDs: []
Matched user IDs: []
All excluded user IDs: []
Filter query: {
  "_id": {
    "$ne": "691e3479fa0ca2ee636b1cc3",
    "$nin": []
  },
  "profileStatus": "active",
  "isActive": true,
  "$or": [
    {
      "groupId": {
        "$exists": false
      }
    },
    {
      "groupId": null
    }
  ]
}
Found potential matches: 5
User names: [
  'Sam Rodriguez',
  'Steph C',
  'Alex Johnson',
  'Sam Chen',
  'Mike Rodriguez'
]
Returning: 5 matches
Potential-matches: found candidateGroups count= 1
Added 1 group(s) into potential matches for user 691e3479fa0ca2ee636b1cc3
Loading matches for user: 691e3479fa0ca2ee636b1cc3 requested by: 691e3479fa0ca2ee636b1cc3
Finding matches in database...
Found 0 actual matches
Finding incoming likes...
Found 1 incoming likes
🔍 DEBUG: Raw incoming likes:
  1. SwipeAction 692e7c7698891f81f7522b5b:
     - Swiper: Sam Rodriguez (691e3478fa0ca2ee636b1cbd) - Status: individual
     - Target: 691e3479fa0ca2ee636b1cc3
     - Action: like
     - Created: Mon Dec 01 2025 21:43:18 GMT-0800 (Pacific Standard Time)
     - Swiper in group: NO
Processing pending matches...
✅ Keeping pending match: Sam Rodriguez -> 691e3479fa0ca2ee636b1cc3 (valid individual like)
Created 1 pending matches
🔍 DEBUG: Final pending matches:
  1. pending_692e7c7698891f81f7522b5b: Sam Rodriguez (691e3478fa0ca2ee636b1cbd) -> 691e3479fa0ca2ee636b1cc3
Loading group matches...
Found 0 group matches
Processing group matches...
Returning matches for user: 691e3479fa0ca2ee636b1cc3
Real matches: 0
Pending matches: 1
Found 0 groups with pending join requests from user 691e3479fa0ca2ee636b1cc3
Added 1 group(s) to matches for user 691e3479fa0ca2ee636b1cc3
🔍 DEBUG: Final response breakdown:
  - User matches (accepted): 0
  - Pending matches (individual likes): 1
  - Group matches: 0
  - Available groups: 1
  - Total matches returned: 2
Auth check: {
  reqUserId: '691e3479fa0ca2ee636b1cc3',
  paramsId: '691e3479fa0ca2ee636b1cc3'
}
Loading matches for user: 691e3479fa0ca2ee636b1cc3 requested by: 691e3479fa0ca2ee636b1cc3
Finding matches in database...
Current user: Mike Chen mike@email.com
Found 0 actual matches
Finding incoming likes...
Swiped user IDs: []
Matched user IDs: []
All excluded user IDs: []
Filter query: {
  "_id": {
    "$ne": "691e3479fa0ca2ee636b1cc3",
    "$nin": []
  },
  "profileStatus": "active",
  "isActive": true,
  "$or": [
    {
      "groupId": {
        "$exists": false
      }
    },
    {
      "groupId": null
    }
  ]
}
Found 1 incoming likes
🔍 DEBUG: Raw incoming likes:
  1. SwipeAction 692e7c7698891f81f7522b5b:
     - Swiper: Sam Rodriguez (691e3478fa0ca2ee636b1cbd) - Status: individual
     - Target: 691e3479fa0ca2ee636b1cc3
     - Action: like
     - Created: Mon Dec 01 2025 21:43:18 GMT-0800 (Pacific Standard Time)
     - Swiper in group: NO
Processing pending matches...
✅ Keeping pending match: Sam Rodriguez -> 691e3479fa0ca2ee636b1cc3 (valid individual like)
Created 1 pending matches
🔍 DEBUG: Final pending matches:
  1. pending_692e7c7698891f81f7522b5b: Sam Rodriguez (691e3478fa0ca2ee636b1cbd) -> 691e3479fa0ca2ee636b1cc3
Loading group matches...
Found potential matches: 5
User names: [
  'Sam Rodriguez',
  'Steph C',
  'Alex Johnson',
  'Sam Chen',
  'Mike Rodriguez'
]
Returning: 5 matches
Found 0 group matches
Processing group matches...
Returning matches for user: 691e3479fa0ca2ee636b1cc3
Real matches: 0
Pending matches: 1
Potential-matches: found candidateGroups count= 1
Added 1 group(s) into potential matches for user 691e3479fa0ca2ee636b1cc3
Found 0 groups with pending join requests from user 691e3479fa0ca2ee636b1cc3
Added 1 group(s) to matches for user 691e3479fa0ca2ee636b1cc3
🔍 DEBUG: Final response breakdown:
  - User matches (accepted): 0
  - Pending matches (individual likes): 1
  - Group matches: 0
  - Available groups: 1
  - Total matches returned: 2
Auth check: {
  reqUserId: '691e3479fa0ca2ee636b1cc3',
  paramsId: '691e3479fa0ca2ee636b1cc3'
}
Auth check: {
  reqUserId: '691e3479fa0ca2ee636b1cc3',
  paramsId: '691e3479fa0ca2ee636b1cc3'
}
Current user: Mike Chen mike@email.com
Loading matches for user: 691e3479fa0ca2ee636b1cc3 requested by: 691e3479fa0ca2ee636b1cc3
Finding matches in database...
Swiped user IDs: []
Current user: Mike Chen mike@email.com
Found 0 actual matches
Finding incoming likes...
Matched user IDs: []
All excluded user IDs: []
Filter query: {
  "_id": {
    "$ne": "691e3479fa0ca2ee636b1cc3",
    "$nin": []
  },
  "profileStatus": "active",
  "isActive": true,
  "$or": [
    {
      "groupId": {
        "$exists": false
      }
    },
    {
      "groupId": null
    }
  ]
}
Swiped user IDs: []
Found potential matches: 5
User names: [
  'Sam Rodriguez',
  'Steph C',
  'Alex Johnson',
  'Sam Chen',
  'Mike Rodriguez'
]
Returning: 5 matches
Matched user IDs: []
All excluded user IDs: []
Filter query: {
  "_id": {
    "$ne": "691e3479fa0ca2ee636b1cc3",
    "$nin": []
  },
  "profileStatus": "active",
  "isActive": true,
  "$or": [
    {
      "groupId": {
        "$exists": false
      }
    },
    {
      "groupId": null
    }
  ]
}
Found 1 incoming likes
🔍 DEBUG: Raw incoming likes:
  1. SwipeAction 692e7c7698891f81f7522b5b:
     - Swiper: Sam Rodriguez (691e3478fa0ca2ee636b1cbd) - Status: individual
     - Target: 691e3479fa0ca2ee636b1cc3
     - Action: like
     - Created: Mon Dec 01 2025 21:43:18 GMT-0800 (Pacific Standard Time)
     - Swiper in group: NO
Processing pending matches...
✅ Keeping pending match: Sam Rodriguez -> 691e3479fa0ca2ee636b1cc3 (valid individual like)
Created 1 pending matches
🔍 DEBUG: Final pending matches:
  1. pending_692e7c7698891f81f7522b5b: Sam Rodriguez (691e3478fa0ca2ee636b1cbd) -> 691e3479fa0ca2ee636b1cc3
Loading group matches...
Found potential matches: 5
User names: [
  'Sam Rodriguez',
  'Steph C',
  'Alex Johnson',
  'Sam Chen',
  'Mike Rodriguez'
]
Returning: 5 matches
Potential-matches: found candidateGroups count= 1
Added 1 group(s) into potential matches for user 691e3479fa0ca2ee636b1cc3
Found 0 group matches
Processing group matches...
Returning matches for user: 691e3479fa0ca2ee636b1cc3
Real matches: 0
Pending matches: 1
Potential-matches: found candidateGroups count= 1
Added 1 group(s) into potential matches for user 691e3479fa0ca2ee636b1cc3
Found 0 groups with pending join requests from user 691e3479fa0ca2ee636b1cc3
Added 1 group(s) to matches for user 691e3479fa0ca2ee636b1cc3
🔍 DEBUG: Final response breakdown:
  - User matches (accepted): 0
  - Pending matches (individual likes): 1
  - Group matches: 0
  - Available groups: 1
  - Total matches returned: 2
🔍 Processing swipe action: 691e3479fa0ca2ee636b1cc3 -> 691e3478fa0ca2ee636b1cbd (like)
✅ Created new swipe action
🎯 Creating automatic match between 691e3479fa0ca2ee636b1cc3 and 691e3478fa0ca2ee636b1cbd
➕ Creating new match: 691e3479fa0ca2ee636b1cc3 <-> 691e3478fa0ca2ee636b1cbd
💕 Automatic match created with ID: 692e7c8398891f81f7522b98
Loading matches for user: 691e3479fa0ca2ee636b1cc3 requested by: 691e3479fa0ca2ee636b1cc3
Finding matches in database...
Found 1 actual matches
Finding incoming likes...
Found 1 incoming likes
🔍 DEBUG: Raw incoming likes:
  1. SwipeAction 692e7c7698891f81f7522b5b:
     - Swiper: Sam Rodriguez (691e3478fa0ca2ee636b1cbd) - Status: individual
     - Target: 691e3479fa0ca2ee636b1cc3
     - Action: like
     - Created: Mon Dec 01 2025 21:43:18 GMT-0800 (Pacific Standard Time)
     - Swiper in group: NO
Processing pending matches...
✅ Filtering out pending match - already matched: 691e3478fa0ca2ee636b1cbd <-> 691e3479fa0ca2ee636b1cc3
Created 0 pending matches
🔍 DEBUG: Final pending matches:
Loading group matches...
Found 0 group matches
Processing group matches...
Returning matches for user: 691e3479fa0ca2ee636b1cc3
Real matches: 1
Pending matches: 0
Found 0 groups with pending join requests from user 691e3479fa0ca2ee636b1cc3
Added 1 group(s) to matches for user 691e3479fa0ca2ee636b1cc3
🔍 DEBUG: Final response breakdown:
  - User matches (accepted): 1
  - Pending matches (individual likes): 0
  - Group matches: 0
  - Available groups: 1
  - Total matches returned: 2
User connected: _lo8YhcV44nvtRCQAAAN User ID: 691e3479fa0ca2ee636b1cc3
User 691e3479fa0ca2ee636b1cc3 joined room
Loading matches for user: 691e3479fa0ca2ee636b1cc3 requested by: 691e3479fa0ca2ee636b1cc3
Finding matches in database...
Auth check: {
  reqUserId: '691e3479fa0ca2ee636b1cc3',
  paramsId: '691e3479fa0ca2ee636b1cc3'
}
Current user: Mike Chen mike@email.com
User 691e3479fa0ca2ee636b1cc3 confirmed in room
Found 1 actual matches
Finding incoming likes...
Swiped user IDs: [ new ObjectId('691e3478fa0ca2ee636b1cbd') ]
Returning conversations for user: 691e3479fa0ca2ee636b1cc3 1
Found 1 incoming likes
🔍 DEBUG: Raw incoming likes:
  1. SwipeAction 692e7c7698891f81f7522b5b:
     - Swiper: Sam Rodriguez (691e3478fa0ca2ee636b1cbd) - Status: individual
     - Target: 691e3479fa0ca2ee636b1cc3
     - Action: like
     - Created: Mon Dec 01 2025 21:43:18 GMT-0800 (Pacific Standard Time)
     - Swiper in group: NO
Processing pending matches...
✅ Filtering out pending match - already matched: 691e3478fa0ca2ee636b1cbd <-> 691e3479fa0ca2ee636b1cc3
Created 0 pending matches
🔍 DEBUG: Final pending matches:
Loading group matches...
Matched user IDs: [ new ObjectId('691e3478fa0ca2ee636b1cbd') ]
All excluded user IDs: [
  new ObjectId('691e3478fa0ca2ee636b1cbd'),
  new ObjectId('691e3478fa0ca2ee636b1cbd')
]
Filter query: {
  "_id": {
    "$ne": "691e3479fa0ca2ee636b1cc3",
    "$nin": [
      "691e3478fa0ca2ee636b1cbd",
      "691e3478fa0ca2ee636b1cbd"
    ]
  },
  "profileStatus": "active",
  "isActive": true,
  "$or": [
    {
      "groupId": {
        "$exists": false
      }
    },
    {
      "groupId": null
    }
  ]
}
Found 0 group matches
Processing group matches...
Returning matches for user: 691e3479fa0ca2ee636b1cc3
Real matches: 1
Pending matches: 0
Found potential matches: 4
User names: [ 'Steph C', 'Alex Johnson', 'Sam Chen', 'Mike Rodriguez' ]
Returning: 4 matches
Found 0 groups with pending join requests from user 691e3479fa0ca2ee636b1cc3
Potential-matches: found candidateGroups count= 1
Added 1 group(s) into potential matches for user 691e3479fa0ca2ee636b1cc3
Added 1 group(s) to matches for user 691e3479fa0ca2ee636b1cc3
🔍 DEBUG: Final response breakdown:
  - User matches (accepted): 1
  - Pending matches (individual likes): 0
  - Group matches: 0
  - Available groups: 1
  - Total matches returned: 2
Processing direct message conversation. UserIds: [ '691e3478fa0ca2ee636b1cbd', '691e3479fa0ca2ee636b1cc3' ]
Request userId: 691e3479fa0ca2ee636b1cc3
Creating ObjectId query for userIds: [ '691e3478fa0ca2ee636b1cbd', '691e3479fa0ca2ee636b1cc3' ]
ObjectId query created successfully
Message query: {
  "$and": [
    {
      "groupId": null
    },
    {
      "$or": [
        {
          "senderId": "691e3478fa0ca2ee636b1cbd",
          "receiverId": "691e3479fa0ca2ee636b1cc3"
        },
        {
          "senderId": "691e3479fa0ca2ee636b1cc3",
          "receiverId": "691e3478fa0ca2ee636b1cbd"
        }
      ]
    }
  ]
}
Actual query with ObjectIds: { '$and': [ { groupId: null }, { '$or': [Array] } ] }
Sample messages in database: [
  {
    id: new ObjectId('692e70e776d7d3fad3b3e132'),
    senderId: null,
    receiverId: undefined,
    content: 'Jordan Lee has joined the group chat'
  },
  {
    id: new ObjectId('692e755f76d7d3fad3b3e730'),
    senderId: new ObjectId('691e3478fa0ca2ee636b1cb6'),
    receiverId: null,
    content: 'hey!'
  },
  {
    id: new ObjectId('692e77c40b21529b30d932ec'),
    senderId: null,
    receiverId: undefined,
    content: 'Sam Rodriguez has joined the group chat'
  },
  {
    id: new ObjectId('692e77e70b21529b30d933fb'),
    senderId: null,
    receiverId: undefined,
    content: 'Sam Rodriguez has left the group chat'
  }
]
Simple query returned 0 messages
Null groupId query returned 0 messages
Query returned 0 messages for conversation: 691e3478fa0ca2ee636b1cbd_691e3479fa0ca2ee636b1cc3
User disconnected: _lo8YhcV44nvtRCQAAAN User ID: 691e3479fa0ca2ee636b1cc3
Auth check: {
  reqUserId: '691e3479fa0ca2ee636b1cc3',
  paramsId: '691e3479fa0ca2ee636b1cc3'
}
Loading matches for user: 691e3479fa0ca2ee636b1cc3 requested by: 691e3479fa0ca2ee636b1cc3
Finding matches in database...
Current user: Mike Chen mike@email.com
Swiped user IDs: [ new ObjectId('691e3478fa0ca2ee636b1cbd') ]
Found 1 actual matches
Finding incoming likes...
Matched user IDs: [ new ObjectId('691e3478fa0ca2ee636b1cbd') ]
All excluded user IDs: [
  new ObjectId('691e3478fa0ca2ee636b1cbd'),
  new ObjectId('691e3478fa0ca2ee636b1cbd')
]
Filter query: {
  "_id": {
    "$ne": "691e3479fa0ca2ee636b1cc3",
    "$nin": [
      "691e3478fa0ca2ee636b1cbd",
      "691e3478fa0ca2ee636b1cbd"
    ]
  },
  "profileStatus": "active",
  "isActive": true,
  "$or": [
    {
      "groupId": {
        "$exists": false
      }
    },
    {
      "groupId": null
    }
  ]
}
Found potential matches: 4
User names: [ 'Steph C', 'Alex Johnson', 'Sam Chen', 'Mike Rodriguez' ]
Returning: 4 matches
Found 1 incoming likes
🔍 DEBUG: Raw incoming likes:
  1. SwipeAction 692e7c7698891f81f7522b5b:
     - Swiper: Sam Rodriguez (691e3478fa0ca2ee636b1cbd) - Status: individual
     - Target: 691e3479fa0ca2ee636b1cc3
     - Action: like
     - Created: Mon Dec 01 2025 21:43:18 GMT-0800 (Pacific Standard Time)
     - Swiper in group: NO
Processing pending matches...
✅ Filtering out pending match - already matched: 691e3478fa0ca2ee636b1cbd <-> 691e3479fa0ca2ee636b1cc3
Created 0 pending matches
🔍 DEBUG: Final pending matches:
Loading group matches...
Potential-matches: found candidateGroups count= 1
Added 1 group(s) into potential matches for user 691e3479fa0ca2ee636b1cc3
Found 0 group matches
Processing group matches...
Returning matches for user: 691e3479fa0ca2ee636b1cc3
Real matches: 1
Pending matches: 0
Found 0 groups with pending join requests from user 691e3479fa0ca2ee636b1cc3
Added 1 group(s) to matches for user 691e3479fa0ca2ee636b1cc3
🔍 DEBUG: Final response breakdown:
  - User matches (accepted): 1
  - Pending matches (individual likes): 0
  - Group matches: 0
  - Available groups: 1
  - Total matches returned: 2
User disconnected: jrUStRbePgBVUU2OAAAL User ID: 691e3479fa0ca2ee636b1cc3
Auth check: {
  reqUserId: '691e3478fa0ca2ee636b1cbd',
  paramsId: '691e3478fa0ca2ee636b1cbd'
}
User connected: AWU-0JiGj9XhqopLAAAP User ID: 691e3478fa0ca2ee636b1cbd
User 691e3478fa0ca2ee636b1cbd joined room
Current user: Sam Rodriguez sam@email.com
Swiped user IDs: [ new ObjectId('691e3479fa0ca2ee636b1cc3') ]
User 691e3478fa0ca2ee636b1cbd confirmed in room
Matched user IDs: [ new ObjectId('691e3479fa0ca2ee636b1cc3') ]
All excluded user IDs: [
  new ObjectId('691e3479fa0ca2ee636b1cc3'),
  new ObjectId('691e3479fa0ca2ee636b1cc3')
]
Filter query: {
  "_id": {
    "$ne": "691e3478fa0ca2ee636b1cbd",
    "$nin": [
      "691e3479fa0ca2ee636b1cc3",
      "691e3479fa0ca2ee636b1cc3"
    ]
  },
  "profileStatus": "active",
  "isActive": true,
  "$or": [
    {
      "groupId": {
        "$exists": false
      }
    },
    {
      "groupId": null
    }
  ]
}
Found potential matches: 4
User names: [ 'Steph C', 'Alex Johnson', 'Sam Chen', 'Mike Rodriguez' ]
Returning: 4 matches
Potential-matches: found candidateGroups count= 1
Added 1 group(s) into potential matches for user 691e3478fa0ca2ee636b1cbd
Loading matches for user: 691e3478fa0ca2ee636b1cbd requested by: 691e3478fa0ca2ee636b1cbd
Finding matches in database...
Found 1 actual matches
Finding incoming likes...
Found 1 incoming likes
🔍 DEBUG: Raw incoming likes:
  1. SwipeAction 692e7c8398891f81f7522b94:
     - Swiper: Mike Chen (691e3479fa0ca2ee636b1cc3) - Status: individual
     - Target: 691e3478fa0ca2ee636b1cbd
     - Action: like
     - Created: Mon Dec 01 2025 21:43:31 GMT-0800 (Pacific Standard Time)
     - Swiper in group: NO
Processing pending matches...
✅ Filtering out pending match - already matched: 691e3479fa0ca2ee636b1cc3 <-> 691e3478fa0ca2ee636b1cbd
Created 0 pending matches
🔍 DEBUG: Final pending matches:
Loading group matches...
Found 0 group matches
Processing group matches...
Returning matches for user: 691e3478fa0ca2ee636b1cbd
Real matches: 1
Pending matches: 0
Found 0 groups with pending join requests from user 691e3478fa0ca2ee636b1cbd
Added 1 group(s) to matches for user 691e3478fa0ca2ee636b1cbd
🔍 DEBUG: Final response breakdown:
  - User matches (accepted): 1
  - Pending matches (individual likes): 0
  - Group matches: 0
  - Available groups: 1
  - Total matches returned: 2
Loading matches for user: 691e3478fa0ca2ee636b1cbd requested by: 691e3478fa0ca2ee636b1cbd
Finding matches in database...
Auth check: {
  reqUserId: '691e3478fa0ca2ee636b1cbd',
  paramsId: '691e3478fa0ca2ee636b1cbd'
}
Current user: Sam Rodriguez sam@email.com
Found 1 actual matches
Finding incoming likes...
Swiped user IDs: [ new ObjectId('691e3479fa0ca2ee636b1cc3') ]
Matched user IDs: [ new ObjectId('691e3479fa0ca2ee636b1cc3') ]
All excluded user IDs: [
  new ObjectId('691e3479fa0ca2ee636b1cc3'),
  new ObjectId('691e3479fa0ca2ee636b1cc3')
]
Filter query: {
  "_id": {
    "$ne": "691e3478fa0ca2ee636b1cbd",
    "$nin": [
      "691e3479fa0ca2ee636b1cc3",
      "691e3479fa0ca2ee636b1cc3"
    ]
  },
  "profileStatus": "active",
  "isActive": true,
  "$or": [
    {
      "groupId": {
        "$exists": false
      }
    },
    {
      "groupId": null
    }
  ]
}
Found 1 incoming likes
🔍 DEBUG: Raw incoming likes:
  1. SwipeAction 692e7c8398891f81f7522b94:
     - Swiper: Mike Chen (691e3479fa0ca2ee636b1cc3) - Status: individual
     - Target: 691e3478fa0ca2ee636b1cbd
     - Action: like
     - Created: Mon Dec 01 2025 21:43:31 GMT-0800 (Pacific Standard Time)
     - Swiper in group: NO
Processing pending matches...
✅ Filtering out pending match - already matched: 691e3479fa0ca2ee636b1cc3 <-> 691e3478fa0ca2ee636b1cbd
Created 0 pending matches
🔍 DEBUG: Final pending matches:
Loading group matches...
Found potential matches: 4
User names: [ 'Steph C', 'Alex Johnson', 'Sam Chen', 'Mike Rodriguez' ]
Returning: 4 matches
Found 0 group matches
Processing group matches...
Returning matches for user: 691e3478fa0ca2ee636b1cbd
Real matches: 1
Pending matches: 0
Potential-matches: found candidateGroups count= 1
Added 1 group(s) into potential matches for user 691e3478fa0ca2ee636b1cbd
Found 0 groups with pending join requests from user 691e3478fa0ca2ee636b1cbd
Added 1 group(s) to matches for user 691e3478fa0ca2ee636b1cbd
🔍 DEBUG: Final response breakdown:
  - User matches (accepted): 1
  - Pending matches (individual likes): 0
  - Group matches: 0
  - Available groups: 1
  - Total matches returned: 2
Auth check: {
  reqUserId: '691e3478fa0ca2ee636b1cbd',
  paramsId: '691e3478fa0ca2ee636b1cbd'
}
Current user: Sam Rodriguez sam@email.com
Loading matches for user: 691e3478fa0ca2ee636b1cbd requested by: 691e3478fa0ca2ee636b1cbd
Finding matches in database...
Swiped user IDs: [ new ObjectId('691e3479fa0ca2ee636b1cc3') ]
Auth check: {
  reqUserId: '691e3478fa0ca2ee636b1cbd',
  paramsId: '691e3478fa0ca2ee636b1cbd'
}
Matched user IDs: [ new ObjectId('691e3479fa0ca2ee636b1cc3') ]
All excluded user IDs: [
  new ObjectId('691e3479fa0ca2ee636b1cc3'),
  new ObjectId('691e3479fa0ca2ee636b1cc3')
]
Filter query: {
  "_id": {
    "$ne": "691e3478fa0ca2ee636b1cbd",
    "$nin": [
      "691e3479fa0ca2ee636b1cc3",
      "691e3479fa0ca2ee636b1cc3"
    ]
  },
  "profileStatus": "active",
  "isActive": true,
  "$or": [
    {
      "groupId": {
        "$exists": false
      }
    },
    {
      "groupId": null
    }
  ]
}
Found potential matches: 4
User names: [ 'Steph C', 'Alex Johnson', 'Sam Chen', 'Mike Rodriguez' ]
Returning: 4 matches
Current user: Sam Rodriguez sam@email.com
Potential-matches: found candidateGroups count= 1
Added 1 group(s) into potential matches for user 691e3478fa0ca2ee636b1cbd
Found 1 actual matches
Finding incoming likes...
Swiped user IDs: [ new ObjectId('691e3479fa0ca2ee636b1cc3') ]
Matched user IDs: [ new ObjectId('691e3479fa0ca2ee636b1cc3') ]
All excluded user IDs: [
  new ObjectId('691e3479fa0ca2ee636b1cc3'),
  new ObjectId('691e3479fa0ca2ee636b1cc3')
]
Filter query: {
  "_id": {
    "$ne": "691e3478fa0ca2ee636b1cbd",
    "$nin": [
      "691e3479fa0ca2ee636b1cc3",
      "691e3479fa0ca2ee636b1cc3"
    ]
  },
  "profileStatus": "active",
  "isActive": true,
  "$or": [
    {
      "groupId": {
        "$exists": false
      }
    },
    {
      "groupId": null
    }
  ]
}
Found 1 incoming likes
🔍 DEBUG: Raw incoming likes:
  1. SwipeAction 692e7c8398891f81f7522b94:
     - Swiper: Mike Chen (691e3479fa0ca2ee636b1cc3) - Status: individual
     - Target: 691e3478fa0ca2ee636b1cbd
     - Action: like
     - Created: Mon Dec 01 2025 21:43:31 GMT-0800 (Pacific Standard Time)
     - Swiper in group: NO
Processing pending matches...
✅ Filtering out pending match - already matched: 691e3479fa0ca2ee636b1cc3 <-> 691e3478fa0ca2ee636b1cbd
Created 0 pending matches
🔍 DEBUG: Final pending matches:
Loading group matches...
Found potential matches: 4
User names: [ 'Steph C', 'Alex Johnson', 'Sam Chen', 'Mike Rodriguez' ]
Returning: 4 matches
Found 0 group matches
Processing group matches...
Returning matches for user: 691e3478fa0ca2ee636b1cbd
Real matches: 1
Pending matches: 0
Potential-matches: found candidateGroups count= 1
Added 1 group(s) into potential matches for user 691e3478fa0ca2ee636b1cbd
Found 0 groups with pending join requests from user 691e3478fa0ca2ee636b1cbd
Added 1 group(s) to matches for user 691e3478fa0ca2ee636b1cbd
🔍 DEBUG: Final response breakdown:
  - User matches (accepted): 1
  - Pending matches (individual likes): 0
  - Group matches: 0
  - Available groups: 1
  - Total matches returned: 2
Auth check: {
  reqUserId: '691e3478fa0ca2ee636b1cbd',
  paramsId: '691e3478fa0ca2ee636b1cbd'
}
Loading matches for user: 691e3478fa0ca2ee636b1cbd requested by: 691e3478fa0ca2ee636b1cbd
Finding matches in database...
User disconnected: AWU-0JiGj9XhqopLAAAP User ID: 691e3478fa0ca2ee636b1cbd
Current user: Sam Rodriguez sam@email.com
Swiped user IDs: [ new ObjectId('691e3479fa0ca2ee636b1cc3') ]
Matched user IDs: [ new ObjectId('691e3479fa0ca2ee636b1cc3') ]
All excluded user IDs: [
  new ObjectId('691e3479fa0ca2ee636b1cc3'),
  new ObjectId('691e3479fa0ca2ee636b1cc3')
]
Filter query: {
  "_id": {
    "$ne": "691e3478fa0ca2ee636b1cbd",
    "$nin": [
      "691e3479fa0ca2ee636b1cc3",
      "691e3479fa0ca2ee636b1cc3"
    ]
  },
  "profileStatus": "active",
  "isActive": true,
  "$or": [
    {
      "groupId": {
        "$exists": false
      }
    },
    {
      "groupId": null
    }
  ]
}
Found potential matches: 4
User names: [ 'Steph C', 'Alex Johnson', 'Sam Chen', 'Mike Rodriguez' ]
Returning: 4 matches
Found 1 actual matches
Finding incoming likes...
Loading group conversations for user: 691e3478fa0ca2ee636b1cbd
Potential-matches: found candidateGroups count= 1
Added 1 group(s) into potential matches for user 691e3478fa0ca2ee636b1cbd
User connected: 6uV5iCGCLWP2-33yAAAR User ID: 691e3478fa0ca2ee636b1cbd
User 691e3478fa0ca2ee636b1cbd joined room
Found 1 incoming likes
🔍 DEBUG: Raw incoming likes:
  1. SwipeAction 692e7c8398891f81f7522b94:
     - Swiper: Mike Chen (691e3479fa0ca2ee636b1cc3) - Status: individual
     - Target: 691e3478fa0ca2ee636b1cbd
     - Action: like
     - Created: Mon Dec 01 2025 21:43:31 GMT-0800 (Pacific Standard Time)
     - Swiper in group: NO
Processing pending matches...
✅ Filtering out pending match - already matched: 691e3479fa0ca2ee636b1cc3 <-> 691e3478fa0ca2ee636b1cbd
Created 0 pending matches
🔍 DEBUG: Final pending matches:
Loading group matches...
Current user: Sam Rodriguez groupId: null status: individual
User not in group, returning empty array
Found 0 group matches
Processing group matches...
Returning matches for user: 691e3478fa0ca2ee636b1cbd
Real matches: 1
Pending matches: 0
User 691e3478fa0ca2ee636b1cbd confirmed in room
Found 0 groups with pending join requests from user 691e3478fa0ca2ee636b1cbd
Added 1 group(s) to matches for user 691e3478fa0ca2ee636b1cbd
🔍 DEBUG: Final response breakdown:
  - User matches (accepted): 1
  - Pending matches (individual likes): 0
  - Group matches: 0
  - Available groups: 1
  - Total matches returned: 2
Auth check: {
  reqUserId: '691e3478fa0ca2ee636b1cbd',
  paramsId: '691e3478fa0ca2ee636b1cbd'
}
Current user: Sam Rodriguez sam@email.com
Loading group conversations for user: 691e3478fa0ca2ee636b1cbd
Swiped user IDs: [ new ObjectId('691e3479fa0ca2ee636b1cc3') ]
Current user: Sam Rodriguez groupId: null status: individual
User not in group, returning empty array
Matched user IDs: [ new ObjectId('691e3479fa0ca2ee636b1cc3') ]
All excluded user IDs: [
  new ObjectId('691e3479fa0ca2ee636b1cc3'),
  new ObjectId('691e3479fa0ca2ee636b1cc3')
]
Filter query: {
  "_id": {
    "$ne": "691e3478fa0ca2ee636b1cbd",
    "$nin": [
      "691e3479fa0ca2ee636b1cc3",
      "691e3479fa0ca2ee636b1cc3"
    ]
  },
  "profileStatus": "active",
  "isActive": true,
  "$or": [
    {
      "groupId": {
        "$exists": false
      }
    },
    {
      "groupId": null
    }
  ]
}
Found potential matches: 4
User names: [ 'Steph C', 'Alex Johnson', 'Sam Chen', 'Mike Rodriguez' ]
Returning: 4 matches
Loading group conversations for user: 691e3478fa0ca2ee636b1cbd
Potential-matches: found candidateGroups count= 1
Added 1 group(s) into potential matches for user 691e3478fa0ca2ee636b1cbd
Current user: Sam Rodriguez groupId: null status: individual
User not in group, returning empty array
Loading group conversations for user: 691e3478fa0ca2ee636b1cbd
Loading matches for user: 691e3478fa0ca2ee636b1cbd requested by: 691e3478fa0ca2ee636b1cbd
Finding matches in database...
Current user: Sam Rodriguez groupId: null status: individual
User not in group, returning empty array
Found 1 actual matches
Finding incoming likes...
Loading group conversations for user: 691e3478fa0ca2ee636b1cbd
Current user: Sam Rodriguez groupId: null status: individual
User not in group, returning empty array
Found 1 incoming likes
🔍 DEBUG: Raw incoming likes:
  1. SwipeAction 692e7c8398891f81f7522b94:
     - Swiper: Mike Chen (691e3479fa0ca2ee636b1cc3) - Status: individual
     - Target: 691e3478fa0ca2ee636b1cbd
     - Action: like
     - Created: Mon Dec 01 2025 21:43:31 GMT-0800 (Pacific Standard Time)
     - Swiper in group: NO
Processing pending matches...
✅ Filtering out pending match - already matched: 691e3479fa0ca2ee636b1cc3 <-> 691e3478fa0ca2ee636b1cbd
Created 0 pending matches
🔍 DEBUG: Final pending matches:
Loading group matches...
Found 0 group matches
Processing group matches...
Returning matches for user: 691e3478fa0ca2ee636b1cbd
Real matches: 1
Pending matches: 0
Found 0 groups with pending join requests from user 691e3478fa0ca2ee636b1cbd
Added 1 group(s) to matches for user 691e3478fa0ca2ee636b1cbd
🔍 DEBUG: Final response breakdown:
  - User matches (accepted): 1
  - Pending matches (individual likes): 0
  - Group matches: 0
  - Available groups: 1
  - Total matches returned: 2
Loading group conversations for user: 691e3478fa0ca2ee636b1cbd
Current user: Sam Rodriguez groupId: null status: individual
User not in group, returning empty array
User connected: 4MzYFCR2CPrFypZ0AAAT User ID: 691e3478fa0ca2ee636b1cbd
User 691e3478fa0ca2ee636b1cbd joined room
User 691e3478fa0ca2ee636b1cbd confirmed in room
User connected: naKgKuy8bPQfLDgiAAAV User ID: 691e3478fa0ca2ee636b1cbd
User 691e3478fa0ca2ee636b1cbd joined room
User 691e3478fa0ca2ee636b1cbd confirmed in room
User disconnected: naKgKuy8bPQfLDgiAAAV User ID: 691e3478fa0ca2ee636b1cbd
Auth check: {
  reqUserId: '691e3478fa0ca2ee636b1cbd',
  paramsId: '691e3478fa0ca2ee636b1cbd'
}
Loading matches for user: 691e3478fa0ca2ee636b1cbd requested by: 691e3478fa0ca2ee636b1cbd
Finding matches in database...
Current user: Sam Rodriguez sam@email.com
Swiped user IDs: [ new ObjectId('691e3479fa0ca2ee636b1cc3') ]
Found 1 actual matches
Finding incoming likes...
Matched user IDs: [ new ObjectId('691e3479fa0ca2ee636b1cc3') ]
All excluded user IDs: [
  new ObjectId('691e3479fa0ca2ee636b1cc3'),
  new ObjectId('691e3479fa0ca2ee636b1cc3')
]
Filter query: {
  "_id": {
    "$ne": "691e3478fa0ca2ee636b1cbd",
    "$nin": [
      "691e3479fa0ca2ee636b1cc3",
      "691e3479fa0ca2ee636b1cc3"
    ]
  },
  "profileStatus": "active",
  "isActive": true,
  "$or": [
    {
      "groupId": {
        "$exists": false
      }
    },
    {
      "groupId": null
    }
  ]
}
Found potential matches: 4
User names: [ 'Steph C', 'Alex Johnson', 'Sam Chen', 'Mike Rodriguez' ]
Returning: 4 matches
Potential-matches: found candidateGroups count= 1
Added 1 group(s) into potential matches for user 691e3478fa0ca2ee636b1cbd
Found 1 incoming likes
🔍 DEBUG: Raw incoming likes:
  1. SwipeAction 692e7c8398891f81f7522b94:
     - Swiper: Mike Chen (691e3479fa0ca2ee636b1cc3) - Status: individual
     - Target: 691e3478fa0ca2ee636b1cbd
     - Action: like
     - Created: Mon Dec 01 2025 21:43:31 GMT-0800 (Pacific Standard Time)
     - Swiper in group: NO
Processing pending matches...
✅ Filtering out pending match - already matched: 691e3479fa0ca2ee636b1cc3 <-> 691e3478fa0ca2ee636b1cbd
Created 0 pending matches
🔍 DEBUG: Final pending matches:
Loading group matches...
Found 0 group matches
Processing group matches...
Returning matches for user: 691e3478fa0ca2ee636b1cbd
Real matches: 1
Pending matches: 0
Found 0 groups with pending join requests from user 691e3478fa0ca2ee636b1cbd
Added 1 group(s) to matches for user 691e3478fa0ca2ee636b1cbd
🔍 DEBUG: Final response breakdown:
  - User matches (accepted): 1
  - Pending matches (individual likes): 0
  - Group matches: 0
  - Available groups: 1
  - Total matches returned: 2
Loading matches for user: 691e3478fa0ca2ee636b1cbd requested by: 691e3478fa0ca2ee636b1cbd
Finding matches in database...
User connected: Bb7EqmArcFzLZzUjAAAX User ID: 691e3478fa0ca2ee636b1cbd
User 691e3478fa0ca2ee636b1cbd joined room
Auth check: {
  reqUserId: '691e3478fa0ca2ee636b1cbd',
  paramsId: '691e3478fa0ca2ee636b1cbd'
}
User 691e3478fa0ca2ee636b1cbd confirmed in room
Current user: Sam Rodriguez sam@email.com
Found 1 actual matches
Finding incoming likes...
Swiped user IDs: [ new ObjectId('691e3479fa0ca2ee636b1cc3') ]
Matched user IDs: [ new ObjectId('691e3479fa0ca2ee636b1cc3') ]
All excluded user IDs: [
  new ObjectId('691e3479fa0ca2ee636b1cc3'),
  new ObjectId('691e3479fa0ca2ee636b1cc3')
]
Filter query: {
  "_id": {
    "$ne": "691e3478fa0ca2ee636b1cbd",
    "$nin": [
      "691e3479fa0ca2ee636b1cc3",
      "691e3479fa0ca2ee636b1cc3"
    ]
  },
  "profileStatus": "active",
  "isActive": true,
  "$or": [
    {
      "groupId": {
        "$exists": false
      }
    },
    {
      "groupId": null
    }
  ]
}
Found potential matches: 4
User names: [ 'Steph C', 'Alex Johnson', 'Sam Chen', 'Mike Rodriguez' ]
Returning: 4 matches
Found 1 incoming likes
🔍 DEBUG: Raw incoming likes:
  1. SwipeAction 692e7c8398891f81f7522b94:
     - Swiper: Mike Chen (691e3479fa0ca2ee636b1cc3) - Status: individual
     - Target: 691e3478fa0ca2ee636b1cbd
     - Action: like
     - Created: Mon Dec 01 2025 21:43:31 GMT-0800 (Pacific Standard Time)
     - Swiper in group: NO
Processing pending matches...
✅ Filtering out pending match - already matched: 691e3479fa0ca2ee636b1cc3 <-> 691e3478fa0ca2ee636b1cbd
Created 0 pending matches
🔍 DEBUG: Final pending matches:
Loading group matches...
Potential-matches: found candidateGroups count= 1
Added 1 group(s) into potential matches for user 691e3478fa0ca2ee636b1cbd
Returning conversations for user: 691e3478fa0ca2ee636b1cbd 1
Found 0 group matches
Processing group matches...
Returning matches for user: 691e3478fa0ca2ee636b1cbd
Real matches: 1
Pending matches: 0
Found 0 groups with pending join requests from user 691e3478fa0ca2ee636b1cbd
Added 1 group(s) to matches for user 691e3478fa0ca2ee636b1cbd
🔍 DEBUG: Final response breakdown:
  - User matches (accepted): 1
  - Pending matches (individual likes): 0
  - Group matches: 0
  - Available groups: 1
  - Total matches returned: 2
Processing direct message conversation. UserIds: [ '691e3478fa0ca2ee636b1cbd', '691e3479fa0ca2ee636b1cc3' ]
Request userId: 691e3478fa0ca2ee636b1cbd
Creating ObjectId query for userIds: [ '691e3478fa0ca2ee636b1cbd', '691e3479fa0ca2ee636b1cc3' ]
ObjectId query created successfully
Message query: {
  "$and": [
    {
      "groupId": null
    },
    {
      "$or": [
        {
          "senderId": "691e3478fa0ca2ee636b1cbd",
          "receiverId": "691e3479fa0ca2ee636b1cc3"
        },
        {
          "senderId": "691e3479fa0ca2ee636b1cc3",
          "receiverId": "691e3478fa0ca2ee636b1cbd"
        }
      ]
    }
  ]
}
Actual query with ObjectIds: { '$and': [ { groupId: null }, { '$or': [Array] } ] }
Sample messages in database: [
  {
    id: new ObjectId('692e70e776d7d3fad3b3e132'),
    senderId: null,
    receiverId: undefined,
    content: 'Jordan Lee has joined the group chat'
  },
  {
    id: new ObjectId('692e755f76d7d3fad3b3e730'),
    senderId: new ObjectId('691e3478fa0ca2ee636b1cb6'),
    receiverId: null,
    content: 'hey!'
  },
  {
    id: new ObjectId('692e77c40b21529b30d932ec'),
    senderId: null,
    receiverId: undefined,
    content: 'Sam Rodriguez has joined the group chat'
  },
  {
    id: new ObjectId('692e77e70b21529b30d933fb'),
    senderId: null,
    receiverId: undefined,
    content: 'Sam Rodriguez has left the group chat'
  }
]
Simple query returned 0 messages
Null groupId query returned 0 messages
Query returned 0 messages for conversation: 691e3478fa0ca2ee636b1cbd_691e3479fa0ca2ee636b1cc3
Creating group for: Mike Chen and Sam Rodriguez
Saving group with data: {
  name: 'Mike Chen & Sam Rodriguez',
  memberIds: [
    new ObjectId('691e3479fa0ca2ee636b1cc3'),
    new ObjectId('691e3478fa0ca2ee636b1cbd')
  ],
  preferences: {
    minAge: 23,
    maxAge: 35,
    preferredGender: [ 'male' ],
    maxRent: 1200,
    cleanlinessLevel: 3,
    noiseTolerance: 4,
    petFriendly: true,
    smokingAllowed: false,
    location: { city: 'Oakland', state: 'CA', zipCode: '94612', coordinates: {} }
  },
  photos: [
    'https://images.unsplash.com/photo-1506794778202-cad84cf45f1d?w=400',
    'https://images.unsplash.com/photo-1499996860823-5214fcc65f8f?w=400',
    'https://images.unsplash.com/photo-1494790108377-be9c29b29330?w=400',
    'https://images.unsplash.com/photo-1438761681033-6461ffad8d80?w=400'
  ]
}
Group saved successfully with ID: new ObjectId('692e7c9b98891f81f7522c79')
Updated matches to reference new group for members: [ '691e3479fa0ca2ee636b1cc3', '691e3478fa0ca2ee636b1cbd' ]
Updating users to in_group status: {
  requester: new ObjectId('691e3479fa0ca2ee636b1cc3'),
  recipient: new ObjectId('691e3478fa0ca2ee636b1cbd'),
  groupId: new ObjectId('692e7c9b98891f81f7522c79')
}
Users updated successfully to in_group status
User disconnected: Bb7EqmArcFzLZzUjAAAX User ID: 691e3478fa0ca2ee636b1cbd
User disconnected: 4MzYFCR2CPrFypZ0AAAT User ID: 691e3478fa0ca2ee636b1cbd
User disconnected: 6uV5iCGCLWP2-33yAAAR User ID: 691e3478fa0ca2ee636b1cbd
User disconnected: rHSZK2ChG0mhJRIsAAAH User ID: 691e3478fa0ca2ee636b1cbd
Auth check: {
  reqUserId: '691e3478fa0ca2ee636b1cbd',
  paramsId: '691e3478fa0ca2ee636b1cbd'
}
Current user: Sam Rodriguez sam@email.com
Swiped user IDs: [ new ObjectId('691e3479fa0ca2ee636b1cc3') ]
Matched user IDs: [ new ObjectId('691e3479fa0ca2ee636b1cc3') ]
All excluded user IDs: [
  new ObjectId('691e3479fa0ca2ee636b1cc3'),
  new ObjectId('691e3479fa0ca2ee636b1cc3')
]
Filter query: {
  "_id": {
    "$ne": "691e3478fa0ca2ee636b1cbd",
    "$nin": [
      "691e3479fa0ca2ee636b1cc3",
      "691e3479fa0ca2ee636b1cc3"
    ]
  },
  "profileStatus": "active",
  "isActive": true,
  "$or": [
    {
      "groupId": {
        "$exists": false
      }
    },
    {
      "groupId": null
    }
  ]
}
Found potential matches: 4
User names: [ 'Steph C', 'Alex Johnson', 'Sam Chen', 'Mike Rodriguez' ]
Returning: 4 matches
Potential-matches: found candidateGroups count= 1
Added 1 group(s) into potential matches for user 691e3478fa0ca2ee636b1cbd
User connected: _TjBPdV6d_Ri3R8VAAAZ User ID: 691e3478fa0ca2ee636b1cbd
User 691e3478fa0ca2ee636b1cbd joined room
User 691e3478fa0ca2ee636b1cbd confirmed in room
Loading matches for user: 691e3478fa0ca2ee636b1cbd requested by: 691e3478fa0ca2ee636b1cbd
Finding matches in database...
Found 1 actual matches
Finding incoming likes...
Found 1 incoming likes
🔍 DEBUG: Raw incoming likes:
  1. SwipeAction 692e7c8398891f81f7522b94:
     - Swiper: Mike Chen (691e3479fa0ca2ee636b1cc3) - Status: in_group
     - Target: 691e3478fa0ca2ee636b1cbd
     - Action: like
     - Created: Mon Dec 01 2025 21:43:31 GMT-0800 (Pacific Standard Time)
     - Swiper in group: YES
Processing pending matches...
✅ Filtering out pending match - already matched: 691e3479fa0ca2ee636b1cc3 <-> 691e3478fa0ca2ee636b1cbd
Created 0 pending matches
🔍 DEBUG: Final pending matches:
Loading group matches...
Found 0 group matches
Processing group matches...
Returning matches for user: 691e3478fa0ca2ee636b1cbd
Real matches: 1
Pending matches: 0
Found 0 groups with pending join requests from user 691e3478fa0ca2ee636b1cbd
Added 1 group(s) to matches for user 691e3478fa0ca2ee636b1cbd
🔍 DEBUG: Final response breakdown:
  - User matches (accepted): 1
  - Pending matches (individual likes): 0
  - Group matches: 0
  - Available groups: 1
  - Total matches returned: 2
Auth check: {
  reqUserId: '691e3478fa0ca2ee636b1cbd',
  paramsId: '691e3478fa0ca2ee636b1cbd'
}
Loading matches for user: 691e3478fa0ca2ee636b1cbd requested by: 691e3478fa0ca2ee636b1cbd
Finding matches in database...
Current user: Sam Rodriguez sam@email.com
Swiped user IDs: [ new ObjectId('691e3479fa0ca2ee636b1cc3') ]
Matched user IDs: [ new ObjectId('691e3479fa0ca2ee636b1cc3') ]
All excluded user IDs: [
  new ObjectId('691e3479fa0ca2ee636b1cc3'),
  new ObjectId('691e3479fa0ca2ee636b1cc3')
]
Filter query: {
  "_id": {
    "$ne": "691e3478fa0ca2ee636b1cbd",
    "$nin": [
      "691e3479fa0ca2ee636b1cc3",
      "691e3479fa0ca2ee636b1cc3"
    ]
  },
  "profileStatus": "active",
  "isActive": true,
  "$or": [
    {
      "groupId": {
        "$exists": false
      }
    },
    {
      "groupId": null
    }
  ]
}
Found potential matches: 4
User names: [ 'Steph C', 'Alex Johnson', 'Sam Chen', 'Mike Rodriguez' ]
Returning: 4 matches
Found 1 actual matches
Finding incoming likes...
Potential-matches: found candidateGroups count= 1
Added 1 group(s) into potential matches for user 691e3478fa0ca2ee636b1cbd
Found 1 incoming likes
🔍 DEBUG: Raw incoming likes:
  1. SwipeAction 692e7c8398891f81f7522b94:
     - Swiper: Mike Chen (691e3479fa0ca2ee636b1cc3) - Status: in_group
     - Target: 691e3478fa0ca2ee636b1cbd
     - Action: like
     - Created: Mon Dec 01 2025 21:43:31 GMT-0800 (Pacific Standard Time)
     - Swiper in group: YES
Processing pending matches...
✅ Filtering out pending match - already matched: 691e3479fa0ca2ee636b1cc3 <-> 691e3478fa0ca2ee636b1cbd
Created 0 pending matches
🔍 DEBUG: Final pending matches:
Loading group matches...
Found 0 group matches
Processing group matches...
Returning matches for user: 691e3478fa0ca2ee636b1cbd
Real matches: 1
Pending matches: 0
Found 0 groups with pending join requests from user 691e3478fa0ca2ee636b1cbd
Added 1 group(s) to matches for user 691e3478fa0ca2ee636b1cbd
🔍 DEBUG: Final response breakdown:
  - User matches (accepted): 1
  - Pending matches (individual likes): 0
  - Group matches: 0
  - Available groups: 1
  - Total matches returned: 2
Auth check: {
  reqUserId: '691e3478fa0ca2ee636b1cbd',
  paramsId: '691e3478fa0ca2ee636b1cbd'
}
User disconnected: _TjBPdV6d_Ri3R8VAAAZ User ID: 691e3478fa0ca2ee636b1cbd
Current user: Sam Rodriguez sam@email.com
Loading matches for user: 691e3478fa0ca2ee636b1cbd requested by: 691e3478fa0ca2ee636b1cbd
Finding matches in database...
Swiped user IDs: [ new ObjectId('691e3479fa0ca2ee636b1cc3') ]
Loading group conversations for user: 691e3478fa0ca2ee636b1cbd
Matched user IDs: [ new ObjectId('691e3479fa0ca2ee636b1cc3') ]
All excluded user IDs: [
  new ObjectId('691e3479fa0ca2ee636b1cc3'),
  new ObjectId('691e3479fa0ca2ee636b1cc3')
]
Filter query: {
  "_id": {
    "$ne": "691e3478fa0ca2ee636b1cbd",
    "$nin": [
      "691e3479fa0ca2ee636b1cc3",
      "691e3479fa0ca2ee636b1cc3"
    ]
  },
  "profileStatus": "active",
  "isActive": true,
  "$or": [
    {
      "groupId": {
        "$exists": false
      }
    },
    {
      "groupId": null
    }
  ]
}
Found 1 actual matches
Finding incoming likes...
User connected: L5fkbUXz6rNk3FJpAAAb User ID: 691e3478fa0ca2ee636b1cbd
User 691e3478fa0ca2ee636b1cbd joined room
Found potential matches: 4
User names: [ 'Steph C', 'Alex Johnson', 'Sam Chen', 'Mike Rodriguez' ]
Returning: 4 matches
Potential-matches: found candidateGroups count= 1
Added 1 group(s) into potential matches for user 691e3478fa0ca2ee636b1cbd
Current user: Sam Rodriguez groupId: {
  preferences: {
    location: { city: 'Oakland', state: 'CA', zipCode: '94612' },
    minAge: 23,
    maxAge: 35,
    preferredGender: [ 'male' ],
    maxRent: 1200,
    cleanlinessLevel: 3,
    noiseTolerance: 4,
    petFriendly: true,
    smokingAllowed: false
  },
  _id: new ObjectId('692e7c9b98891f81f7522c79'),
  name: 'Mike Chen & Sam Rodriguez',
  description: 'Group formed by Mike Chen and Sam Rodriguez',
  memberIds: [
    new ObjectId('691e3479fa0ca2ee636b1cc3'),
    new ObjectId('691e3478fa0ca2ee636b1cbd')
  ],
  photos: [
    'https://images.unsplash.com/photo-1506794778202-cad84cf45f1d?w=400',
    'https://images.unsplash.com/photo-1499996860823-5214fcc65f8f?w=400',
    'https://images.unsplash.com/photo-1494790108377-be9c29b29330?w=400',
    'https://images.unsplash.com/photo-1438761681033-6461ffad8d80?w=400'
  ],
  isActive: true,
  maxMembers: 8,
  target_status: 'not_full',
  group_status: 'active',
  pendingVotes: Map(0) {},
  createdAt: 2025-12-02T05:43:55.954Z,
  updatedAt: 2025-12-02T05:43:55.954Z,
  inviteCode: 'DWJK0WMS',
  __v: 0
} status: in_group
User 691e3478fa0ca2ee636b1cbd confirmed in room
Found 1 incoming likes
🔍 DEBUG: Raw incoming likes:
  1. SwipeAction 692e7c8398891f81f7522b94:
     - Swiper: Mike Chen (691e3479fa0ca2ee636b1cc3) - Status: in_group
     - Target: 691e3478fa0ca2ee636b1cbd
     - Action: like
     - Created: Mon Dec 01 2025 21:43:31 GMT-0800 (Pacific Standard Time)
     - Swiper in group: YES
Processing pending matches...
✅ Filtering out pending match - already matched: 691e3479fa0ca2ee636b1cc3 <-> 691e3478fa0ca2ee636b1cbd
Created 0 pending matches
🔍 DEBUG: Final pending matches:
Loading group matches...
Found group: Mike Chen & Sam Rodriguez with members: [ 'Mike Chen', 'Sam Rodriguez' ]
Found 0 group matches
Processing group matches...
Returning matches for user: 691e3478fa0ca2ee636b1cbd
Real matches: 1
Pending matches: 0
Returning group conversation: {
  id: 'group_692e7c9b98891f81f7522c79',
  groupId: new ObjectId('692e7c9b98891f81f7522c79'),
  groupName: 'Mike Chen & Sam Rodriguez',
  members: [
    {
      id: new ObjectId('691e3479fa0ca2ee636b1cc3'),
      name: 'Mike Chen',
      photo: 'https://images.unsplash.com/photo-1506794778202-cad84cf45f1d?w=400',
      email: 'mike@email.com'
    },
    {
      id: new ObjectId('691e3478fa0ca2ee636b1cbd'),
      name: 'Sam Rodriguez',
      photo: 'https://images.unsplash.com/photo-1494790108377-be9c29b29330?w=400',
      email: 'sam@email.com'
    }
  ],
  lastMessage: null,
  updatedAt: 2025-12-02T05:43:55.954Z,
  isGroup: true,
  maxMembers: 8
}
Auth check: {
  reqUserId: '691e3478fa0ca2ee636b1cbd',
  paramsId: '691e3478fa0ca2ee636b1cbd'
}
Found 0 groups with pending join requests from user 691e3478fa0ca2ee636b1cbd
Added 1 group(s) to matches for user 691e3478fa0ca2ee636b1cbd
🔍 DEBUG: Final response breakdown:
  - User matches (accepted): 1
  - Pending matches (individual likes): 0
  - Group matches: 0
  - Available groups: 1
  - Total matches returned: 2
Current user: Sam Rodriguez sam@email.com
Swiped user IDs: [ new ObjectId('691e3479fa0ca2ee636b1cc3') ]
Loading group conversations for user: 691e3478fa0ca2ee636b1cbd
Matched user IDs: [ new ObjectId('691e3479fa0ca2ee636b1cc3') ]
All excluded user IDs: [
  new ObjectId('691e3479fa0ca2ee636b1cc3'),
  new ObjectId('691e3479fa0ca2ee636b1cc3')
]
Filter query: {
  "_id": {
    "$ne": "691e3478fa0ca2ee636b1cbd",
    "$nin": [
      "691e3479fa0ca2ee636b1cc3",
      "691e3479fa0ca2ee636b1cc3"
    ]
  },
  "profileStatus": "active",
  "isActive": true,
  "$or": [
    {
      "groupId": {
        "$exists": false
      }
    },
    {
      "groupId": null
    }
  ]
}
Found potential matches: 4
User names: [ 'Steph C', 'Alex Johnson', 'Sam Chen', 'Mike Rodriguez' ]
Returning: 4 matches
Potential-matches: found candidateGroups count= 1
Added 1 group(s) into potential matches for user 691e3478fa0ca2ee636b1cbd
Current user: Sam Rodriguez groupId: {
  preferences: {
    location: { city: 'Oakland', state: 'CA', zipCode: '94612' },
    minAge: 23,
    maxAge: 35,
    preferredGender: [ 'male' ],
    maxRent: 1200,
    cleanlinessLevel: 3,
    noiseTolerance: 4,
    petFriendly: true,
    smokingAllowed: false
  },
  _id: new ObjectId('692e7c9b98891f81f7522c79'),
  name: 'Mike Chen & Sam Rodriguez',
  description: 'Group formed by Mike Chen and Sam Rodriguez',
  memberIds: [
    new ObjectId('691e3479fa0ca2ee636b1cc3'),
    new ObjectId('691e3478fa0ca2ee636b1cbd')
  ],
  photos: [
    'https://images.unsplash.com/photo-1506794778202-cad84cf45f1d?w=400',
    'https://images.unsplash.com/photo-1499996860823-5214fcc65f8f?w=400',
    'https://images.unsplash.com/photo-1494790108377-be9c29b29330?w=400',
    'https://images.unsplash.com/photo-1438761681033-6461ffad8d80?w=400'
  ],
  isActive: true,
  maxMembers: 8,
  target_status: 'not_full',
  group_status: 'active',
  pendingVotes: Map(0) {},
  createdAt: 2025-12-02T05:43:55.954Z,
  updatedAt: 2025-12-02T05:43:55.954Z,
  inviteCode: 'DWJK0WMS',
  __v: 0
} status: in_group
Found group: Mike Chen & Sam Rodriguez with members: [ 'Mike Chen', 'Sam Rodriguez' ]
Loading matches for user: 691e3478fa0ca2ee636b1cbd requested by: 691e3478fa0ca2ee636b1cbd
Finding matches in database...
Returning group conversation: {
  id: 'group_692e7c9b98891f81f7522c79',
  groupId: new ObjectId('692e7c9b98891f81f7522c79'),
  groupName: 'Mike Chen & Sam Rodriguez',
  members: [
    {
      id: new ObjectId('691e3479fa0ca2ee636b1cc3'),
      name: 'Mike Chen',
      photo: 'https://images.unsplash.com/photo-1506794778202-cad84cf45f1d?w=400',
      email: 'mike@email.com'
    },
    {
      id: new ObjectId('691e3478fa0ca2ee636b1cbd'),
      name: 'Sam Rodriguez',
      photo: 'https://images.unsplash.com/photo-1494790108377-be9c29b29330?w=400',
      email: 'sam@email.com'
    }
  ],
  lastMessage: null,
  updatedAt: 2025-12-02T05:43:55.954Z,
  isGroup: true,
  maxMembers: 8
}
Found 1 actual matches
Finding incoming likes...
Loading group conversations for user: 691e3478fa0ca2ee636b1cbd
Found 1 incoming likes
🔍 DEBUG: Raw incoming likes:
  1. SwipeAction 692e7c8398891f81f7522b94:
     - Swiper: Mike Chen (691e3479fa0ca2ee636b1cc3) - Status: in_group
     - Target: 691e3478fa0ca2ee636b1cbd
     - Action: like
     - Created: Mon Dec 01 2025 21:43:31 GMT-0800 (Pacific Standard Time)
     - Swiper in group: YES
Processing pending matches...
✅ Filtering out pending match - already matched: 691e3479fa0ca2ee636b1cc3 <-> 691e3478fa0ca2ee636b1cbd
Created 0 pending matches
🔍 DEBUG: Final pending matches:
Loading group matches...
Found 0 group matches
Processing group matches...
Returning matches for user: 691e3478fa0ca2ee636b1cbd
Real matches: 1
Pending matches: 0
Found 0 groups with pending join requests from user 691e3478fa0ca2ee636b1cbd
Current user: Sam Rodriguez groupId: {
  preferences: {
    location: { city: 'Oakland', state: 'CA', zipCode: '94612' },
    minAge: 23,
    maxAge: 35,
    preferredGender: [ 'male' ],
    maxRent: 1200,
    cleanlinessLevel: 3,
    noiseTolerance: 4,
    petFriendly: true,
    smokingAllowed: false
  },
  _id: new ObjectId('692e7c9b98891f81f7522c79'),
  name: 'Mike Chen & Sam Rodriguez',
  description: 'Group formed by Mike Chen and Sam Rodriguez',
  memberIds: [
    new ObjectId('691e3479fa0ca2ee636b1cc3'),
    new ObjectId('691e3478fa0ca2ee636b1cbd')
  ],
  photos: [
    'https://images.unsplash.com/photo-1506794778202-cad84cf45f1d?w=400',
    'https://images.unsplash.com/photo-1499996860823-5214fcc65f8f?w=400',
    'https://images.unsplash.com/photo-1494790108377-be9c29b29330?w=400',
    'https://images.unsplash.com/photo-1438761681033-6461ffad8d80?w=400'
  ],
  isActive: true,
  maxMembers: 8,
  target_status: 'not_full',
  group_status: 'active',
  pendingVotes: Map(0) {},
  createdAt: 2025-12-02T05:43:55.954Z,
  updatedAt: 2025-12-02T05:43:55.954Z,
  inviteCode: 'DWJK0WMS',
  __v: 0
} status: in_group
Added 1 group(s) to matches for user 691e3478fa0ca2ee636b1cbd
🔍 DEBUG: Final response breakdown:
  - User matches (accepted): 1
  - Pending matches (individual likes): 0
  - Group matches: 0
  - Available groups: 1
  - Total matches returned: 2
Found group: Mike Chen & Sam Rodriguez with members: [ 'Mike Chen', 'Sam Rodriguez' ]
Returning group conversation: {
  id: 'group_692e7c9b98891f81f7522c79',
  groupId: new ObjectId('692e7c9b98891f81f7522c79'),
  groupName: 'Mike Chen & Sam Rodriguez',
  members: [
    {
      id: new ObjectId('691e3479fa0ca2ee636b1cc3'),
      name: 'Mike Chen',
      photo: 'https://images.unsplash.com/photo-1506794778202-cad84cf45f1d?w=400',
      email: 'mike@email.com'
    },
    {
      id: new ObjectId('691e3478fa0ca2ee636b1cbd'),
      name: 'Sam Rodriguez',
      photo: 'https://images.unsplash.com/photo-1494790108377-be9c29b29330?w=400',
      email: 'sam@email.com'
    }
  ],
  lastMessage: null,
  updatedAt: 2025-12-02T05:43:55.954Z,
  isGroup: true,
  maxMembers: 8
}
Loading group conversations for user: 691e3478fa0ca2ee636b1cbd
Current user: Sam Rodriguez groupId: {
  preferences: {
    location: { city: 'Oakland', state: 'CA', zipCode: '94612' },
    minAge: 23,
    maxAge: 35,
    preferredGender: [ 'male' ],
    maxRent: 1200,
    cleanlinessLevel: 3,
    noiseTolerance: 4,
    petFriendly: true,
    smokingAllowed: false
  },
  _id: new ObjectId('692e7c9b98891f81f7522c79'),
  name: 'Mike Chen & Sam Rodriguez',
  description: 'Group formed by Mike Chen and Sam Rodriguez',
  memberIds: [
    new ObjectId('691e3479fa0ca2ee636b1cc3'),
    new ObjectId('691e3478fa0ca2ee636b1cbd')
  ],
  photos: [
    'https://images.unsplash.com/photo-1506794778202-cad84cf45f1d?w=400',
    'https://images.unsplash.com/photo-1499996860823-5214fcc65f8f?w=400',
    'https://images.unsplash.com/photo-1494790108377-be9c29b29330?w=400',
    'https://images.unsplash.com/photo-1438761681033-6461ffad8d80?w=400'
  ],
  isActive: true,
  maxMembers: 8,
  target_status: 'not_full',
  group_status: 'active',
  pendingVotes: Map(0) {},
  createdAt: 2025-12-02T05:43:55.954Z,
  updatedAt: 2025-12-02T05:43:55.954Z,
  inviteCode: 'DWJK0WMS',
  __v: 0
} status: in_group
Found group: Mike Chen & Sam Rodriguez with members: [ 'Mike Chen', 'Sam Rodriguez' ]
Returning group conversation: {
  id: 'group_692e7c9b98891f81f7522c79',
  groupId: new ObjectId('692e7c9b98891f81f7522c79'),
  groupName: 'Mike Chen & Sam Rodriguez',
  members: [
    {
      id: new ObjectId('691e3479fa0ca2ee636b1cc3'),
      name: 'Mike Chen',
      photo: 'https://images.unsplash.com/photo-1506794778202-cad84cf45f1d?w=400',
      email: 'mike@email.com'
    },
    {
      id: new ObjectId('691e3478fa0ca2ee636b1cbd'),
      name: 'Sam Rodriguez',
      photo: 'https://images.unsplash.com/photo-1494790108377-be9c29b29330?w=400',
      email: 'sam@email.com'
    }
  ],
  lastMessage: null,
  updatedAt: 2025-12-02T05:43:55.954Z,
  isGroup: true,
  maxMembers: 8
}
Loading group conversations for user: 691e3478fa0ca2ee636b1cbd
Current user: Sam Rodriguez groupId: {
  preferences: {
    location: { city: 'Oakland', state: 'CA', zipCode: '94612' },
    minAge: 23,
    maxAge: 35,
    preferredGender: [ 'male' ],
    maxRent: 1200,
    cleanlinessLevel: 3,
    noiseTolerance: 4,
    petFriendly: true,
    smokingAllowed: false
  },
  _id: new ObjectId('692e7c9b98891f81f7522c79'),
  name: 'Mike Chen & Sam Rodriguez',
  description: 'Group formed by Mike Chen and Sam Rodriguez',
  memberIds: [
    new ObjectId('691e3479fa0ca2ee636b1cc3'),
    new ObjectId('691e3478fa0ca2ee636b1cbd')
  ],
  photos: [
    'https://images.unsplash.com/photo-1506794778202-cad84cf45f1d?w=400',
    'https://images.unsplash.com/photo-1499996860823-5214fcc65f8f?w=400',
    'https://images.unsplash.com/photo-1494790108377-be9c29b29330?w=400',
    'https://images.unsplash.com/photo-1438761681033-6461ffad8d80?w=400'
  ],
  isActive: true,
  maxMembers: 8,
  target_status: 'not_full',
  group_status: 'active',
  pendingVotes: Map(0) {},
  createdAt: 2025-12-02T05:43:55.954Z,
  updatedAt: 2025-12-02T05:43:55.954Z,
  inviteCode: 'DWJK0WMS',
  __v: 0
} status: in_group
Found group: Mike Chen & Sam Rodriguez with members: [ 'Mike Chen', 'Sam Rodriguez' ]
Returning group conversation: {
  id: 'group_692e7c9b98891f81f7522c79',
  groupId: new ObjectId('692e7c9b98891f81f7522c79'),
  groupName: 'Mike Chen & Sam Rodriguez',
  members: [
    {
      id: new ObjectId('691e3479fa0ca2ee636b1cc3'),
      name: 'Mike Chen',
      photo: 'https://images.unsplash.com/photo-1506794778202-cad84cf45f1d?w=400',
      email: 'mike@email.com'
    },
    {
      id: new ObjectId('691e3478fa0ca2ee636b1cbd'),
      name: 'Sam Rodriguez',
      photo: 'https://images.unsplash.com/photo-1494790108377-be9c29b29330?w=400',
      email: 'sam@email.com'
    }
  ],
  lastMessage: null,
  updatedAt: 2025-12-02T05:43:55.954Z,
  isGroup: true,
  maxMembers: 8
}
Loading group conversations for user: 691e3478fa0ca2ee636b1cbd
Current user: Sam Rodriguez groupId: {
  preferences: {
    location: { city: 'Oakland', state: 'CA', zipCode: '94612' },
    minAge: 23,
    maxAge: 35,
    preferredGender: [ 'male' ],
    maxRent: 1200,
    cleanlinessLevel: 3,
    noiseTolerance: 4,
    petFriendly: true,
    smokingAllowed: false
  },
  _id: new ObjectId('692e7c9b98891f81f7522c79'),
  name: 'Mike Chen & Sam Rodriguez',
  description: 'Group formed by Mike Chen and Sam Rodriguez',
  memberIds: [
    new ObjectId('691e3479fa0ca2ee636b1cc3'),
    new ObjectId('691e3478fa0ca2ee636b1cbd')
  ],
  photos: [
    'https://images.unsplash.com/photo-1506794778202-cad84cf45f1d?w=400',
    'https://images.unsplash.com/photo-1499996860823-5214fcc65f8f?w=400',
    'https://images.unsplash.com/photo-1494790108377-be9c29b29330?w=400',
    'https://images.unsplash.com/photo-1438761681033-6461ffad8d80?w=400'
  ],
  isActive: true,
  maxMembers: 8,
  target_status: 'not_full',
  group_status: 'active',
  pendingVotes: Map(0) {},
  createdAt: 2025-12-02T05:43:55.954Z,
  updatedAt: 2025-12-02T05:43:55.954Z,
  inviteCode: 'DWJK0WMS',
  __v: 0
} status: in_group
Found group: Mike Chen & Sam Rodriguez with members: [ 'Mike Chen', 'Sam Rodriguez' ]
Returning group conversation: {
  id: 'group_692e7c9b98891f81f7522c79',
  groupId: new ObjectId('692e7c9b98891f81f7522c79'),
  groupName: 'Mike Chen & Sam Rodriguez',
  members: [
    {
      id: new ObjectId('691e3479fa0ca2ee636b1cc3'),
      name: 'Mike Chen',
      photo: 'https://images.unsplash.com/photo-1506794778202-cad84cf45f1d?w=400',
      email: 'mike@email.com'
    },
    {
      id: new ObjectId('691e3478fa0ca2ee636b1cbd'),
      name: 'Sam Rodriguez',
      photo: 'https://images.unsplash.com/photo-1494790108377-be9c29b29330?w=400',
      email: 'sam@email.com'
    }
  ],
  lastMessage: null,
  updatedAt: 2025-12-02T05:43:55.954Z,
  isGroup: true,
  maxMembers: 8
}
Loading group conversations for user: 691e3478fa0ca2ee636b1cbd
Current user: Sam Rodriguez groupId: {
  preferences: {
    location: { city: 'Oakland', state: 'CA', zipCode: '94612' },
    minAge: 23,
    maxAge: 35,
    preferredGender: [ 'male' ],
    maxRent: 1200,
    cleanlinessLevel: 3,
    noiseTolerance: 4,
    petFriendly: true,
    smokingAllowed: false
  },
  _id: new ObjectId('692e7c9b98891f81f7522c79'),
  name: 'Mike Chen & Sam Rodriguez',
  description: 'Group formed by Mike Chen and Sam Rodriguez',
  memberIds: [
    new ObjectId('691e3479fa0ca2ee636b1cc3'),
    new ObjectId('691e3478fa0ca2ee636b1cbd')
  ],
  photos: [
    'https://images.unsplash.com/photo-1506794778202-cad84cf45f1d?w=400',
    'https://images.unsplash.com/photo-1499996860823-5214fcc65f8f?w=400',
    'https://images.unsplash.com/photo-1494790108377-be9c29b29330?w=400',
    'https://images.unsplash.com/photo-1438761681033-6461ffad8d80?w=400'
  ],
  isActive: true,
  maxMembers: 8,
  target_status: 'not_full',
  group_status: 'active',
  pendingVotes: Map(0) {},
  createdAt: 2025-12-02T05:43:55.954Z,
  updatedAt: 2025-12-02T05:43:55.954Z,
  inviteCode: 'DWJK0WMS',
  __v: 0
} status: in_group
Found group: Mike Chen & Sam Rodriguez with members: [ 'Mike Chen', 'Sam Rodriguez' ]
Returning group conversation: {
  id: 'group_692e7c9b98891f81f7522c79',
  groupId: new ObjectId('692e7c9b98891f81f7522c79'),
  groupName: 'Mike Chen & Sam Rodriguez',
  members: [
    {
      id: new ObjectId('691e3479fa0ca2ee636b1cc3'),
      name: 'Mike Chen',
      photo: 'https://images.unsplash.com/photo-1506794778202-cad84cf45f1d?w=400',
      email: 'mike@email.com'
    },
    {
      id: new ObjectId('691e3478fa0ca2ee636b1cbd'),
      name: 'Sam Rodriguez',
      photo: 'https://images.unsplash.com/photo-1494790108377-be9c29b29330?w=400',
      email: 'sam@email.com'
    }
  ],
  lastMessage: null,
  updatedAt: 2025-12-02T05:43:55.954Z,
  isGroup: true,
  maxMembers: 8
}
User connected: wbGtvKjTpQEPu6E-AAAd User ID: 691e3478fa0ca2ee636b1cbd
User 691e3478fa0ca2ee636b1cbd joined room
User 691e3478fa0ca2ee636b1cbd confirmed in room
User disconnected: wbGtvKjTpQEPu6E-AAAd User ID: 691e3478fa0ca2ee636b1cbd
Auth check: {
  reqUserId: '691e3478fa0ca2ee636b1cbd',
  paramsId: '691e3478fa0ca2ee636b1cbd'
}
Loading matches for user: 691e3478fa0ca2ee636b1cbd requested by: 691e3478fa0ca2ee636b1cbd
Finding matches in database...
Current user: Sam Rodriguez sam@email.com
Swiped user IDs: [ new ObjectId('691e3479fa0ca2ee636b1cc3') ]
Matched user IDs: [ new ObjectId('691e3479fa0ca2ee636b1cc3') ]
All excluded user IDs: [
  new ObjectId('691e3479fa0ca2ee636b1cc3'),
  new ObjectId('691e3479fa0ca2ee636b1cc3')
]
Filter query: {
  "_id": {
    "$ne": "691e3478fa0ca2ee636b1cbd",
    "$nin": [
      "691e3479fa0ca2ee636b1cc3",
      "691e3479fa0ca2ee636b1cc3"
    ]
  },
  "profileStatus": "active",
  "isActive": true,
  "$or": [
    {
      "groupId": {
        "$exists": false
      }
    },
    {
      "groupId": null
    }
  ]
}
Found potential matches: 4
User names: [ 'Steph C', 'Alex Johnson', 'Sam Chen', 'Mike Rodriguez' ]
Returning: 4 matches
Found 1 actual matches
Finding incoming likes...
Potential-matches: found candidateGroups count= 1
Added 1 group(s) into potential matches for user 691e3478fa0ca2ee636b1cbd
Found 1 incoming likes
🔍 DEBUG: Raw incoming likes:
  1. SwipeAction 692e7c8398891f81f7522b94:
     - Swiper: Mike Chen (691e3479fa0ca2ee636b1cc3) - Status: in_group
     - Target: 691e3478fa0ca2ee636b1cbd
     - Action: like
     - Created: Mon Dec 01 2025 21:43:31 GMT-0800 (Pacific Standard Time)
     - Swiper in group: YES
Processing pending matches...
✅ Filtering out pending match - already matched: 691e3479fa0ca2ee636b1cc3 <-> 691e3478fa0ca2ee636b1cbd
Created 0 pending matches
🔍 DEBUG: Final pending matches:
Loading group matches...
Found 0 group matches
Processing group matches...
Returning matches for user: 691e3478fa0ca2ee636b1cbd
Real matches: 1
Pending matches: 0
Found 0 groups with pending join requests from user 691e3478fa0ca2ee636b1cbd
Added 1 group(s) to matches for user 691e3478fa0ca2ee636b1cbd
🔍 DEBUG: Final response breakdown:
  - User matches (accepted): 1
  - Pending matches (individual likes): 0
  - Group matches: 0
  - Available groups: 1
  - Total matches returned: 2
User disconnected: L5fkbUXz6rNk3FJpAAAb User ID: 691e3478fa0ca2ee636b1cbd
Auth check: {
  reqUserId: '691e3479fa0ca2ee636b1cc0',
  paramsId: '691e3479fa0ca2ee636b1cc0'
}
User connected: WrVdwwJaoS5Jhc86AAAf User ID: 691e3479fa0ca2ee636b1cc0
User 691e3479fa0ca2ee636b1cc0 joined room
Current user: Jordan Lee jordan@email.com
User 691e3479fa0ca2ee636b1cc0 confirmed in room
Swiped user IDs: []
Matched user IDs: []
All excluded user IDs: []
Filter query: {
  "_id": {
    "$ne": "691e3479fa0ca2ee636b1cc0",
    "$nin": []
  },
  "profileStatus": "active",
  "isActive": true,
  "$or": [
    {
      "groupId": {
        "$exists": false
      }
    },
    {
      "groupId": null
    }
  ]
}
Found potential matches: 4
User names: [ 'Steph C', 'Alex Johnson', 'Sam Chen', 'Mike Rodriguez' ]
Returning: 4 matches
Potential-matches: found candidateGroups count= 2
Added 2 group(s) into potential matches for user 691e3479fa0ca2ee636b1cc0
Loading matches for user: 691e3479fa0ca2ee636b1cc0 requested by: 691e3479fa0ca2ee636b1cc0
Finding matches in database...
Found 0 actual matches
Finding incoming likes...
Found 0 incoming likes
🔍 DEBUG: Raw incoming likes:
Processing pending matches...
Created 0 pending matches
🔍 DEBUG: Final pending matches:
Loading group matches...
Found 0 group matches
Processing group matches...
Returning matches for user: 691e3479fa0ca2ee636b1cc0
Real matches: 0
Pending matches: 0
Found 0 groups with pending join requests from user 691e3479fa0ca2ee636b1cc0
Added 2 group(s) to matches for user 691e3479fa0ca2ee636b1cc0
🔍 DEBUG: Final response breakdown:
  - User matches (accepted): 0
  - Pending matches (individual likes): 0
  - Group matches: 0
  - Available groups: 2
  - Total matches returned: 2
Auth check: {
  reqUserId: '691e3479fa0ca2ee636b1cc0',
  paramsId: '691e3479fa0ca2ee636b1cc0'
}
Loading group conversations for user: 691e3479fa0ca2ee636b1cc0
Loading matches for user: 691e3479fa0ca2ee636b1cc0 requested by: 691e3479fa0ca2ee636b1cc0
Finding matches in database...
User disconnected: WrVdwwJaoS5Jhc86AAAf User ID: 691e3479fa0ca2ee636b1cc0
Current user: Jordan Lee groupId: null status: individual
User not in group, returning empty array
Found 0 actual matches
Finding incoming likes...
Current user: Jordan Lee jordan@email.com
Found 0 incoming likes
🔍 DEBUG: Raw incoming likes:
Processing pending matches...
Created 0 pending matches
🔍 DEBUG: Final pending matches:
Loading group matches...
Found 0 group matches
Processing group matches...
Returning matches for user: 691e3479fa0ca2ee636b1cc0
Real matches: 0
Pending matches: 0
Swiped user IDs: []
Found 0 groups with pending join requests from user 691e3479fa0ca2ee636b1cc0
User connected: I_HjQz6Cvl5VQdAoAAAh User ID: 691e3479fa0ca2ee636b1cc0
User 691e3479fa0ca2ee636b1cc0 joined room
Added 2 group(s) to matches for user 691e3479fa0ca2ee636b1cc0
🔍 DEBUG: Final response breakdown:
  - User matches (accepted): 0
  - Pending matches (individual likes): 0
  - Group matches: 0
  - Available groups: 2
  - Total matches returned: 2
Matched user IDs: []
All excluded user IDs: []
Filter query: {
  "_id": {
    "$ne": "691e3479fa0ca2ee636b1cc0",
    "$nin": []
  },
  "profileStatus": "active",
  "isActive": true,
  "$or": [
    {
      "groupId": {
        "$exists": false
      }
    },
    {
      "groupId": null
    }
  ]
}
User 691e3479fa0ca2ee636b1cc0 confirmed in room
Found potential matches: 4
User names: [ 'Steph C', 'Alex Johnson', 'Sam Chen', 'Mike Rodriguez' ]
Returning: 4 matches
Potential-matches: found candidateGroups count= 2
Added 2 group(s) into potential matches for user 691e3479fa0ca2ee636b1cc0
Loading group conversations for user: 691e3479fa0ca2ee636b1cc0
Current user: Jordan Lee groupId: null status: individual
User not in group, returning empty array
Auth check: {
  reqUserId: '691e3479fa0ca2ee636b1cc0',
  paramsId: '691e3479fa0ca2ee636b1cc0'
}
Current user: Jordan Lee jordan@email.com
Loading group conversations for user: 691e3479fa0ca2ee636b1cc0
Swiped user IDs: []
Current user: Jordan Lee groupId: null status: individual
User not in group, returning empty array
Matched user IDs: []
All excluded user IDs: []
Filter query: {
  "_id": {
    "$ne": "691e3479fa0ca2ee636b1cc0",
    "$nin": []
  },
  "profileStatus": "active",
  "isActive": true,
  "$or": [
    {
      "groupId": {
        "$exists": false
      }
    },
    {
      "groupId": null
    }
  ]
}
Found potential matches: 4
User names: [ 'Steph C', 'Alex Johnson', 'Sam Chen', 'Mike Rodriguez' ]
Returning: 4 matches
Loading group conversations for user: 691e3479fa0ca2ee636b1cc0
Potential-matches: found candidateGroups count= 2
Added 2 group(s) into potential matches for user 691e3479fa0ca2ee636b1cc0
Current user: Jordan Lee groupId: null status: individual
User not in group, returning empty array
Loading matches for user: 691e3479fa0ca2ee636b1cc0 requested by: 691e3479fa0ca2ee636b1cc0
Finding matches in database...
Loading group conversations for user: 691e3479fa0ca2ee636b1cc0
Found 0 actual matches
Finding incoming likes...
Current user: Jordan Lee groupId: null status: individual
User not in group, returning empty array
Found 0 incoming likes
🔍 DEBUG: Raw incoming likes:
Processing pending matches...
Created 0 pending matches
🔍 DEBUG: Final pending matches:
Loading group matches...
Found 0 group matches
Processing group matches...
Returning matches for user: 691e3479fa0ca2ee636b1cc0
Real matches: 0
Pending matches: 0
Found 0 groups with pending join requests from user 691e3479fa0ca2ee636b1cc0
Added 2 group(s) to matches for user 691e3479fa0ca2ee636b1cc0
🔍 DEBUG: Final response breakdown:
  - User matches (accepted): 0
  - Pending matches (individual likes): 0
  - Group matches: 0
  - Available groups: 2
  - Total matches returned: 2
Loading group conversations for user: 691e3479fa0ca2ee636b1cc0
Current user: Jordan Lee groupId: null status: individual
User not in group, returning empty array
User connected: YTm2ECJ19wN-X8QDAAAj User ID: 691e3479fa0ca2ee636b1cc0
User 691e3479fa0ca2ee636b1cc0 joined room
User 691e3479fa0ca2ee636b1cc0 confirmed in room
User connected: jpdbnNx7uKCZxtmSAAAl User ID: 691e3479fa0ca2ee636b1cc0
User 691e3479fa0ca2ee636b1cc0 joined room
User 691e3479fa0ca2ee636b1cc0 confirmed in room
User disconnected: jpdbnNx7uKCZxtmSAAAl User ID: 691e3479fa0ca2ee636b1cc0
Auth check: {
  reqUserId: '691e3479fa0ca2ee636b1cc0',
  paramsId: '691e3479fa0ca2ee636b1cc0'
}
Loading matches for user: 691e3479fa0ca2ee636b1cc0 requested by: 691e3479fa0ca2ee636b1cc0
Finding matches in database...
Current user: Jordan Lee jordan@email.com
Found 0 actual matches
Finding incoming likes...
Swiped user IDs: []
Found 0 incoming likes
🔍 DEBUG: Raw incoming likes:
Processing pending matches...
Created 0 pending matches
🔍 DEBUG: Final pending matches:
Loading group matches...
Matched user IDs: []
All excluded user IDs: []
Filter query: {
  "_id": {
    "$ne": "691e3479fa0ca2ee636b1cc0",
    "$nin": []
  },
  "profileStatus": "active",
  "isActive": true,
  "$or": [
    {
      "groupId": {
        "$exists": false
      }
    },
    {
      "groupId": null
    }
  ]
}
Found 0 group matches
Processing group matches...
Returning matches for user: 691e3479fa0ca2ee636b1cc0
Real matches: 0
Pending matches: 0
Found potential matches: 4
User names: [ 'Steph C', 'Alex Johnson', 'Sam Chen', 'Mike Rodriguez' ]
Returning: 4 matches
Found 0 groups with pending join requests from user 691e3479fa0ca2ee636b1cc0
Potential-matches: found candidateGroups count= 2
Added 2 group(s) into potential matches for user 691e3479fa0ca2ee636b1cc0
Added 2 group(s) to matches for user 691e3479fa0ca2ee636b1cc0
🔍 DEBUG: Final response breakdown:
  - User matches (accepted): 0
  - Pending matches (individual likes): 0
  - Group matches: 0
  - Available groups: 2
  - Total matches returned: 2
Auth check: {
  reqUserId: '691e3479fa0ca2ee636b1cc0',
  paramsId: '691e3479fa0ca2ee636b1cc0'
}
Loading matches for user: 691e3479fa0ca2ee636b1cc0 requested by: 691e3479fa0ca2ee636b1cc0
Finding matches in database...
Current user: Jordan Lee jordan@email.com
Found 0 actual matches
Finding incoming likes...
Swiped user IDs: []
Found 0 incoming likes
🔍 DEBUG: Raw incoming likes:
Processing pending matches...
Created 0 pending matches
🔍 DEBUG: Final pending matches:
Loading group matches...
Matched user IDs: []
All excluded user IDs: []
Filter query: {
  "_id": {
    "$ne": "691e3479fa0ca2ee636b1cc0",
    "$nin": []
  },
  "profileStatus": "active",
  "isActive": true,
  "$or": [
    {
      "groupId": {
        "$exists": false
      }
    },
    {
      "groupId": null
    }
  ]
}
Found 0 group matches
Processing group matches...
Returning matches for user: 691e3479fa0ca2ee636b1cc0
Real matches: 0
Pending matches: 0
Found potential matches: 4
User names: [ 'Steph C', 'Alex Johnson', 'Sam Chen', 'Mike Rodriguez' ]
Returning: 4 matches
Found 0 groups with pending join requests from user 691e3479fa0ca2ee636b1cc0
Potential-matches: found candidateGroups count= 2
Added 2 group(s) into potential matches for user 691e3479fa0ca2ee636b1cc0
Added 2 group(s) to matches for user 691e3479fa0ca2ee636b1cc0
🔍 DEBUG: Final response breakdown:
  - User matches (accepted): 0
  - Pending matches (individual likes): 0
  - Group matches: 0
  - Available groups: 2
  - Total matches returned: 2
Auth check: {
  reqUserId: '691e3479fa0ca2ee636b1cc0',
  paramsId: '691e3479fa0ca2ee636b1cc0'
}
Loading matches for user: 691e3479fa0ca2ee636b1cc0 requested by: 691e3479fa0ca2ee636b1cc0
Finding matches in database...
Current user: Jordan Lee jordan@email.com
Returning conversations for user: 691e3479fa0ca2ee636b1cc0 0
Swiped user IDs: []
Found 0 actual matches
Finding incoming likes...
Matched user IDs: []
All excluded user IDs: []
Filter query: {
  "_id": {
    "$ne": "691e3479fa0ca2ee636b1cc0",
    "$nin": []
  },
  "profileStatus": "active",
  "isActive": true,
  "$or": [
    {
      "groupId": {
        "$exists": false
      }
    },
    {
      "groupId": null
    }
  ]
}
User connected: FnsiFDutNooQM3PvAAAn User ID: 691e3479fa0ca2ee636b1cc0
User 691e3479fa0ca2ee636b1cc0 joined room
Found 0 incoming likes
🔍 DEBUG: Raw incoming likes:
Processing pending matches...
Created 0 pending matches
🔍 DEBUG: Final pending matches:
Loading group matches...
Found potential matches: 4
User names: [ 'Steph C', 'Alex Johnson', 'Sam Chen', 'Mike Rodriguez' ]
Returning: 4 matches
User 691e3479fa0ca2ee636b1cc0 confirmed in room
Found 0 group matches
Processing group matches...
Returning matches for user: 691e3479fa0ca2ee636b1cc0
Real matches: 0
Pending matches: 0
Potential-matches: found candidateGroups count= 2
Added 2 group(s) into potential matches for user 691e3479fa0ca2ee636b1cc0
Found 0 groups with pending join requests from user 691e3479fa0ca2ee636b1cc0
Added 2 group(s) to matches for user 691e3479fa0ca2ee636b1cc0
🔍 DEBUG: Final response breakdown:
  - User matches (accepted): 0
  - Pending matches (individual likes): 0
  - Group matches: 0
  - Available groups: 2
  - Total matches returned: 2
User disconnected: FnsiFDutNooQM3PvAAAn User ID: 691e3479fa0ca2ee636b1cc0
Auth check: {
  reqUserId: '691e3479fa0ca2ee636b1cc0',
  paramsId: '691e3479fa0ca2ee636b1cc0'
}
Loading matches for user: 691e3479fa0ca2ee636b1cc0 requested by: 691e3479fa0ca2ee636b1cc0
Finding matches in database...
Current user: Jordan Lee jordan@email.com
Found 0 actual matches
Finding incoming likes...
Swiped user IDs: []
Found 0 incoming likes
🔍 DEBUG: Raw incoming likes:
Processing pending matches...
Created 0 pending matches
🔍 DEBUG: Final pending matches:
Loading group matches...
Matched user IDs: []
All excluded user IDs: []
Filter query: {
  "_id": {
    "$ne": "691e3479fa0ca2ee636b1cc0",
    "$nin": []
  },
  "profileStatus": "active",
  "isActive": true,
  "$or": [
    {
      "groupId": {
        "$exists": false
      }
    },
    {
      "groupId": null
    }
  ]
}
Found 0 group matches
Processing group matches...
Returning matches for user: 691e3479fa0ca2ee636b1cc0
Real matches: 0
Pending matches: 0
Found potential matches: 4
User names: [ 'Steph C', 'Alex Johnson', 'Sam Chen', 'Mike Rodriguez' ]
Returning: 4 matches
Found 0 groups with pending join requests from user 691e3479fa0ca2ee636b1cc0
Potential-matches: found candidateGroups count= 2
Added 2 group(s) into potential matches for user 691e3479fa0ca2ee636b1cc0
Added 2 group(s) to matches for user 691e3479fa0ca2ee636b1cc0
🔍 DEBUG: Final response breakdown:
  - User matches (accepted): 0
  - Pending matches (individual likes): 0
  - Group matches: 0
  - Available groups: 2
  - Total matches returned: 2
Auth check: {
  reqUserId: '691e3479fa0ca2ee636b1cc0',
  paramsId: '691e3479fa0ca2ee636b1cc0'
}
Loading matches for user: 691e3479fa0ca2ee636b1cc0 requested by: 691e3479fa0ca2ee636b1cc0
Finding matches in database...
Current user: Jordan Lee jordan@email.com
Found 0 actual matches
Finding incoming likes...
Swiped user IDs: []
Found 0 incoming likes
🔍 DEBUG: Raw incoming likes:
Processing pending matches...
Created 0 pending matches
🔍 DEBUG: Final pending matches:
Loading group matches...
Matched user IDs: []
All excluded user IDs: []
Filter query: {
  "_id": {
    "$ne": "691e3479fa0ca2ee636b1cc0",
    "$nin": []
  },
  "profileStatus": "active",
  "isActive": true,
  "$or": [
    {
      "groupId": {
        "$exists": false
      }
    },
    {
      "groupId": null
    }
  ]
}
Found 0 group matches
Processing group matches...
Returning matches for user: 691e3479fa0ca2ee636b1cc0
Real matches: 0
Pending matches: 0
Found potential matches: 4
User names: [ 'Steph C', 'Alex Johnson', 'Sam Chen', 'Mike Rodriguez' ]
Returning: 4 matches
Found 0 groups with pending join requests from user 691e3479fa0ca2ee636b1cc0
Potential-matches: found candidateGroups count= 2
Added 2 group(s) into potential matches for user 691e3479fa0ca2ee636b1cc0
Added 2 group(s) to matches for user 691e3479fa0ca2ee636b1cc0
🔍 DEBUG: Final response breakdown:
  - User matches (accepted): 0
  - Pending matches (individual likes): 0
  - Group matches: 0
  - Available groups: 2
  - Total matches returned: 2
Auth check: {
  reqUserId: '691e3479fa0ca2ee636b1cc0',
  paramsId: '691e3479fa0ca2ee636b1cc0'
}
Loading matches for user: 691e3479fa0ca2ee636b1cc0 requested by: 691e3479fa0ca2ee636b1cc0
Finding matches in database...
Current user: Jordan Lee jordan@email.com
Found 0 actual matches
Finding incoming likes...
Swiped user IDs: []
Auth check: {
  reqUserId: '691e3479fa0ca2ee636b1cc0',
  paramsId: '691e3479fa0ca2ee636b1cc0'
}
Found 0 incoming likes
🔍 DEBUG: Raw incoming likes:
Processing pending matches...
Created 0 pending matches
🔍 DEBUG: Final pending matches:
Loading group matches...
Current user: Jordan Lee jordan@email.com
Found 0 group matches
Processing group matches...
Returning matches for user: 691e3479fa0ca2ee636b1cc0
Real matches: 0
Pending matches: 0
Matched user IDs: []
All excluded user IDs: []
Filter query: {
  "_id": {
    "$ne": "691e3479fa0ca2ee636b1cc0",
    "$nin": []
  },
  "profileStatus": "active",
  "isActive": true,
  "$or": [
    {
      "groupId": {
        "$exists": false
      }
    },
    {
      "groupId": null
    }
  ]
}
Swiped user IDs: []
Found 0 groups with pending join requests from user 691e3479fa0ca2ee636b1cc0
Found potential matches: 4
User names: [ 'Steph C', 'Alex Johnson', 'Sam Chen', 'Mike Rodriguez' ]
Returning: 4 matches
Matched user IDs: []
All excluded user IDs: []
Filter query: {
  "_id": {
    "$ne": "691e3479fa0ca2ee636b1cc0",
    "$nin": []
  },
  "profileStatus": "active",
  "isActive": true,
  "$or": [
    {
      "groupId": {
        "$exists": false
      }
    },
    {
      "groupId": null
    }
  ]
}
Added 2 group(s) to matches for user 691e3479fa0ca2ee636b1cc0
🔍 DEBUG: Final response breakdown:
  - User matches (accepted): 0
  - Pending matches (individual likes): 0
  - Group matches: 0
  - Available groups: 2
  - Total matches returned: 2
Found potential matches: 4
User names: [ 'Steph C', 'Alex Johnson', 'Sam Chen', 'Mike Rodriguez' ]
Returning: 4 matches
Potential-matches: found candidateGroups count= 2
Added 2 group(s) into potential matches for user 691e3479fa0ca2ee636b1cc0
Potential-matches: found candidateGroups count= 2
Added 2 group(s) into potential matches for user 691e3479fa0ca2ee636b1cc0
🔍 Processing swipe action: 691e3479fa0ca2ee636b1cc0 -> 691e3bcac5eb1a469363d74b (dislike)
✅ Created new swipe action
🔍 Processing swipe action: 691e3479fa0ca2ee636b1cc0 -> 692e7c0298891f81f7522aa0 (dislike)
✅ Created new swipe action
🔍 Processing swipe action: 691e3479fa0ca2ee636b1cc0 -> 692e7c0298891f81f7522ab6 (dislike)
✅ Created new swipe action
🔍 Processing swipe action: 691e3479fa0ca2ee636b1cc0 -> 692e7c0398891f81f7522ab9 (dislike)
✅ Created new swipe action
Auth check: {
  reqUserId: '691e3479fa0ca2ee636b1cc0',
  paramsId: '691e3479fa0ca2ee636b1cc0'
}
Loading matches for user: 691e3479fa0ca2ee636b1cc0 requested by: 691e3479fa0ca2ee636b1cc0
Finding matches in database...
Current user: Jordan Lee jordan@email.com
Found 0 actual matches
Finding incoming likes...
Swiped user IDs: [
  new ObjectId('691e3bcac5eb1a469363d74b'),
  new ObjectId('692e7c0298891f81f7522aa0'),
  new ObjectId('692e7c0298891f81f7522ab6'),
  new ObjectId('692e7c0398891f81f7522ab9')
]
Found 0 incoming likes
🔍 DEBUG: Raw incoming likes:
Processing pending matches...
Created 0 pending matches
🔍 DEBUG: Final pending matches:
Loading group matches...
Matched user IDs: []
All excluded user IDs: [
  new ObjectId('691e3bcac5eb1a469363d74b'),
  new ObjectId('692e7c0298891f81f7522aa0'),
  new ObjectId('692e7c0298891f81f7522ab6'),
  new ObjectId('692e7c0398891f81f7522ab9')
]
Filter query: {
  "_id": {
    "$ne": "691e3479fa0ca2ee636b1cc0",
    "$nin": [
      "691e3bcac5eb1a469363d74b",
      "692e7c0298891f81f7522aa0",
      "692e7c0298891f81f7522ab6",
      "692e7c0398891f81f7522ab9"
    ]
  },
  "profileStatus": "active",
  "isActive": true,
  "$or": [
    {
      "groupId": {
        "$exists": false
      }
    },
    {
      "groupId": null
    }
  ]
}
Found 0 group matches
Processing group matches...
Returning matches for user: 691e3479fa0ca2ee636b1cc0
Real matches: 0
Pending matches: 0
Found potential matches: 0
User names: []
Returning: 0 matches
Found 2 groups with pending join requests from user 691e3479fa0ca2ee636b1cc0
Potential-matches: found candidateGroups count= 2
Added 2 group(s) into potential matches for user 691e3479fa0ca2ee636b1cc0
Added 0 group(s) to matches for user 691e3479fa0ca2ee636b1cc0
🔍 DEBUG: Final response breakdown:
  - User matches (accepted): 0
  - Pending matches (individual likes): 0
  - Group matches: 0
  - Available groups: 0
  - Total matches returned: 0
User disconnected: I_HjQz6Cvl5VQdAoAAAh User ID: 691e3479fa0ca2ee636b1cc0
Auth check: {
  reqUserId: '691e3479fa0ca2ee636b1cc3',
  paramsId: '691e3479fa0ca2ee636b1cc3'
}
User connected: U107Goa9D4t8D9YiAAAp User ID: 691e3479fa0ca2ee636b1cc3
User 691e3479fa0ca2ee636b1cc3 joined room
Current user: Mike Chen mike@email.com
User 691e3479fa0ca2ee636b1cc3 confirmed in room
Swiped user IDs: [ new ObjectId('691e3478fa0ca2ee636b1cbd') ]
Matched user IDs: [ new ObjectId('691e3478fa0ca2ee636b1cbd') ]
All excluded user IDs: [
  new ObjectId('691e3478fa0ca2ee636b1cbd'),
  new ObjectId('691e3478fa0ca2ee636b1cbd')
]
Filter query: {
  "_id": {
    "$ne": "691e3479fa0ca2ee636b1cc3",
    "$nin": [
      "691e3478fa0ca2ee636b1cbd",
      "691e3478fa0ca2ee636b1cbd"
    ]
  },
  "profileStatus": "active",
  "isActive": true,
  "$or": [
    {
      "groupId": {
        "$exists": false
      }
    },
    {
      "groupId": null
    }
  ]
}
Found potential matches: 5
User names: [
  'Jordan Lee',
  'Steph C',
  'Alex Johnson',
  'Sam Chen',
  'Mike Rodriguez'
]
Returning: 5 matches
Potential-matches: found candidateGroups count= 1
Added 1 group(s) into potential matches for user 691e3479fa0ca2ee636b1cc3
Loading matches for user: 691e3479fa0ca2ee636b1cc3 requested by: 691e3479fa0ca2ee636b1cc3
Finding matches in database...
Found 1 actual matches
Finding incoming likes...
Found 1 incoming likes
🔍 DEBUG: Raw incoming likes:
  1. SwipeAction 692e7c7698891f81f7522b5b:
     - Swiper: Sam Rodriguez (691e3478fa0ca2ee636b1cbd) - Status: in_group
     - Target: 691e3479fa0ca2ee636b1cc3
     - Action: like
     - Created: Mon Dec 01 2025 21:43:18 GMT-0800 (Pacific Standard Time)
     - Swiper in group: YES
Processing pending matches...
✅ Filtering out pending match - already matched: 691e3478fa0ca2ee636b1cbd <-> 691e3479fa0ca2ee636b1cc3
Created 0 pending matches
🔍 DEBUG: Final pending matches:
Loading group matches...
Found 0 group matches
Processing group matches...
Returning matches for user: 691e3479fa0ca2ee636b1cc3
Real matches: 1
Pending matches: 0
Found 0 groups with pending join requests from user 691e3479fa0ca2ee636b1cc3
Added 1 group(s) to matches for user 691e3479fa0ca2ee636b1cc3
🔍 DEBUG: Final response breakdown:
  - User matches (accepted): 1
  - Pending matches (individual likes): 0
  - Group matches: 0
  - Available groups: 1
  - Total matches returned: 2
Loading matches for user: 691e3479fa0ca2ee636b1cc3 requested by: 691e3479fa0ca2ee636b1cc3
Finding matches in database...
Auth check: {
  reqUserId: '691e3479fa0ca2ee636b1cc3',
  paramsId: '691e3479fa0ca2ee636b1cc3'
}
Current user: Mike Chen mike@email.com
Found 1 actual matches
Finding incoming likes...
Swiped user IDs: [ new ObjectId('691e3478fa0ca2ee636b1cbd') ]
Matched user IDs: [ new ObjectId('691e3478fa0ca2ee636b1cbd') ]
All excluded user IDs: [
  new ObjectId('691e3478fa0ca2ee636b1cbd'),
  new ObjectId('691e3478fa0ca2ee636b1cbd')
]
Filter query: {
  "_id": {
    "$ne": "691e3479fa0ca2ee636b1cc3",
    "$nin": [
      "691e3478fa0ca2ee636b1cbd",
      "691e3478fa0ca2ee636b1cbd"
    ]
  },
  "profileStatus": "active",
  "isActive": true,
  "$or": [
    {
      "groupId": {
        "$exists": false
      }
    },
    {
      "groupId": null
    }
  ]
}
Found 1 incoming likes
🔍 DEBUG: Raw incoming likes:
  1. SwipeAction 692e7c7698891f81f7522b5b:
     - Swiper: Sam Rodriguez (691e3478fa0ca2ee636b1cbd) - Status: in_group
     - Target: 691e3479fa0ca2ee636b1cc3
     - Action: like
     - Created: Mon Dec 01 2025 21:43:18 GMT-0800 (Pacific Standard Time)
     - Swiper in group: YES
Processing pending matches...
✅ Filtering out pending match - already matched: 691e3478fa0ca2ee636b1cbd <-> 691e3479fa0ca2ee636b1cc3
Created 0 pending matches
🔍 DEBUG: Final pending matches:
Loading group matches...
Found 0 group matches
Processing group matches...
Returning matches for user: 691e3479fa0ca2ee636b1cc3
Real matches: 1
Pending matches: 0
Found potential matches: 5
User names: [
  'Jordan Lee',
  'Steph C',
  'Alex Johnson',
  'Sam Chen',
  'Mike Rodriguez'
]
Returning: 5 matches
Found 0 groups with pending join requests from user 691e3479fa0ca2ee636b1cc3
Added 1 group(s) to matches for user 691e3479fa0ca2ee636b1cc3
🔍 DEBUG: Final response breakdown:
  - User matches (accepted): 1
  - Pending matches (individual likes): 0
  - Group matches: 0
  - Available groups: 1
  - Total matches returned: 2
Potential-matches: found candidateGroups count= 1
Added 1 group(s) into potential matches for user 691e3479fa0ca2ee636b1cc3
Auth check: {
  reqUserId: '691e3479fa0ca2ee636b1cc3',
  paramsId: '691e3479fa0ca2ee636b1cc3'
}
Loading matches for user: 691e3479fa0ca2ee636b1cc3 requested by: 691e3479fa0ca2ee636b1cc3
Finding matches in database...
User disconnected: U107Goa9D4t8D9YiAAAp User ID: 691e3479fa0ca2ee636b1cc3
Current user: Mike Chen mike@email.com
Found 1 actual matches
Finding incoming likes...
Swiped user IDs: [ new ObjectId('691e3478fa0ca2ee636b1cbd') ]
Loading group conversations for user: 691e3479fa0ca2ee636b1cc3
Matched user IDs: [ new ObjectId('691e3478fa0ca2ee636b1cbd') ]
All excluded user IDs: [
  new ObjectId('691e3478fa0ca2ee636b1cbd'),
  new ObjectId('691e3478fa0ca2ee636b1cbd')
]
Filter query: {
  "_id": {
    "$ne": "691e3479fa0ca2ee636b1cc3",
    "$nin": [
      "691e3478fa0ca2ee636b1cbd",
      "691e3478fa0ca2ee636b1cbd"
    ]
  },
  "profileStatus": "active",
  "isActive": true,
  "$or": [
    {
      "groupId": {
        "$exists": false
      }
    },
    {
      "groupId": null
    }
  ]
}
User connected: 8YrOGKUbqRjrYql5AAAr User ID: 691e3479fa0ca2ee636b1cc3
User 691e3479fa0ca2ee636b1cc3 joined room
Found 1 incoming likes
🔍 DEBUG: Raw incoming likes:
  1. SwipeAction 692e7c7698891f81f7522b5b:
     - Swiper: Sam Rodriguez (691e3478fa0ca2ee636b1cbd) - Status: in_group
     - Target: 691e3479fa0ca2ee636b1cc3
     - Action: like
     - Created: Mon Dec 01 2025 21:43:18 GMT-0800 (Pacific Standard Time)
     - Swiper in group: YES
Processing pending matches...
✅ Filtering out pending match - already matched: 691e3478fa0ca2ee636b1cbd <-> 691e3479fa0ca2ee636b1cc3
Created 0 pending matches
🔍 DEBUG: Final pending matches:
Loading group matches...
User 691e3479fa0ca2ee636b1cc3 confirmed in room
Found potential matches: 5
User names: [
  'Jordan Lee',
  'Steph C',
  'Alex Johnson',
  'Sam Chen',
  'Mike Rodriguez'
]
Returning: 5 matches
Found 0 group matches
Processing group matches...
Returning matches for user: 691e3479fa0ca2ee636b1cc3
Real matches: 1
Pending matches: 0
Current user: Mike Chen groupId: {
  preferences: {
    location: { city: 'Oakland', state: 'CA', zipCode: '94612' },
    minAge: 23,
    maxAge: 35,
    preferredGender: [ 'male' ],
    maxRent: 1200,
    cleanlinessLevel: 3,
    noiseTolerance: 4,
    petFriendly: true,
    smokingAllowed: false
  },
  _id: new ObjectId('692e7c9b98891f81f7522c79'),
  name: 'Mike Chen & Sam Rodriguez',
  description: 'Group formed by Mike Chen and Sam Rodriguez',
  memberIds: [
    new ObjectId('691e3479fa0ca2ee636b1cc3'),
    new ObjectId('691e3478fa0ca2ee636b1cbd')
  ],
  photos: [
    'https://images.unsplash.com/photo-1506794778202-cad84cf45f1d?w=400',
    'https://images.unsplash.com/photo-1499996860823-5214fcc65f8f?w=400',
    'https://images.unsplash.com/photo-1494790108377-be9c29b29330?w=400',
    'https://images.unsplash.com/photo-1438761681033-6461ffad8d80?w=400'
  ],
  isActive: true,
  maxMembers: 8,
  target_status: 'not_full',
  group_status: 'active',
  pendingVotes: Map(0) {},
  createdAt: 2025-12-02T05:43:55.954Z,
  updatedAt: 2025-12-02T05:43:55.954Z,
  inviteCode: 'DWJK0WMS',
  __v: 0
} status: in_group
Found 0 groups with pending join requests from user 691e3479fa0ca2ee636b1cc3
Potential-matches: found candidateGroups count= 1
Added 1 group(s) into potential matches for user 691e3479fa0ca2ee636b1cc3
Added 1 group(s) to matches for user 691e3479fa0ca2ee636b1cc3
🔍 DEBUG: Final response breakdown:
  - User matches (accepted): 1
  - Pending matches (individual likes): 0
  - Group matches: 0
  - Available groups: 1
  - Total matches returned: 2
Found group: Mike Chen & Sam Rodriguez with members: [ 'Mike Chen', 'Sam Rodriguez' ]
Returning group conversation: {
  id: 'group_692e7c9b98891f81f7522c79',
  groupId: new ObjectId('692e7c9b98891f81f7522c79'),
  groupName: 'Mike Chen & Sam Rodriguez',
  members: [
    {
      id: new ObjectId('691e3479fa0ca2ee636b1cc3'),
      name: 'Mike Chen',
      photo: 'https://images.unsplash.com/photo-1506794778202-cad84cf45f1d?w=400',
      email: 'mike@email.com'
    },
    {
      id: new ObjectId('691e3478fa0ca2ee636b1cbd'),
      name: 'Sam Rodriguez',
      photo: 'https://images.unsplash.com/photo-1494790108377-be9c29b29330?w=400',
      email: 'sam@email.com'
    }
  ],
  lastMessage: null,
  updatedAt: 2025-12-02T05:43:55.954Z,
  isGroup: true,
  maxMembers: 8
}
Auth check: {
  reqUserId: '691e3479fa0ca2ee636b1cc3',
  paramsId: '691e3479fa0ca2ee636b1cc3'
}
Current user: Mike Chen mike@email.com
Loading group conversations for user: 691e3479fa0ca2ee636b1cc3
Swiped user IDs: [ new ObjectId('691e3478fa0ca2ee636b1cbd') ]
Matched user IDs: [ new ObjectId('691e3478fa0ca2ee636b1cbd') ]
All excluded user IDs: [
  new ObjectId('691e3478fa0ca2ee636b1cbd'),
  new ObjectId('691e3478fa0ca2ee636b1cbd')
]
Filter query: {
  "_id": {
    "$ne": "691e3479fa0ca2ee636b1cc3",
    "$nin": [
      "691e3478fa0ca2ee636b1cbd",
      "691e3478fa0ca2ee636b1cbd"
    ]
  },
  "profileStatus": "active",
  "isActive": true,
  "$or": [
    {
      "groupId": {
        "$exists": false
      }
    },
    {
      "groupId": null
    }
  ]
}
Current user: Mike Chen groupId: {
  preferences: {
    location: { city: 'Oakland', state: 'CA', zipCode: '94612' },
    minAge: 23,
    maxAge: 35,
    preferredGender: [ 'male' ],
    maxRent: 1200,
    cleanlinessLevel: 3,
    noiseTolerance: 4,
    petFriendly: true,
    smokingAllowed: false
  },
  _id: new ObjectId('692e7c9b98891f81f7522c79'),
  name: 'Mike Chen & Sam Rodriguez',
  description: 'Group formed by Mike Chen and Sam Rodriguez',
  memberIds: [
    new ObjectId('691e3479fa0ca2ee636b1cc3'),
    new ObjectId('691e3478fa0ca2ee636b1cbd')
  ],
  photos: [
    'https://images.unsplash.com/photo-1506794778202-cad84cf45f1d?w=400',
    'https://images.unsplash.com/photo-1499996860823-5214fcc65f8f?w=400',
    'https://images.unsplash.com/photo-1494790108377-be9c29b29330?w=400',
    'https://images.unsplash.com/photo-1438761681033-6461ffad8d80?w=400'
  ],
  isActive: true,
  maxMembers: 8,
  target_status: 'not_full',
  group_status: 'active',
  pendingVotes: Map(0) {},
  createdAt: 2025-12-02T05:43:55.954Z,
  updatedAt: 2025-12-02T05:43:55.954Z,
  inviteCode: 'DWJK0WMS',
  __v: 0
} status: in_group
Found potential matches: 5
User names: [
  'Jordan Lee',
  'Steph C',
  'Alex Johnson',
  'Sam Chen',
  'Mike Rodriguez'
]
Returning: 5 matches
Potential-matches: found candidateGroups count= 1
Added 1 group(s) into potential matches for user 691e3479fa0ca2ee636b1cc3
Found group: Mike Chen & Sam Rodriguez with members: [ 'Mike Chen', 'Sam Rodriguez' ]
Returning group conversation: {
  id: 'group_692e7c9b98891f81f7522c79',
  groupId: new ObjectId('692e7c9b98891f81f7522c79'),
  groupName: 'Mike Chen & Sam Rodriguez',
  members: [
    {
      id: new ObjectId('691e3479fa0ca2ee636b1cc3'),
      name: 'Mike Chen',
      photo: 'https://images.unsplash.com/photo-1506794778202-cad84cf45f1d?w=400',
      email: 'mike@email.com'
    },
    {
      id: new ObjectId('691e3478fa0ca2ee636b1cbd'),
      name: 'Sam Rodriguez',
      photo: 'https://images.unsplash.com/photo-1494790108377-be9c29b29330?w=400',
      email: 'sam@email.com'
    }
  ],
  lastMessage: null,
  updatedAt: 2025-12-02T05:43:55.954Z,
  isGroup: true,
  maxMembers: 8
}
Loading matches for user: 691e3479fa0ca2ee636b1cc3 requested by: 691e3479fa0ca2ee636b1cc3
Finding matches in database...
Loading group conversations for user: 691e3479fa0ca2ee636b1cc3
Current user: Mike Chen groupId: {
  preferences: {
    location: { city: 'Oakland', state: 'CA', zipCode: '94612' },
    minAge: 23,
    maxAge: 35,
    preferredGender: [ 'male' ],
    maxRent: 1200,
    cleanlinessLevel: 3,
    noiseTolerance: 4,
    petFriendly: true,
    smokingAllowed: false
  },
  _id: new ObjectId('692e7c9b98891f81f7522c79'),
  name: 'Mike Chen & Sam Rodriguez',
  description: 'Group formed by Mike Chen and Sam Rodriguez',
  memberIds: [
    new ObjectId('691e3479fa0ca2ee636b1cc3'),
    new ObjectId('691e3478fa0ca2ee636b1cbd')
  ],
  photos: [
    'https://images.unsplash.com/photo-1506794778202-cad84cf45f1d?w=400',
    'https://images.unsplash.com/photo-1499996860823-5214fcc65f8f?w=400',
    'https://images.unsplash.com/photo-1494790108377-be9c29b29330?w=400',
    'https://images.unsplash.com/photo-1438761681033-6461ffad8d80?w=400'
  ],
  isActive: true,
  maxMembers: 8,
  target_status: 'not_full',
  group_status: 'active',
  pendingVotes: Map(0) {},
  createdAt: 2025-12-02T05:43:55.954Z,
  updatedAt: 2025-12-02T05:43:55.954Z,
  inviteCode: 'DWJK0WMS',
  __v: 0
} status: in_group
Found 1 actual matches
Finding incoming likes...
Found group: Mike Chen & Sam Rodriguez with members: [ 'Mike Chen', 'Sam Rodriguez' ]
Returning group conversation: {
  id: 'group_692e7c9b98891f81f7522c79',
  groupId: new ObjectId('692e7c9b98891f81f7522c79'),
  groupName: 'Mike Chen & Sam Rodriguez',
  members: [
    {
      id: new ObjectId('691e3479fa0ca2ee636b1cc3'),
      name: 'Mike Chen',
      photo: 'https://images.unsplash.com/photo-1506794778202-cad84cf45f1d?w=400',
      email: 'mike@email.com'
    },
    {
      id: new ObjectId('691e3478fa0ca2ee636b1cbd'),
      name: 'Sam Rodriguez',
      photo: 'https://images.unsplash.com/photo-1494790108377-be9c29b29330?w=400',
      email: 'sam@email.com'
    }
  ],
  lastMessage: null,
  updatedAt: 2025-12-02T05:43:55.954Z,
  isGroup: true,
  maxMembers: 8
}
Found 1 incoming likes
🔍 DEBUG: Raw incoming likes:
  1. SwipeAction 692e7c7698891f81f7522b5b:
     - Swiper: Sam Rodriguez (691e3478fa0ca2ee636b1cbd) - Status: in_group
     - Target: 691e3479fa0ca2ee636b1cc3
     - Action: like
     - Created: Mon Dec 01 2025 21:43:18 GMT-0800 (Pacific Standard Time)
     - Swiper in group: YES
Processing pending matches...
✅ Filtering out pending match - already matched: 691e3478fa0ca2ee636b1cbd <-> 691e3479fa0ca2ee636b1cc3
Created 0 pending matches
🔍 DEBUG: Final pending matches:
Loading group matches...
Found 0 group matches
Processing group matches...
Returning matches for user: 691e3479fa0ca2ee636b1cc3
Real matches: 1
Pending matches: 0
Loading group conversations for user: 691e3479fa0ca2ee636b1cc3
Found 0 groups with pending join requests from user 691e3479fa0ca2ee636b1cc3
Current user: Mike Chen groupId: {
  preferences: {
    location: { city: 'Oakland', state: 'CA', zipCode: '94612' },
    minAge: 23,
    maxAge: 35,
    preferredGender: [ 'male' ],
    maxRent: 1200,
    cleanlinessLevel: 3,
    noiseTolerance: 4,
    petFriendly: true,
    smokingAllowed: false
  },
  _id: new ObjectId('692e7c9b98891f81f7522c79'),
  name: 'Mike Chen & Sam Rodriguez',
  description: 'Group formed by Mike Chen and Sam Rodriguez',
  memberIds: [
    new ObjectId('691e3479fa0ca2ee636b1cc3'),
    new ObjectId('691e3478fa0ca2ee636b1cbd')
  ],
  photos: [
    'https://images.unsplash.com/photo-1506794778202-cad84cf45f1d?w=400',
    'https://images.unsplash.com/photo-1499996860823-5214fcc65f8f?w=400',
    'https://images.unsplash.com/photo-1494790108377-be9c29b29330?w=400',
    'https://images.unsplash.com/photo-1438761681033-6461ffad8d80?w=400'
  ],
  isActive: true,
  maxMembers: 8,
  target_status: 'not_full',
  group_status: 'active',
  pendingVotes: Map(0) {},
  createdAt: 2025-12-02T05:43:55.954Z,
  updatedAt: 2025-12-02T05:43:55.954Z,
  inviteCode: 'DWJK0WMS',
  __v: 0
} status: in_group
Added 1 group(s) to matches for user 691e3479fa0ca2ee636b1cc3
🔍 DEBUG: Final response breakdown:
  - User matches (accepted): 1
  - Pending matches (individual likes): 0
  - Group matches: 0
  - Available groups: 1
  - Total matches returned: 2
Found group: Mike Chen & Sam Rodriguez with members: [ 'Mike Chen', 'Sam Rodriguez' ]
Returning group conversation: {
  id: 'group_692e7c9b98891f81f7522c79',
  groupId: new ObjectId('692e7c9b98891f81f7522c79'),
  groupName: 'Mike Chen & Sam Rodriguez',
  members: [
    {
      id: new ObjectId('691e3479fa0ca2ee636b1cc3'),
      name: 'Mike Chen',
      photo: 'https://images.unsplash.com/photo-1506794778202-cad84cf45f1d?w=400',
      email: 'mike@email.com'
    },
    {
      id: new ObjectId('691e3478fa0ca2ee636b1cbd'),
      name: 'Sam Rodriguez',
      photo: 'https://images.unsplash.com/photo-1494790108377-be9c29b29330?w=400',
      email: 'sam@email.com'
    }
  ],
  lastMessage: null,
  updatedAt: 2025-12-02T05:43:55.954Z,
  isGroup: true,
  maxMembers: 8
}
Loading group conversations for user: 691e3479fa0ca2ee636b1cc3
Current user: Mike Chen groupId: {
  preferences: {
    location: { city: 'Oakland', state: 'CA', zipCode: '94612' },
    minAge: 23,
    maxAge: 35,
    preferredGender: [ 'male' ],
    maxRent: 1200,
    cleanlinessLevel: 3,
    noiseTolerance: 4,
    petFriendly: true,
    smokingAllowed: false
  },
  _id: new ObjectId('692e7c9b98891f81f7522c79'),
  name: 'Mike Chen & Sam Rodriguez',
  description: 'Group formed by Mike Chen and Sam Rodriguez',
  memberIds: [
    new ObjectId('691e3479fa0ca2ee636b1cc3'),
    new ObjectId('691e3478fa0ca2ee636b1cbd')
  ],
  photos: [
    'https://images.unsplash.com/photo-1506794778202-cad84cf45f1d?w=400',
    'https://images.unsplash.com/photo-1499996860823-5214fcc65f8f?w=400',
    'https://images.unsplash.com/photo-1494790108377-be9c29b29330?w=400',
    'https://images.unsplash.com/photo-1438761681033-6461ffad8d80?w=400'
  ],
  isActive: true,
  maxMembers: 8,
  target_status: 'not_full',
  group_status: 'active',
  pendingVotes: Map(0) {},
  createdAt: 2025-12-02T05:43:55.954Z,
  updatedAt: 2025-12-02T05:43:55.954Z,
  inviteCode: 'DWJK0WMS',
  __v: 0
} status: in_group
Found group: Mike Chen & Sam Rodriguez with members: [ 'Mike Chen', 'Sam Rodriguez' ]
Returning group conversation: {
  id: 'group_692e7c9b98891f81f7522c79',
  groupId: new ObjectId('692e7c9b98891f81f7522c79'),
  groupName: 'Mike Chen & Sam Rodriguez',
  members: [
    {
      id: new ObjectId('691e3479fa0ca2ee636b1cc3'),
      name: 'Mike Chen',
      photo: 'https://images.unsplash.com/photo-1506794778202-cad84cf45f1d?w=400',
      email: 'mike@email.com'
    },
    {
      id: new ObjectId('691e3478fa0ca2ee636b1cbd'),
      name: 'Sam Rodriguez',
      photo: 'https://images.unsplash.com/photo-1494790108377-be9c29b29330?w=400',
      email: 'sam@email.com'
    }
  ],
  lastMessage: null,
  updatedAt: 2025-12-02T05:43:55.954Z,
  isGroup: true,
  maxMembers: 8
}
Loading group conversations for user: 691e3479fa0ca2ee636b1cc3
Current user: Mike Chen groupId: {
  preferences: {
    location: { city: 'Oakland', state: 'CA', zipCode: '94612' },
    minAge: 23,
    maxAge: 35,
    preferredGender: [ 'male' ],
    maxRent: 1200,
    cleanlinessLevel: 3,
    noiseTolerance: 4,
    petFriendly: true,
    smokingAllowed: false
  },
  _id: new ObjectId('692e7c9b98891f81f7522c79'),
  name: 'Mike Chen & Sam Rodriguez',
  description: 'Group formed by Mike Chen and Sam Rodriguez',
  memberIds: [
    new ObjectId('691e3479fa0ca2ee636b1cc3'),
    new ObjectId('691e3478fa0ca2ee636b1cbd')
  ],
  photos: [
    'https://images.unsplash.com/photo-1506794778202-cad84cf45f1d?w=400',
    'https://images.unsplash.com/photo-1499996860823-5214fcc65f8f?w=400',
    'https://images.unsplash.com/photo-1494790108377-be9c29b29330?w=400',
    'https://images.unsplash.com/photo-1438761681033-6461ffad8d80?w=400'
  ],
  isActive: true,
  maxMembers: 8,
  target_status: 'not_full',
  group_status: 'active',
  pendingVotes: Map(0) {},
  createdAt: 2025-12-02T05:43:55.954Z,
  updatedAt: 2025-12-02T05:43:55.954Z,
  inviteCode: 'DWJK0WMS',
  __v: 0
} status: in_group
Found group: Mike Chen & Sam Rodriguez with members: [ 'Mike Chen', 'Sam Rodriguez' ]
Returning group conversation: {
  id: 'group_692e7c9b98891f81f7522c79',
  groupId: new ObjectId('692e7c9b98891f81f7522c79'),
  groupName: 'Mike Chen & Sam Rodriguez',
  members: [
    {
      id: new ObjectId('691e3479fa0ca2ee636b1cc3'),
      name: 'Mike Chen',
      photo: 'https://images.unsplash.com/photo-1506794778202-cad84cf45f1d?w=400',
      email: 'mike@email.com'
    },
    {
      id: new ObjectId('691e3478fa0ca2ee636b1cbd'),
      name: 'Sam Rodriguez',
      photo: 'https://images.unsplash.com/photo-1494790108377-be9c29b29330?w=400',
      email: 'sam@email.com'
    }
  ],
  lastMessage: null,
  updatedAt: 2025-12-02T05:43:55.954Z,
  isGroup: true,
  maxMembers: 8
}
Loading group conversations for user: 691e3479fa0ca2ee636b1cc3
Current user: Mike Chen groupId: {
  preferences: {
    location: { city: 'Oakland', state: 'CA', zipCode: '94612' },
    minAge: 23,
    maxAge: 35,
    preferredGender: [ 'male' ],
    maxRent: 1200,
    cleanlinessLevel: 3,
    noiseTolerance: 4,
    petFriendly: true,
    smokingAllowed: false
  },
  _id: new ObjectId('692e7c9b98891f81f7522c79'),
  name: 'Mike Chen & Sam Rodriguez',
  description: 'Group formed by Mike Chen and Sam Rodriguez',
  memberIds: [
    new ObjectId('691e3479fa0ca2ee636b1cc3'),
    new ObjectId('691e3478fa0ca2ee636b1cbd')
  ],
  photos: [
    'https://images.unsplash.com/photo-1506794778202-cad84cf45f1d?w=400',
    'https://images.unsplash.com/photo-1499996860823-5214fcc65f8f?w=400',
    'https://images.unsplash.com/photo-1494790108377-be9c29b29330?w=400',
    'https://images.unsplash.com/photo-1438761681033-6461ffad8d80?w=400'
  ],
  isActive: true,
  maxMembers: 8,
  target_status: 'not_full',
  group_status: 'active',
  pendingVotes: Map(0) {},
  createdAt: 2025-12-02T05:43:55.954Z,
  updatedAt: 2025-12-02T05:43:55.954Z,
  inviteCode: 'DWJK0WMS',
  __v: 0
} status: in_group
Found group: Mike Chen & Sam Rodriguez with members: [ 'Mike Chen', 'Sam Rodriguez' ]
Returning group conversation: {
  id: 'group_692e7c9b98891f81f7522c79',
  groupId: new ObjectId('692e7c9b98891f81f7522c79'),
  groupName: 'Mike Chen & Sam Rodriguez',
  members: [
    {
      id: new ObjectId('691e3479fa0ca2ee636b1cc3'),
      name: 'Mike Chen',
      photo: 'https://images.unsplash.com/photo-1506794778202-cad84cf45f1d?w=400',
      email: 'mike@email.com'
    },
    {
      id: new ObjectId('691e3478fa0ca2ee636b1cbd'),
      name: 'Sam Rodriguez',
      photo: 'https://images.unsplash.com/photo-1494790108377-be9c29b29330?w=400',
      email: 'sam@email.com'
    }
  ],
  lastMessage: null,
  updatedAt: 2025-12-02T05:43:55.954Z,
  isGroup: true,
  maxMembers: 8
}
User connected: ggQjjwbTpD-HxAoOAAAt User ID: 691e3479fa0ca2ee636b1cc3
User 691e3479fa0ca2ee636b1cc3 joined room
User 691e3479fa0ca2ee636b1cc3 confirmed in room
User disconnected: ggQjjwbTpD-HxAoOAAAt User ID: 691e3479fa0ca2ee636b1cc3
Auth check: {
  reqUserId: '691e3479fa0ca2ee636b1cc3',
  paramsId: '691e3479fa0ca2ee636b1cc3'
}
Loading matches for user: 691e3479fa0ca2ee636b1cc3 requested by: 691e3479fa0ca2ee636b1cc3
Finding matches in database...
Current user: Mike Chen mike@email.com
Found 1 actual matches
Finding incoming likes...
Swiped user IDs: [ new ObjectId('691e3478fa0ca2ee636b1cbd') ]
Matched user IDs: [ new ObjectId('691e3478fa0ca2ee636b1cbd') ]
All excluded user IDs: [
  new ObjectId('691e3478fa0ca2ee636b1cbd'),
  new ObjectId('691e3478fa0ca2ee636b1cbd')
]
Filter query: {
  "_id": {
    "$ne": "691e3479fa0ca2ee636b1cc3",
    "$nin": [
      "691e3478fa0ca2ee636b1cbd",
      "691e3478fa0ca2ee636b1cbd"
    ]
  },
  "profileStatus": "active",
  "isActive": true,
  "$or": [
    {
      "groupId": {
        "$exists": false
      }
    },
    {
      "groupId": null
    }
  ]
}
Found 1 incoming likes
🔍 DEBUG: Raw incoming likes:
  1. SwipeAction 692e7c7698891f81f7522b5b:
     - Swiper: Sam Rodriguez (691e3478fa0ca2ee636b1cbd) - Status: in_group
     - Target: 691e3479fa0ca2ee636b1cc3
     - Action: like
     - Created: Mon Dec 01 2025 21:43:18 GMT-0800 (Pacific Standard Time)
     - Swiper in group: YES
Processing pending matches...
✅ Filtering out pending match - already matched: 691e3478fa0ca2ee636b1cbd <-> 691e3479fa0ca2ee636b1cc3
Created 0 pending matches
🔍 DEBUG: Final pending matches:
Loading group matches...
Found potential matches: 5
User names: [
  'Jordan Lee',
  'Steph C',
  'Alex Johnson',
  'Sam Chen',
  'Mike Rodriguez'
]
Returning: 5 matches
Found 0 group matches
Processing group matches...
Returning matches for user: 691e3479fa0ca2ee636b1cc3
Real matches: 1
Pending matches: 0
Potential-matches: found candidateGroups count= 1
Added 1 group(s) into potential matches for user 691e3479fa0ca2ee636b1cc3
Found 0 groups with pending join requests from user 691e3479fa0ca2ee636b1cc3
Added 1 group(s) to matches for user 691e3479fa0ca2ee636b1cc3
🔍 DEBUG: Final response breakdown:
  - User matches (accepted): 1
  - Pending matches (individual likes): 0
  - Group matches: 0
  - Available groups: 1
  - Total matches returned: 2
Loading group conversations for user: 691e3479fa0ca2ee636b1cc3
Loading matches for user: 691e3479fa0ca2ee636b1cc3 requested by: 691e3479fa0ca2ee636b1cc3
Finding matches in database...
Auth check: {
  reqUserId: '691e3479fa0ca2ee636b1cc3',
  paramsId: '691e3479fa0ca2ee636b1cc3'
}
User disconnected: 8YrOGKUbqRjrYql5AAAr User ID: 691e3479fa0ca2ee636b1cc3
Current user: Mike Chen mike@email.com
Swiped user IDs: [ new ObjectId('691e3478fa0ca2ee636b1cbd') ]
Found 1 actual matches
Finding incoming likes...
Matched user IDs: [ new ObjectId('691e3478fa0ca2ee636b1cbd') ]
All excluded user IDs: [
  new ObjectId('691e3478fa0ca2ee636b1cbd'),
  new ObjectId('691e3478fa0ca2ee636b1cbd')
]
Filter query: {
  "_id": {
    "$ne": "691e3479fa0ca2ee636b1cc3",
    "$nin": [
      "691e3478fa0ca2ee636b1cbd",
      "691e3478fa0ca2ee636b1cbd"
    ]
  },
  "profileStatus": "active",
  "isActive": true,
  "$or": [
    {
      "groupId": {
        "$exists": false
      }
    },
    {
      "groupId": null
    }
  ]
}
Current user: Mike Chen groupId: {
  preferences: {
    location: { city: 'Oakland', state: 'CA', zipCode: '94612' },
    minAge: 23,
    maxAge: 35,
    preferredGender: [ 'male' ],
    maxRent: 1200,
    cleanlinessLevel: 3,
    noiseTolerance: 4,
    petFriendly: true,
    smokingAllowed: false
  },
  _id: new ObjectId('692e7c9b98891f81f7522c79'),
  name: 'Mike Chen & Sam Rodriguez',
  description: 'Group formed by Mike Chen and Sam Rodriguez',
  memberIds: [
    new ObjectId('691e3479fa0ca2ee636b1cc3'),
    new ObjectId('691e3478fa0ca2ee636b1cbd')
  ],
  photos: [
    'https://images.unsplash.com/photo-1506794778202-cad84cf45f1d?w=400',
    'https://images.unsplash.com/photo-1499996860823-5214fcc65f8f?w=400',
    'https://images.unsplash.com/photo-1494790108377-be9c29b29330?w=400',
    'https://images.unsplash.com/photo-1438761681033-6461ffad8d80?w=400'
  ],
  isActive: true,
  maxMembers: 8,
  target_status: 'not_full',
  group_status: 'active',
  pendingVotes: Map(0) {},
  createdAt: 2025-12-02T05:43:55.954Z,
  updatedAt: 2025-12-02T05:43:55.954Z,
  inviteCode: 'DWJK0WMS',
  __v: 0
} status: in_group
Found potential matches: 5
User names: [
  'Jordan Lee',
  'Steph C',
  'Alex Johnson',
  'Sam Chen',
  'Mike Rodriguez'
]
Returning: 5 matches
Found 1 incoming likes
🔍 DEBUG: Raw incoming likes:
  1. SwipeAction 692e7c7698891f81f7522b5b:
     - Swiper: Sam Rodriguez (691e3478fa0ca2ee636b1cbd) - Status: in_group
     - Target: 691e3479fa0ca2ee636b1cc3
     - Action: like
     - Created: Mon Dec 01 2025 21:43:18 GMT-0800 (Pacific Standard Time)
     - Swiper in group: YES
Processing pending matches...
✅ Filtering out pending match - already matched: 691e3478fa0ca2ee636b1cbd <-> 691e3479fa0ca2ee636b1cc3
Created 0 pending matches
🔍 DEBUG: Final pending matches:
Loading group matches...
User connected: u8f4_7TKsUGCMLbvAAAv User ID: 691e3479fa0ca2ee636b1cc3
User 691e3479fa0ca2ee636b1cc3 joined room
Potential-matches: found candidateGroups count= 1
Added 1 group(s) into potential matches for user 691e3479fa0ca2ee636b1cc3
Found 0 group matches
Processing group matches...
Returning matches for user: 691e3479fa0ca2ee636b1cc3
Real matches: 1
Pending matches: 0
Found 0 groups with pending join requests from user 691e3479fa0ca2ee636b1cc3
User 691e3479fa0ca2ee636b1cc3 confirmed in room
Added 1 group(s) to matches for user 691e3479fa0ca2ee636b1cc3
🔍 DEBUG: Final response breakdown:
  - User matches (accepted): 1
  - Pending matches (individual likes): 0
  - Group matches: 0
  - Available groups: 1
  - Total matches returned: 2
Found group: Mike Chen & Sam Rodriguez with members: [ 'Mike Chen', 'Sam Rodriguez' ]
Returning group conversation: {
  id: 'group_692e7c9b98891f81f7522c79',
  groupId: new ObjectId('692e7c9b98891f81f7522c79'),
  groupName: 'Mike Chen & Sam Rodriguez',
  members: [
    {
      id: new ObjectId('691e3479fa0ca2ee636b1cc3'),
      name: 'Mike Chen',
      photo: 'https://images.unsplash.com/photo-1506794778202-cad84cf45f1d?w=400',
      email: 'mike@email.com'
    },
    {
      id: new ObjectId('691e3478fa0ca2ee636b1cbd'),
      name: 'Sam Rodriguez',
      photo: 'https://images.unsplash.com/photo-1494790108377-be9c29b29330?w=400',
      email: 'sam@email.com'
    }
  ],
  lastMessage: null,
  updatedAt: 2025-12-02T05:43:55.954Z,
  isGroup: true,
  maxMembers: 8
}
Auth check: {
  reqUserId: '691e3479fa0ca2ee636b1cc3',
  paramsId: '691e3479fa0ca2ee636b1cc3'
}
Current user: Mike Chen mike@email.com
Loading group conversations for user: 691e3479fa0ca2ee636b1cc3
Swiped user IDs: [ new ObjectId('691e3478fa0ca2ee636b1cbd') ]
Matched user IDs: [ new ObjectId('691e3478fa0ca2ee636b1cbd') ]
All excluded user IDs: [
  new ObjectId('691e3478fa0ca2ee636b1cbd'),
  new ObjectId('691e3478fa0ca2ee636b1cbd')
]
Filter query: {
  "_id": {
    "$ne": "691e3479fa0ca2ee636b1cc3",
    "$nin": [
      "691e3478fa0ca2ee636b1cbd",
      "691e3478fa0ca2ee636b1cbd"
    ]
  },
  "profileStatus": "active",
  "isActive": true,
  "$or": [
    {
      "groupId": {
        "$exists": false
      }
    },
    {
      "groupId": null
    }
  ]
}
Current user: Mike Chen groupId: {
  preferences: {
    location: { city: 'Oakland', state: 'CA', zipCode: '94612' },
    minAge: 23,
    maxAge: 35,
    preferredGender: [ 'male' ],
    maxRent: 1200,
    cleanlinessLevel: 3,
    noiseTolerance: 4,
    petFriendly: true,
    smokingAllowed: false
  },
  _id: new ObjectId('692e7c9b98891f81f7522c79'),
  name: 'Mike Chen & Sam Rodriguez',
  description: 'Group formed by Mike Chen and Sam Rodriguez',
  memberIds: [
    new ObjectId('691e3479fa0ca2ee636b1cc3'),
    new ObjectId('691e3478fa0ca2ee636b1cbd')
  ],
  photos: [
    'https://images.unsplash.com/photo-1506794778202-cad84cf45f1d?w=400',
    'https://images.unsplash.com/photo-1499996860823-5214fcc65f8f?w=400',
    'https://images.unsplash.com/photo-1494790108377-be9c29b29330?w=400',
    'https://images.unsplash.com/photo-1438761681033-6461ffad8d80?w=400'
  ],
  isActive: true,
  maxMembers: 8,
  target_status: 'not_full',
  group_status: 'active',
  pendingVotes: Map(0) {},
  createdAt: 2025-12-02T05:43:55.954Z,
  updatedAt: 2025-12-02T05:43:55.954Z,
  inviteCode: 'DWJK0WMS',
  __v: 0
} status: in_group
Found potential matches: 5
User names: [
  'Jordan Lee',
  'Steph C',
  'Alex Johnson',
  'Sam Chen',
  'Mike Rodriguez'
]
Returning: 5 matches
Potential-matches: found candidateGroups count= 1
Added 1 group(s) into potential matches for user 691e3479fa0ca2ee636b1cc3
Found group: Mike Chen & Sam Rodriguez with members: [ 'Mike Chen', 'Sam Rodriguez' ]
Returning group conversation: {
  id: 'group_692e7c9b98891f81f7522c79',
  groupId: new ObjectId('692e7c9b98891f81f7522c79'),
  groupName: 'Mike Chen & Sam Rodriguez',
  members: [
    {
      id: new ObjectId('691e3479fa0ca2ee636b1cc3'),
      name: 'Mike Chen',
      photo: 'https://images.unsplash.com/photo-1506794778202-cad84cf45f1d?w=400',
      email: 'mike@email.com'
    },
    {
      id: new ObjectId('691e3478fa0ca2ee636b1cbd'),
      name: 'Sam Rodriguez',
      photo: 'https://images.unsplash.com/photo-1494790108377-be9c29b29330?w=400',
      email: 'sam@email.com'
    }
  ],
  lastMessage: null,
  updatedAt: 2025-12-02T05:43:55.954Z,
  isGroup: true,
  maxMembers: 8
}
Loading matches for user: 691e3479fa0ca2ee636b1cc3 requested by: 691e3479fa0ca2ee636b1cc3
Finding matches in database...
Loading group conversations for user: 691e3479fa0ca2ee636b1cc3
Found 1 actual matches
Finding incoming likes...
Current user: Mike Chen groupId: {
  preferences: {
    location: { city: 'Oakland', state: 'CA', zipCode: '94612' },
    minAge: 23,
    maxAge: 35,
    preferredGender: [ 'male' ],
    maxRent: 1200,
    cleanlinessLevel: 3,
    noiseTolerance: 4,
    petFriendly: true,
    smokingAllowed: false
  },
  _id: new ObjectId('692e7c9b98891f81f7522c79'),
  name: 'Mike Chen & Sam Rodriguez',
  description: 'Group formed by Mike Chen and Sam Rodriguez',
  memberIds: [
    new ObjectId('691e3479fa0ca2ee636b1cc3'),
    new ObjectId('691e3478fa0ca2ee636b1cbd')
  ],
  photos: [
    'https://images.unsplash.com/photo-1506794778202-cad84cf45f1d?w=400',
    'https://images.unsplash.com/photo-1499996860823-5214fcc65f8f?w=400',
    'https://images.unsplash.com/photo-1494790108377-be9c29b29330?w=400',
    'https://images.unsplash.com/photo-1438761681033-6461ffad8d80?w=400'
  ],
  isActive: true,
  maxMembers: 8,
  target_status: 'not_full',
  group_status: 'active',
  pendingVotes: Map(0) {},
  createdAt: 2025-12-02T05:43:55.954Z,
  updatedAt: 2025-12-02T05:43:55.954Z,
  inviteCode: 'DWJK0WMS',
  __v: 0
} status: in_group
Found 1 incoming likes
🔍 DEBUG: Raw incoming likes:
  1. SwipeAction 692e7c7698891f81f7522b5b:
     - Swiper: Sam Rodriguez (691e3478fa0ca2ee636b1cbd) - Status: in_group
     - Target: 691e3479fa0ca2ee636b1cc3
     - Action: like
     - Created: Mon Dec 01 2025 21:43:18 GMT-0800 (Pacific Standard Time)
     - Swiper in group: YES
Processing pending matches...
✅ Filtering out pending match - already matched: 691e3478fa0ca2ee636b1cbd <-> 691e3479fa0ca2ee636b1cc3
Created 0 pending matches
🔍 DEBUG: Final pending matches:
Loading group matches...
Found group: Mike Chen & Sam Rodriguez with members: [ 'Mike Chen', 'Sam Rodriguez' ]
Found 0 group matches
Processing group matches...
Returning matches for user: 691e3479fa0ca2ee636b1cc3
Real matches: 1
Pending matches: 0
Returning group conversation: {
  id: 'group_692e7c9b98891f81f7522c79',
  groupId: new ObjectId('692e7c9b98891f81f7522c79'),
  groupName: 'Mike Chen & Sam Rodriguez',
  members: [
    {
      id: new ObjectId('691e3479fa0ca2ee636b1cc3'),
      name: 'Mike Chen',
      photo: 'https://images.unsplash.com/photo-1506794778202-cad84cf45f1d?w=400',
      email: 'mike@email.com'
    },
    {
      id: new ObjectId('691e3478fa0ca2ee636b1cbd'),
      name: 'Sam Rodriguez',
      photo: 'https://images.unsplash.com/photo-1494790108377-be9c29b29330?w=400',
      email: 'sam@email.com'
    }
  ],
  lastMessage: null,
  updatedAt: 2025-12-02T05:43:55.954Z,
  isGroup: true,
  maxMembers: 8
}
Found 0 groups with pending join requests from user 691e3479fa0ca2ee636b1cc3
Added 1 group(s) to matches for user 691e3479fa0ca2ee636b1cc3
🔍 DEBUG: Final response breakdown:
  - User matches (accepted): 1
  - Pending matches (individual likes): 0
  - Group matches: 0
  - Available groups: 1
  - Total matches returned: 2
Loading group conversations for user: 691e3479fa0ca2ee636b1cc3
Current user: Mike Chen groupId: {
  preferences: {
    location: { city: 'Oakland', state: 'CA', zipCode: '94612' },
    minAge: 23,
    maxAge: 35,
    preferredGender: [ 'male' ],
    maxRent: 1200,
    cleanlinessLevel: 3,
    noiseTolerance: 4,
    petFriendly: true,
    smokingAllowed: false
  },
  _id: new ObjectId('692e7c9b98891f81f7522c79'),
  name: 'Mike Chen & Sam Rodriguez',
  description: 'Group formed by Mike Chen and Sam Rodriguez',
  memberIds: [
    new ObjectId('691e3479fa0ca2ee636b1cc3'),
    new ObjectId('691e3478fa0ca2ee636b1cbd')
  ],
  photos: [
    'https://images.unsplash.com/photo-1506794778202-cad84cf45f1d?w=400',
    'https://images.unsplash.com/photo-1499996860823-5214fcc65f8f?w=400',
    'https://images.unsplash.com/photo-1494790108377-be9c29b29330?w=400',
    'https://images.unsplash.com/photo-1438761681033-6461ffad8d80?w=400'
  ],
  isActive: true,
  maxMembers: 8,
  target_status: 'not_full',
  group_status: 'active',
  pendingVotes: Map(0) {},
  createdAt: 2025-12-02T05:43:55.954Z,
  updatedAt: 2025-12-02T05:43:55.954Z,
  inviteCode: 'DWJK0WMS',
  __v: 0
} status: in_group
Found group: Mike Chen & Sam Rodriguez with members: [ 'Mike Chen', 'Sam Rodriguez' ]
Returning group conversation: {
  id: 'group_692e7c9b98891f81f7522c79',
  groupId: new ObjectId('692e7c9b98891f81f7522c79'),
  groupName: 'Mike Chen & Sam Rodriguez',
  members: [
    {
      id: new ObjectId('691e3479fa0ca2ee636b1cc3'),
      name: 'Mike Chen',
      photo: 'https://images.unsplash.com/photo-1506794778202-cad84cf45f1d?w=400',
      email: 'mike@email.com'
    },
    {
      id: new ObjectId('691e3478fa0ca2ee636b1cbd'),
      name: 'Sam Rodriguez',
      photo: 'https://images.unsplash.com/photo-1494790108377-be9c29b29330?w=400',
      email: 'sam@email.com'
    }
  ],
  lastMessage: null,
  updatedAt: 2025-12-02T05:43:55.954Z,
  isGroup: true,
  maxMembers: 8
}
Loading group conversations for user: 691e3479fa0ca2ee636b1cc3
Current user: Mike Chen groupId: {
  preferences: {
    location: { city: 'Oakland', state: 'CA', zipCode: '94612' },
    minAge: 23,
    maxAge: 35,
    preferredGender: [ 'male' ],
    maxRent: 1200,
    cleanlinessLevel: 3,
    noiseTolerance: 4,
    petFriendly: true,
    smokingAllowed: false
  },
  _id: new ObjectId('692e7c9b98891f81f7522c79'),
  name: 'Mike Chen & Sam Rodriguez',
  description: 'Group formed by Mike Chen and Sam Rodriguez',
  memberIds: [
    new ObjectId('691e3479fa0ca2ee636b1cc3'),
    new ObjectId('691e3478fa0ca2ee636b1cbd')
  ],
  photos: [
    'https://images.unsplash.com/photo-1506794778202-cad84cf45f1d?w=400',
    'https://images.unsplash.com/photo-1499996860823-5214fcc65f8f?w=400',
    'https://images.unsplash.com/photo-1494790108377-be9c29b29330?w=400',
    'https://images.unsplash.com/photo-1438761681033-6461ffad8d80?w=400'
  ],
  isActive: true,
  maxMembers: 8,
  target_status: 'not_full',
  group_status: 'active',
  pendingVotes: Map(0) {},
  createdAt: 2025-12-02T05:43:55.954Z,
  updatedAt: 2025-12-02T05:43:55.954Z,
  inviteCode: 'DWJK0WMS',
  __v: 0
} status: in_group
Found group: Mike Chen & Sam Rodriguez with members: [ 'Mike Chen', 'Sam Rodriguez' ]
Returning group conversation: {
  id: 'group_692e7c9b98891f81f7522c79',
  groupId: new ObjectId('692e7c9b98891f81f7522c79'),
  groupName: 'Mike Chen & Sam Rodriguez',
  members: [
    {
      id: new ObjectId('691e3479fa0ca2ee636b1cc3'),
      name: 'Mike Chen',
      photo: 'https://images.unsplash.com/photo-1506794778202-cad84cf45f1d?w=400',
      email: 'mike@email.com'
    },
    {
      id: new ObjectId('691e3478fa0ca2ee636b1cbd'),
      name: 'Sam Rodriguez',
      photo: 'https://images.unsplash.com/photo-1494790108377-be9c29b29330?w=400',
      email: 'sam@email.com'
    }
  ],
  lastMessage: null,
  updatedAt: 2025-12-02T05:43:55.954Z,
  isGroup: true,
  maxMembers: 8
}
Loading group conversations for user: 691e3479fa0ca2ee636b1cc3
Current user: Mike Chen groupId: {
  preferences: {
    location: { city: 'Oakland', state: 'CA', zipCode: '94612' },
    minAge: 23,
    maxAge: 35,
    preferredGender: [ 'male' ],
    maxRent: 1200,
    cleanlinessLevel: 3,
    noiseTolerance: 4,
    petFriendly: true,
    smokingAllowed: false
  },
  _id: new ObjectId('692e7c9b98891f81f7522c79'),
  name: 'Mike Chen & Sam Rodriguez',
  description: 'Group formed by Mike Chen and Sam Rodriguez',
  memberIds: [
    new ObjectId('691e3479fa0ca2ee636b1cc3'),
    new ObjectId('691e3478fa0ca2ee636b1cbd')
  ],
  photos: [
    'https://images.unsplash.com/photo-1506794778202-cad84cf45f1d?w=400',
    'https://images.unsplash.com/photo-1499996860823-5214fcc65f8f?w=400',
    'https://images.unsplash.com/photo-1494790108377-be9c29b29330?w=400',
    'https://images.unsplash.com/photo-1438761681033-6461ffad8d80?w=400'
  ],
  isActive: true,
  maxMembers: 8,
  target_status: 'not_full',
  group_status: 'active',
  pendingVotes: Map(0) {},
  createdAt: 2025-12-02T05:43:55.954Z,
  updatedAt: 2025-12-02T05:43:55.954Z,
  inviteCode: 'DWJK0WMS',
  __v: 0
} status: in_group
Found group: Mike Chen & Sam Rodriguez with members: [ 'Mike Chen', 'Sam Rodriguez' ]
Returning group conversation: {
  id: 'group_692e7c9b98891f81f7522c79',
  groupId: new ObjectId('692e7c9b98891f81f7522c79'),
  groupName: 'Mike Chen & Sam Rodriguez',
  members: [
    {
      id: new ObjectId('691e3479fa0ca2ee636b1cc3'),
      name: 'Mike Chen',
      photo: 'https://images.unsplash.com/photo-1506794778202-cad84cf45f1d?w=400',
      email: 'mike@email.com'
    },
    {
      id: new ObjectId('691e3478fa0ca2ee636b1cbd'),
      name: 'Sam Rodriguez',
      photo: 'https://images.unsplash.com/photo-1494790108377-be9c29b29330?w=400',
      email: 'sam@email.com'
    }
  ],
  lastMessage: null,
  updatedAt: 2025-12-02T05:43:55.954Z,
  isGroup: true,
  maxMembers: 8
}
Loading group conversations for user: 691e3479fa0ca2ee636b1cc3
Current user: Mike Chen groupId: {
  preferences: {
    location: { city: 'Oakland', state: 'CA', zipCode: '94612' },
    minAge: 23,
    maxAge: 35,
    preferredGender: [ 'male' ],
    maxRent: 1200,
    cleanlinessLevel: 3,
    noiseTolerance: 4,
    petFriendly: true,
    smokingAllowed: false
  },
  _id: new ObjectId('692e7c9b98891f81f7522c79'),
  name: 'Mike Chen & Sam Rodriguez',
  description: 'Group formed by Mike Chen and Sam Rodriguez',
  memberIds: [
    new ObjectId('691e3479fa0ca2ee636b1cc3'),
    new ObjectId('691e3478fa0ca2ee636b1cbd')
  ],
  photos: [
    'https://images.unsplash.com/photo-1506794778202-cad84cf45f1d?w=400',
    'https://images.unsplash.com/photo-1499996860823-5214fcc65f8f?w=400',
    'https://images.unsplash.com/photo-1494790108377-be9c29b29330?w=400',
    'https://images.unsplash.com/photo-1438761681033-6461ffad8d80?w=400'
  ],
  isActive: true,
  maxMembers: 8,
  target_status: 'not_full',
  group_status: 'active',
  pendingVotes: Map(0) {},
  createdAt: 2025-12-02T05:43:55.954Z,
  updatedAt: 2025-12-02T05:43:55.954Z,
  inviteCode: 'DWJK0WMS',
  __v: 0
} status: in_group
Found group: Mike Chen & Sam Rodriguez with members: [ 'Mike Chen', 'Sam Rodriguez' ]
Returning group conversation: {
  id: 'group_692e7c9b98891f81f7522c79',
  groupId: new ObjectId('692e7c9b98891f81f7522c79'),
  groupName: 'Mike Chen & Sam Rodriguez',
  members: [
    {
      id: new ObjectId('691e3479fa0ca2ee636b1cc3'),
      name: 'Mike Chen',
      photo: 'https://images.unsplash.com/photo-1506794778202-cad84cf45f1d?w=400',
      email: 'mike@email.com'
    },
    {
      id: new ObjectId('691e3478fa0ca2ee636b1cbd'),
      name: 'Sam Rodriguez',
      photo: 'https://images.unsplash.com/photo-1494790108377-be9c29b29330?w=400',
      email: 'sam@email.com'
    }
  ],
  lastMessage: null,
  updatedAt: 2025-12-02T05:43:55.954Z,
  isGroup: true,
  maxMembers: 8
}
User connected: 8jEurpeJBZMJIOdDAAAx User ID: 691e3479fa0ca2ee636b1cc3
User 691e3479fa0ca2ee636b1cc3 joined room
User 691e3479fa0ca2ee636b1cc3 confirmed in room
User disconnected: 8jEurpeJBZMJIOdDAAAx User ID: 691e3479fa0ca2ee636b1cc3
Auth check: {
  reqUserId: '691e3479fa0ca2ee636b1cc3',
  paramsId: '691e3479fa0ca2ee636b1cc3'
}
Auth check: {
  reqUserId: '691e3479fa0ca2ee636b1cc3',
  paramsId: '691e3479fa0ca2ee636b1cc3'
}
Current user: Mike Chen mike@email.com
Loading matches for user: 691e3479fa0ca2ee636b1cc3 requested by: 691e3479fa0ca2ee636b1cc3
Finding matches in database...
Swiped user IDs: [ new ObjectId('691e3478fa0ca2ee636b1cbd') ]
Current user: Mike Chen mike@email.com
Matched user IDs: [ new ObjectId('691e3478fa0ca2ee636b1cbd') ]
All excluded user IDs: [
  new ObjectId('691e3478fa0ca2ee636b1cbd'),
  new ObjectId('691e3478fa0ca2ee636b1cbd')
]
Filter query: {
  "_id": {
    "$ne": "691e3479fa0ca2ee636b1cc3",
    "$nin": [
      "691e3478fa0ca2ee636b1cbd",
      "691e3478fa0ca2ee636b1cbd"
    ]
  },
  "profileStatus": "active",
  "isActive": true,
  "$or": [
    {
      "groupId": {
        "$exists": false
      }
    },
    {
      "groupId": null
    }
  ]
}
Found potential matches: 5
User names: [
  'Jordan Lee',
  'Steph C',
  'Alex Johnson',
  'Sam Chen',
  'Mike Rodriguez'
]
Returning: 5 matches
Swiped user IDs: [ new ObjectId('691e3478fa0ca2ee636b1cbd') ]
Found 1 actual matches
Finding incoming likes...
Potential-matches: found candidateGroups count= 1
Added 1 group(s) into potential matches for user 691e3479fa0ca2ee636b1cc3
Matched user IDs: [ new ObjectId('691e3478fa0ca2ee636b1cbd') ]
All excluded user IDs: [
  new ObjectId('691e3478fa0ca2ee636b1cbd'),
  new ObjectId('691e3478fa0ca2ee636b1cbd')
]
Filter query: {
  "_id": {
    "$ne": "691e3479fa0ca2ee636b1cc3",
    "$nin": [
      "691e3478fa0ca2ee636b1cbd",
      "691e3478fa0ca2ee636b1cbd"
    ]
  },
  "profileStatus": "active",
  "isActive": true,
  "$or": [
    {
      "groupId": {
        "$exists": false
      }
    },
    {
      "groupId": null
    }
  ]
}
Found potential matches: 5
User names: [
  'Jordan Lee',
  'Steph C',
  'Alex Johnson',
  'Sam Chen',
  'Mike Rodriguez'
]
Returning: 5 matches
Potential-matches: found candidateGroups count= 1
Added 1 group(s) into potential matches for user 691e3479fa0ca2ee636b1cc3
Found 1 incoming likes
🔍 DEBUG: Raw incoming likes:
  1. SwipeAction 692e7c7698891f81f7522b5b:
     - Swiper: Sam Rodriguez (691e3478fa0ca2ee636b1cbd) - Status: in_group
     - Target: 691e3479fa0ca2ee636b1cc3
     - Action: like
     - Created: Mon Dec 01 2025 21:43:18 GMT-0800 (Pacific Standard Time)
     - Swiper in group: YES
Processing pending matches...
✅ Filtering out pending match - already matched: 691e3478fa0ca2ee636b1cbd <-> 691e3479fa0ca2ee636b1cc3
Created 0 pending matches
🔍 DEBUG: Final pending matches:
Loading group matches...
Found 0 group matches
Processing group matches...
Returning matches for user: 691e3479fa0ca2ee636b1cc3
Real matches: 1
Pending matches: 0
Found 0 groups with pending join requests from user 691e3479fa0ca2ee636b1cc3
Added 1 group(s) to matches for user 691e3479fa0ca2ee636b1cc3
🔍 DEBUG: Final response breakdown:
  - User matches (accepted): 1
  - Pending matches (individual likes): 0
  - Group matches: 0
  - Available groups: 1
  - Total matches returned: 2
Loading group conversations for user: 691e3479fa0ca2ee636b1cc3
Auth check: {
  reqUserId: '691e3479fa0ca2ee636b1cc3',
  paramsId: '691e3479fa0ca2ee636b1cc3'
}
User disconnected: u8f4_7TKsUGCMLbvAAAv User ID: 691e3479fa0ca2ee636b1cc3
Current user: Mike Chen mike@email.com
Loading matches for user: 691e3479fa0ca2ee636b1cc3 requested by: 691e3479fa0ca2ee636b1cc3
Finding matches in database...
Current user: Mike Chen groupId: {
  preferences: {
    location: { city: 'Oakland', state: 'CA', zipCode: '94612' },
    minAge: 23,
    maxAge: 35,
    preferredGender: [ 'male' ],
    maxRent: 1200,
    cleanlinessLevel: 3,
    noiseTolerance: 4,
    petFriendly: true,
    smokingAllowed: false
  },
  _id: new ObjectId('692e7c9b98891f81f7522c79'),
  name: 'Mike Chen & Sam Rodriguez',
  description: 'Group formed by Mike Chen and Sam Rodriguez',
  memberIds: [
    new ObjectId('691e3479fa0ca2ee636b1cc3'),
    new ObjectId('691e3478fa0ca2ee636b1cbd')
  ],
  photos: [
    'https://images.unsplash.com/photo-1506794778202-cad84cf45f1d?w=400',
    'https://images.unsplash.com/photo-1499996860823-5214fcc65f8f?w=400',
    'https://images.unsplash.com/photo-1494790108377-be9c29b29330?w=400',
    'https://images.unsplash.com/photo-1438761681033-6461ffad8d80?w=400'
  ],
  isActive: true,
  maxMembers: 8,
  target_status: 'not_full',
  group_status: 'active',
  pendingVotes: Map(0) {},
  createdAt: 2025-12-02T05:43:55.954Z,
  updatedAt: 2025-12-02T05:43:55.954Z,
  inviteCode: 'DWJK0WMS',
  __v: 0
} status: in_group
Swiped user IDs: [ new ObjectId('691e3478fa0ca2ee636b1cbd') ]
Matched user IDs: [ new ObjectId('691e3478fa0ca2ee636b1cbd') ]
All excluded user IDs: [
  new ObjectId('691e3478fa0ca2ee636b1cbd'),
  new ObjectId('691e3478fa0ca2ee636b1cbd')
]
Filter query: {
  "_id": {
    "$ne": "691e3479fa0ca2ee636b1cc3",
    "$nin": [
      "691e3478fa0ca2ee636b1cbd",
      "691e3478fa0ca2ee636b1cbd"
    ]
  },
  "profileStatus": "active",
  "isActive": true,
  "$or": [
    {
      "groupId": {
        "$exists": false
      }
    },
    {
      "groupId": null
    }
  ]
}
Found group: Mike Chen & Sam Rodriguez with members: [ 'Mike Chen', 'Sam Rodriguez' ]
Found potential matches: 5
User names: [
  'Jordan Lee',
  'Steph C',
  'Alex Johnson',
  'Sam Chen',
  'Mike Rodriguez'
]
Returning: 5 matches
User connected: CafGcBaQzJaEHnV2AAAz User ID: 691e3479fa0ca2ee636b1cc3
User 691e3479fa0ca2ee636b1cc3 joined room
Found 1 actual matches
Finding incoming likes...
Returning group conversation: {
  id: 'group_692e7c9b98891f81f7522c79',
  groupId: new ObjectId('692e7c9b98891f81f7522c79'),
  groupName: 'Mike Chen & Sam Rodriguez',
  members: [
    {
      id: new ObjectId('691e3479fa0ca2ee636b1cc3'),
      name: 'Mike Chen',
      photo: 'https://images.unsplash.com/photo-1506794778202-cad84cf45f1d?w=400',
      email: 'mike@email.com'
    },
    {
      id: new ObjectId('691e3478fa0ca2ee636b1cbd'),
      name: 'Sam Rodriguez',
      photo: 'https://images.unsplash.com/photo-1494790108377-be9c29b29330?w=400',
      email: 'sam@email.com'
    }
  ],
  lastMessage: null,
  updatedAt: 2025-12-02T05:43:55.954Z,
  isGroup: true,
  maxMembers: 8
}
Potential-matches: found candidateGroups count= 1
Added 1 group(s) into potential matches for user 691e3479fa0ca2ee636b1cc3
User 691e3479fa0ca2ee636b1cc3 confirmed in room
Found 1 incoming likes
🔍 DEBUG: Raw incoming likes:
  1. SwipeAction 692e7c7698891f81f7522b5b:
     - Swiper: Sam Rodriguez (691e3478fa0ca2ee636b1cbd) - Status: in_group
     - Target: 691e3479fa0ca2ee636b1cc3
     - Action: like
     - Created: Mon Dec 01 2025 21:43:18 GMT-0800 (Pacific Standard Time)
     - Swiper in group: YES
Processing pending matches...
✅ Filtering out pending match - already matched: 691e3478fa0ca2ee636b1cbd <-> 691e3479fa0ca2ee636b1cc3
Created 0 pending matches
🔍 DEBUG: Final pending matches:
Loading group matches...
Loading group conversations for user: 691e3479fa0ca2ee636b1cc3
Auth check: {
  reqUserId: '691e3479fa0ca2ee636b1cc3',
  paramsId: '691e3479fa0ca2ee636b1cc3'
}
Found 0 group matches
Processing group matches...
Returning matches for user: 691e3479fa0ca2ee636b1cc3
Real matches: 1
Pending matches: 0
Found 0 groups with pending join requests from user 691e3479fa0ca2ee636b1cc3
Current user: Mike Chen mike@email.com
Current user: Mike Chen groupId: {
  preferences: {
    location: { city: 'Oakland', state: 'CA', zipCode: '94612' },
    minAge: 23,
    maxAge: 35,
    preferredGender: [ 'male' ],
    maxRent: 1200,
    cleanlinessLevel: 3,
    noiseTolerance: 4,
    petFriendly: true,
    smokingAllowed: false
  },
  _id: new ObjectId('692e7c9b98891f81f7522c79'),
  name: 'Mike Chen & Sam Rodriguez',
  description: 'Group formed by Mike Chen and Sam Rodriguez',
  memberIds: [
    new ObjectId('691e3479fa0ca2ee636b1cc3'),
    new ObjectId('691e3478fa0ca2ee636b1cbd')
  ],
  photos: [
    'https://images.unsplash.com/photo-1506794778202-cad84cf45f1d?w=400',
    'https://images.unsplash.com/photo-1499996860823-5214fcc65f8f?w=400',
    'https://images.unsplash.com/photo-1494790108377-be9c29b29330?w=400',
    'https://images.unsplash.com/photo-1438761681033-6461ffad8d80?w=400'
  ],
  isActive: true,
  maxMembers: 8,
  target_status: 'not_full',
  group_status: 'active',
  pendingVotes: Map(0) {},
  createdAt: 2025-12-02T05:43:55.954Z,
  updatedAt: 2025-12-02T05:43:55.954Z,
  inviteCode: 'DWJK0WMS',
  __v: 0
} status: in_group
Added 1 group(s) to matches for user 691e3479fa0ca2ee636b1cc3
🔍 DEBUG: Final response breakdown:
  - User matches (accepted): 1
  - Pending matches (individual likes): 0
  - Group matches: 0
  - Available groups: 1
  - Total matches returned: 2
Swiped user IDs: [ new ObjectId('691e3478fa0ca2ee636b1cbd') ]
Matched user IDs: [ new ObjectId('691e3478fa0ca2ee636b1cbd') ]
All excluded user IDs: [
  new ObjectId('691e3478fa0ca2ee636b1cbd'),
  new ObjectId('691e3478fa0ca2ee636b1cbd')
]
Filter query: {
  "_id": {
    "$ne": "691e3479fa0ca2ee636b1cc3",
    "$nin": [
      "691e3478fa0ca2ee636b1cbd",
      "691e3478fa0ca2ee636b1cbd"
    ]
  },
  "profileStatus": "active",
  "isActive": true,
  "$or": [
    {
      "groupId": {
        "$exists": false
      }
    },
    {
      "groupId": null
    }
  ]
}
Found group: Mike Chen & Sam Rodriguez with members: [ 'Mike Chen', 'Sam Rodriguez' ]
Found potential matches: 5
User names: [
  'Jordan Lee',
  'Steph C',
  'Alex Johnson',
  'Sam Chen',
  'Mike Rodriguez'
]
Returning: 5 matches
Potential-matches: found candidateGroups count= 1
Added 1 group(s) into potential matches for user 691e3479fa0ca2ee636b1cc3
Returning group conversation: {
  id: 'group_692e7c9b98891f81f7522c79',
  groupId: new ObjectId('692e7c9b98891f81f7522c79'),
  groupName: 'Mike Chen & Sam Rodriguez',
  members: [
    {
      id: new ObjectId('691e3479fa0ca2ee636b1cc3'),
      name: 'Mike Chen',
      photo: 'https://images.unsplash.com/photo-1506794778202-cad84cf45f1d?w=400',
      email: 'mike@email.com'
    },
    {
      id: new ObjectId('691e3478fa0ca2ee636b1cbd'),
      name: 'Sam Rodriguez',
      photo: 'https://images.unsplash.com/photo-1494790108377-be9c29b29330?w=400',
      email: 'sam@email.com'
    }
  ],
  lastMessage: null,
  updatedAt: 2025-12-02T05:43:55.954Z,
  isGroup: true,
  maxMembers: 8
}
Loading matches for user: 691e3479fa0ca2ee636b1cc3 requested by: 691e3479fa0ca2ee636b1cc3
Finding matches in database...
Loading group conversations for user: 691e3479fa0ca2ee636b1cc3
Found 1 actual matches
Finding incoming likes...
Current user: Mike Chen groupId: {
  preferences: {
    location: { city: 'Oakland', state: 'CA', zipCode: '94612' },
    minAge: 23,
    maxAge: 35,
    preferredGender: [ 'male' ],
    maxRent: 1200,
    cleanlinessLevel: 3,
    noiseTolerance: 4,
    petFriendly: true,
    smokingAllowed: false
  },
  _id: new ObjectId('692e7c9b98891f81f7522c79'),
  name: 'Mike Chen & Sam Rodriguez',
  description: 'Group formed by Mike Chen and Sam Rodriguez',
  memberIds: [
    new ObjectId('691e3479fa0ca2ee636b1cc3'),
    new ObjectId('691e3478fa0ca2ee636b1cbd')
  ],
  photos: [
    'https://images.unsplash.com/photo-1506794778202-cad84cf45f1d?w=400',
    'https://images.unsplash.com/photo-1499996860823-5214fcc65f8f?w=400',
    'https://images.unsplash.com/photo-1494790108377-be9c29b29330?w=400',
    'https://images.unsplash.com/photo-1438761681033-6461ffad8d80?w=400'
  ],
  isActive: true,
  maxMembers: 8,
  target_status: 'not_full',
  group_status: 'active',
  pendingVotes: Map(0) {},
  createdAt: 2025-12-02T05:43:55.954Z,
  updatedAt: 2025-12-02T05:43:55.954Z,
  inviteCode: 'DWJK0WMS',
  __v: 0
} status: in_group
Found group: Mike Chen & Sam Rodriguez with members: [ 'Mike Chen', 'Sam Rodriguez' ]
Found 1 incoming likes
🔍 DEBUG: Raw incoming likes:
  1. SwipeAction 692e7c7698891f81f7522b5b:
     - Swiper: Sam Rodriguez (691e3478fa0ca2ee636b1cbd) - Status: in_group
     - Target: 691e3479fa0ca2ee636b1cc3
     - Action: like
     - Created: Mon Dec 01 2025 21:43:18 GMT-0800 (Pacific Standard Time)
     - Swiper in group: YES
Processing pending matches...
✅ Filtering out pending match - already matched: 691e3478fa0ca2ee636b1cbd <-> 691e3479fa0ca2ee636b1cc3
Created 0 pending matches
🔍 DEBUG: Final pending matches:
Loading group matches...
Returning group conversation: {
  id: 'group_692e7c9b98891f81f7522c79',
  groupId: new ObjectId('692e7c9b98891f81f7522c79'),
  groupName: 'Mike Chen & Sam Rodriguez',
  members: [
    {
      id: new ObjectId('691e3479fa0ca2ee636b1cc3'),
      name: 'Mike Chen',
      photo: 'https://images.unsplash.com/photo-1506794778202-cad84cf45f1d?w=400',
      email: 'mike@email.com'
    },
    {
      id: new ObjectId('691e3478fa0ca2ee636b1cbd'),
      name: 'Sam Rodriguez',
      photo: 'https://images.unsplash.com/photo-1494790108377-be9c29b29330?w=400',
      email: 'sam@email.com'
    }
  ],
  lastMessage: null,
  updatedAt: 2025-12-02T05:43:55.954Z,
  isGroup: true,
  maxMembers: 8
}
Found 0 group matches
Processing group matches...
Returning matches for user: 691e3479fa0ca2ee636b1cc3
Real matches: 1
Pending matches: 0
Loading group conversations for user: 691e3479fa0ca2ee636b1cc3
Found 0 groups with pending join requests from user 691e3479fa0ca2ee636b1cc3
Added 1 group(s) to matches for user 691e3479fa0ca2ee636b1cc3
🔍 DEBUG: Final response breakdown:
  - User matches (accepted): 1
  - Pending matches (individual likes): 0
  - Group matches: 0
  - Available groups: 1
  - Total matches returned: 2
Current user: Mike Chen groupId: {
  preferences: {
    location: { city: 'Oakland', state: 'CA', zipCode: '94612' },
    minAge: 23,
    maxAge: 35,
    preferredGender: [ 'male' ],
    maxRent: 1200,
    cleanlinessLevel: 3,
    noiseTolerance: 4,
    petFriendly: true,
    smokingAllowed: false
  },
  _id: new ObjectId('692e7c9b98891f81f7522c79'),
  name: 'Mike Chen & Sam Rodriguez',
  description: 'Group formed by Mike Chen and Sam Rodriguez',
  memberIds: [
    new ObjectId('691e3479fa0ca2ee636b1cc3'),
    new ObjectId('691e3478fa0ca2ee636b1cbd')
  ],
  photos: [
    'https://images.unsplash.com/photo-1506794778202-cad84cf45f1d?w=400',
    'https://images.unsplash.com/photo-1499996860823-5214fcc65f8f?w=400',
    'https://images.unsplash.com/photo-1494790108377-be9c29b29330?w=400',
    'https://images.unsplash.com/photo-1438761681033-6461ffad8d80?w=400'
  ],
  isActive: true,
  maxMembers: 8,
  target_status: 'not_full',
  group_status: 'active',
  pendingVotes: Map(0) {},
  createdAt: 2025-12-02T05:43:55.954Z,
  updatedAt: 2025-12-02T05:43:55.954Z,
  inviteCode: 'DWJK0WMS',
  __v: 0
} status: in_group
Found group: Mike Chen & Sam Rodriguez with members: [ 'Mike Chen', 'Sam Rodriguez' ]
Returning group conversation: {
  id: 'group_692e7c9b98891f81f7522c79',
  groupId: new ObjectId('692e7c9b98891f81f7522c79'),
  groupName: 'Mike Chen & Sam Rodriguez',
  members: [
    {
      id: new ObjectId('691e3479fa0ca2ee636b1cc3'),
      name: 'Mike Chen',
      photo: 'https://images.unsplash.com/photo-1506794778202-cad84cf45f1d?w=400',
      email: 'mike@email.com'
    },
    {
      id: new ObjectId('691e3478fa0ca2ee636b1cbd'),
      name: 'Sam Rodriguez',
      photo: 'https://images.unsplash.com/photo-1494790108377-be9c29b29330?w=400',
      email: 'sam@email.com'
    }
  ],
  lastMessage: null,
  updatedAt: 2025-12-02T05:43:55.954Z,
  isGroup: true,
  maxMembers: 8
}
Loading group conversations for user: 691e3479fa0ca2ee636b1cc3
Current user: Mike Chen groupId: {
  preferences: {
    location: { city: 'Oakland', state: 'CA', zipCode: '94612' },
    minAge: 23,
    maxAge: 35,
    preferredGender: [ 'male' ],
    maxRent: 1200,
    cleanlinessLevel: 3,
    noiseTolerance: 4,
    petFriendly: true,
    smokingAllowed: false
  },
  _id: new ObjectId('692e7c9b98891f81f7522c79'),
  name: 'Mike Chen & Sam Rodriguez',
  description: 'Group formed by Mike Chen and Sam Rodriguez',
  memberIds: [
    new ObjectId('691e3479fa0ca2ee636b1cc3'),
    new ObjectId('691e3478fa0ca2ee636b1cbd')
  ],
  photos: [
    'https://images.unsplash.com/photo-1506794778202-cad84cf45f1d?w=400',
    'https://images.unsplash.com/photo-1499996860823-5214fcc65f8f?w=400',
    'https://images.unsplash.com/photo-1494790108377-be9c29b29330?w=400',
    'https://images.unsplash.com/photo-1438761681033-6461ffad8d80?w=400'
  ],
  isActive: true,
  maxMembers: 8,
  target_status: 'not_full',
  group_status: 'active',
  pendingVotes: Map(0) {},
  createdAt: 2025-12-02T05:43:55.954Z,
  updatedAt: 2025-12-02T05:43:55.954Z,
  inviteCode: 'DWJK0WMS',
  __v: 0
} status: in_group
Found group: Mike Chen & Sam Rodriguez with members: [ 'Mike Chen', 'Sam Rodriguez' ]
Returning group conversation: {
  id: 'group_692e7c9b98891f81f7522c79',
  groupId: new ObjectId('692e7c9b98891f81f7522c79'),
  groupName: 'Mike Chen & Sam Rodriguez',
  members: [
    {
      id: new ObjectId('691e3479fa0ca2ee636b1cc3'),
      name: 'Mike Chen',
      photo: 'https://images.unsplash.com/photo-1506794778202-cad84cf45f1d?w=400',
      email: 'mike@email.com'
    },
    {
      id: new ObjectId('691e3478fa0ca2ee636b1cbd'),
      name: 'Sam Rodriguez',
      photo: 'https://images.unsplash.com/photo-1494790108377-be9c29b29330?w=400',
      email: 'sam@email.com'
    }
  ],
  lastMessage: null,
  updatedAt: 2025-12-02T05:43:55.954Z,
  isGroup: true,
  maxMembers: 8
}
Loading group conversations for user: 691e3479fa0ca2ee636b1cc3
Current user: Mike Chen groupId: {
  preferences: {
    location: { city: 'Oakland', state: 'CA', zipCode: '94612' },
    minAge: 23,
    maxAge: 35,
    preferredGender: [ 'male' ],
    maxRent: 1200,
    cleanlinessLevel: 3,
    noiseTolerance: 4,
    petFriendly: true,
    smokingAllowed: false
  },
  _id: new ObjectId('692e7c9b98891f81f7522c79'),
  name: 'Mike Chen & Sam Rodriguez',
  description: 'Group formed by Mike Chen and Sam Rodriguez',
  memberIds: [
    new ObjectId('691e3479fa0ca2ee636b1cc3'),
    new ObjectId('691e3478fa0ca2ee636b1cbd')
  ],
  photos: [
    'https://images.unsplash.com/photo-1506794778202-cad84cf45f1d?w=400',
    'https://images.unsplash.com/photo-1499996860823-5214fcc65f8f?w=400',
    'https://images.unsplash.com/photo-1494790108377-be9c29b29330?w=400',
    'https://images.unsplash.com/photo-1438761681033-6461ffad8d80?w=400'
  ],
  isActive: true,
  maxMembers: 8,
  target_status: 'not_full',
  group_status: 'active',
  pendingVotes: Map(0) {},
  createdAt: 2025-12-02T05:43:55.954Z,
  updatedAt: 2025-12-02T05:43:55.954Z,
  inviteCode: 'DWJK0WMS',
  __v: 0
} status: in_group
Found group: Mike Chen & Sam Rodriguez with members: [ 'Mike Chen', 'Sam Rodriguez' ]
Returning group conversation: {
  id: 'group_692e7c9b98891f81f7522c79',
  groupId: new ObjectId('692e7c9b98891f81f7522c79'),
  groupName: 'Mike Chen & Sam Rodriguez',
  members: [
    {
      id: new ObjectId('691e3479fa0ca2ee636b1cc3'),
      name: 'Mike Chen',
      photo: 'https://images.unsplash.com/photo-1506794778202-cad84cf45f1d?w=400',
      email: 'mike@email.com'
    },
    {
      id: new ObjectId('691e3478fa0ca2ee636b1cbd'),
      name: 'Sam Rodriguez',
      photo: 'https://images.unsplash.com/photo-1494790108377-be9c29b29330?w=400',
      email: 'sam@email.com'
    }
  ],
  lastMessage: null,
  updatedAt: 2025-12-02T05:43:55.954Z,
  isGroup: true,
  maxMembers: 8
}
Loading group conversations for user: 691e3479fa0ca2ee636b1cc3
Current user: Mike Chen groupId: {
  preferences: {
    location: { city: 'Oakland', state: 'CA', zipCode: '94612' },
    minAge: 23,
    maxAge: 35,
    preferredGender: [ 'male' ],
    maxRent: 1200,
    cleanlinessLevel: 3,
    noiseTolerance: 4,
    petFriendly: true,
    smokingAllowed: false
  },
  _id: new ObjectId('692e7c9b98891f81f7522c79'),
  name: 'Mike Chen & Sam Rodriguez',
  description: 'Group formed by Mike Chen and Sam Rodriguez',
  memberIds: [
    new ObjectId('691e3479fa0ca2ee636b1cc3'),
    new ObjectId('691e3478fa0ca2ee636b1cbd')
  ],
  photos: [
    'https://images.unsplash.com/photo-1506794778202-cad84cf45f1d?w=400',
    'https://images.unsplash.com/photo-1499996860823-5214fcc65f8f?w=400',
    'https://images.unsplash.com/photo-1494790108377-be9c29b29330?w=400',
    'https://images.unsplash.com/photo-1438761681033-6461ffad8d80?w=400'
  ],
  isActive: true,
  maxMembers: 8,
  target_status: 'not_full',
  group_status: 'active',
  pendingVotes: Map(0) {},
  createdAt: 2025-12-02T05:43:55.954Z,
  updatedAt: 2025-12-02T05:43:55.954Z,
  inviteCode: 'DWJK0WMS',
  __v: 0
} status: in_group
Found group: Mike Chen & Sam Rodriguez with members: [ 'Mike Chen', 'Sam Rodriguez' ]
Returning group conversation: {
  id: 'group_692e7c9b98891f81f7522c79',
  groupId: new ObjectId('692e7c9b98891f81f7522c79'),
  groupName: 'Mike Chen & Sam Rodriguez',
  members: [
    {
      id: new ObjectId('691e3479fa0ca2ee636b1cc3'),
      name: 'Mike Chen',
      photo: 'https://images.unsplash.com/photo-1506794778202-cad84cf45f1d?w=400',
      email: 'mike@email.com'
    },
    {
      id: new ObjectId('691e3478fa0ca2ee636b1cbd'),
      name: 'Sam Rodriguez',
      photo: 'https://images.unsplash.com/photo-1494790108377-be9c29b29330?w=400',
      email: 'sam@email.com'
    }
  ],
  lastMessage: null,
  updatedAt: 2025-12-02T05:43:55.954Z,
  isGroup: true,
  maxMembers: 8
}
User connected: R6N1-y7U7WbhrJ1qAAA1 User ID: 691e3479fa0ca2ee636b1cc3
User 691e3479fa0ca2ee636b1cc3 joined room
User 691e3479fa0ca2ee636b1cc3 confirmed in room
Join-request respond incoming payload: {
  params: {
    groupId: '692e7c9b98891f81f7522c79',
    requestId: '692e7cd498891f81f7522df3'
  },
  body: { action: 'accept' },
  userId: '691e3479fa0ca2ee636b1cc3'
}
Respond to join-request called: {
  userId: '691e3479fa0ca2ee636b1cc3',
  groupId: '692e7c9b98891f81f7522c79',
  requestId: '692e7cd498891f81f7522df3',
  action: 'accept'
}
Group memberIds: [ '691e3479fa0ca2ee636b1cc3', '691e3478fa0ca2ee636b1cbd' ]
Join request current status: pending requester: 691e3479fa0ca2ee636b1cc0
Accepting join request: 692e7cd498891f81f7522df3 for group: 692e7c9b98891f81f7522c79 requester: 691e3479fa0ca2ee636b1cc0
Group memberIds before save count: 3
Group saved successfully after adding member
User updated successfully for new group member: 691e3479fa0ca2ee636b1cc0
JoinRequest marked accepted and saved: 692e7cd498891f81f7522df3
Cleaning up pending likes and matches for new group member: 691e3479fa0ca2ee636b1cc0
Deleted 4 pending swipe actions where user was the swiper
Deleted 0 pending swipe actions where user was the target
Deleted 0 pending matches for user joining group
Loading group conversations for user: 691e3479fa0ca2ee636b1cc3
Current user: Mike Chen groupId: {
  preferences: {
    location: { city: 'Oakland', state: 'CA', zipCode: '94612' },
    minAge: 23,
    maxAge: 35,
    preferredGender: [ 'male' ],
    maxRent: 1200,
    cleanlinessLevel: 3,
    noiseTolerance: 4,
    petFriendly: true,
    smokingAllowed: false
  },
  _id: new ObjectId('692e7c9b98891f81f7522c79'),
  name: 'Mike Chen & Sam Rodriguez',
  description: 'Group formed by Mike Chen and Sam Rodriguez',
  memberIds: [
    new ObjectId('691e3479fa0ca2ee636b1cc3'),
    new ObjectId('691e3478fa0ca2ee636b1cbd'),
    new ObjectId('691e3479fa0ca2ee636b1cc0')
  ],
  photos: [
    'https://images.unsplash.com/photo-1506794778202-cad84cf45f1d?w=400',
    'https://images.unsplash.com/photo-1499996860823-5214fcc65f8f?w=400',
    'https://images.unsplash.com/photo-1494790108377-be9c29b29330?w=400',
    'https://images.unsplash.com/photo-1438761681033-6461ffad8d80?w=400'
  ],
  isActive: true,
  maxMembers: 8,
  target_status: 'not_full',
  group_status: 'active',
  pendingVotes: Map(0) {},
  createdAt: 2025-12-02T05:43:55.954Z,
  updatedAt: 2025-12-02T05:46:00.515Z,
  inviteCode: 'DWJK0WMS',
  __v: 1
} status: in_group
Found group: Mike Chen & Sam Rodriguez with members: [ 'Mike Chen', 'Sam Rodriguez', 'Jordan Lee' ]
Returning group conversation: {
  id: 'group_692e7c9b98891f81f7522c79',
  groupId: new ObjectId('692e7c9b98891f81f7522c79'),
  groupName: 'Mike Chen & Sam Rodriguez',
  members: [
    {
      id: new ObjectId('691e3479fa0ca2ee636b1cc3'),
      name: 'Mike Chen',
      photo: 'https://images.unsplash.com/photo-1506794778202-cad84cf45f1d?w=400',
      email: 'mike@email.com'
    },
    {
      id: new ObjectId('691e3478fa0ca2ee636b1cbd'),
      name: 'Sam Rodriguez',
      photo: 'https://images.unsplash.com/photo-1494790108377-be9c29b29330?w=400',
      email: 'sam@email.com'
    },
    {
      id: new ObjectId('691e3479fa0ca2ee636b1cc0'),
      name: 'Jordan Lee',
      photo: 'https://images.unsplash.com/photo-1534528741775-53994a69daeb?w=400',
      email: 'jordan@email.com'
    }
  ],
  lastMessage: null,
  updatedAt: 2025-12-02T05:46:00.515Z,
  isGroup: true,
  maxMembers: 8
}
Message send request: {
  senderId: '691e3479fa0ca2ee636b1cc3',
  receiverId: undefined,
  groupId: '692e7c9b98891f81f7522c79',
  content: 'hey!'
}
Message saved successfully: {
  senderId: new ObjectId('691e3479fa0ca2ee636b1cc3'),
  receiverId: null,
  groupId: new ObjectId('692e7c9b98891f81f7522c79'),
  content: 'hey!',
  messageType: 'text',
  isRead: false,
  isDeleted: false,
  _id: new ObjectId('692e7d3898891f81f7522ff9'),
  readBy: [],
  createdAt: 2025-12-02T05:46:32.463Z,
  updatedAt: 2025-12-02T05:46:32.463Z,
  __v: 0
}
Message send request: {
  senderId: '691e3479fa0ca2ee636b1cc3',
  receiverId: undefined,
  groupId: '692e7c9b98891f81f7522c79',
  content: 'heo ou!'
}
Message saved successfully: {
  senderId: new ObjectId('691e3479fa0ca2ee636b1cc3'),
  receiverId: null,
  groupId: new ObjectId('692e7c9b98891f81f7522c79'),
  content: 'heo ou!',
  messageType: 'text',
  isRead: false,
  isDeleted: false,
  _id: new ObjectId('692e7d3a98891f81f7522fff'),
  readBy: [],
  createdAt: 2025-12-02T05:46:34.903Z,
  updatedAt: 2025-12-02T05:46:34.903Z,
  __v: 0
}
User disconnected: R6N1-y7U7WbhrJ1qAAA1 User ID: 691e3479fa0ca2ee636b1cc3
Loading matches for user: 691e3479fa0ca2ee636b1cc3 requested by: 691e3479fa0ca2ee636b1cc3
Finding matches in database...
Auth check: {
  reqUserId: '691e3479fa0ca2ee636b1cc3',
  paramsId: '691e3479fa0ca2ee636b1cc3'
}
Current user: Mike Chen mike@email.com
Found 1 actual matches
Finding incoming likes...
Swiped user IDs: [ new ObjectId('691e3478fa0ca2ee636b1cbd') ]
Matched user IDs: [ new ObjectId('691e3478fa0ca2ee636b1cbd') ]
All excluded user IDs: [
  new ObjectId('691e3478fa0ca2ee636b1cbd'),
  new ObjectId('691e3478fa0ca2ee636b1cbd')
]
Filter query: {
  "_id": {
    "$ne": "691e3479fa0ca2ee636b1cc3",
    "$nin": [
      "691e3478fa0ca2ee636b1cbd",
      "691e3478fa0ca2ee636b1cbd"
    ]
  },
  "profileStatus": "active",
  "isActive": true,
  "$or": [
    {
      "groupId": {
        "$exists": false
      }
    },
    {
      "groupId": null
    }
  ]
}
Found potential matches: 4
User names: [ 'Steph C', 'Alex Johnson', 'Sam Chen', 'Mike Rodriguez' ]
Returning: 4 matches
Found 1 incoming likes
🔍 DEBUG: Raw incoming likes:
  1. SwipeAction 692e7c7698891f81f7522b5b:
     - Swiper: Sam Rodriguez (691e3478fa0ca2ee636b1cbd) - Status: in_group
     - Target: 691e3479fa0ca2ee636b1cc3
     - Action: like
     - Created: Mon Dec 01 2025 21:43:18 GMT-0800 (Pacific Standard Time)
     - Swiper in group: YES
Processing pending matches...
✅ Filtering out pending match - already matched: 691e3478fa0ca2ee636b1cbd <-> 691e3479fa0ca2ee636b1cc3
Created 0 pending matches
🔍 DEBUG: Final pending matches:
Loading group matches...
Potential-matches: found candidateGroups count= 1
Added 1 group(s) into potential matches for user 691e3479fa0ca2ee636b1cc3
Found 0 group matches
Processing group matches...
Returning matches for user: 691e3479fa0ca2ee636b1cc3
Real matches: 1
Pending matches: 0
Found 0 groups with pending join requests from user 691e3479fa0ca2ee636b1cc3
Added 1 group(s) to matches for user 691e3479fa0ca2ee636b1cc3
🔍 DEBUG: Final response breakdown:
  - User matches (accepted): 1
  - Pending matches (individual likes): 0
  - Group matches: 0
  - Available groups: 1
  - Total matches returned: 2
Auth check: {
  reqUserId: '691e3479fa0ca2ee636b1cc3',
  paramsId: '691e3479fa0ca2ee636b1cc3'
}
Loading matches for user: 691e3479fa0ca2ee636b1cc3 requested by: 691e3479fa0ca2ee636b1cc3
Finding matches in database...
Current user: Mike Chen mike@email.com
Loading group conversations for user: 691e3479fa0ca2ee636b1cc3
Swiped user IDs: [ new ObjectId('691e3478fa0ca2ee636b1cbd') ]
Found 1 actual matches
Finding incoming likes...
User disconnected: CafGcBaQzJaEHnV2AAAz User ID: 691e3479fa0ca2ee636b1cc3
Matched user IDs: [ new ObjectId('691e3478fa0ca2ee636b1cbd') ]
All excluded user IDs: [
  new ObjectId('691e3478fa0ca2ee636b1cbd'),
  new ObjectId('691e3478fa0ca2ee636b1cbd')
]
Filter query: {
  "_id": {
    "$ne": "691e3479fa0ca2ee636b1cc3",
    "$nin": [
      "691e3478fa0ca2ee636b1cbd",
      "691e3478fa0ca2ee636b1cbd"
    ]
  },
  "profileStatus": "active",
  "isActive": true,
  "$or": [
    {
      "groupId": {
        "$exists": false
      }
    },
    {
      "groupId": null
    }
  ]
}
Found potential matches: 4
User names: [ 'Steph C', 'Alex Johnson', 'Sam Chen', 'Mike Rodriguez' ]
Returning: 4 matches
Found 1 incoming likes
🔍 DEBUG: Raw incoming likes:
  1. SwipeAction 692e7c7698891f81f7522b5b:
     - Swiper: Sam Rodriguez (691e3478fa0ca2ee636b1cbd) - Status: in_group
     - Target: 691e3479fa0ca2ee636b1cc3
     - Action: like
     - Created: Mon Dec 01 2025 21:43:18 GMT-0800 (Pacific Standard Time)
     - Swiper in group: YES
Processing pending matches...
✅ Filtering out pending match - already matched: 691e3478fa0ca2ee636b1cbd <-> 691e3479fa0ca2ee636b1cc3
Created 0 pending matches
🔍 DEBUG: Final pending matches:
Loading group matches...
Potential-matches: found candidateGroups count= 1
Added 1 group(s) into potential matches for user 691e3479fa0ca2ee636b1cc3
Found 0 group matches
Processing group matches...
Returning matches for user: 691e3479fa0ca2ee636b1cc3
Real matches: 1
Pending matches: 0
Current user: Mike Chen groupId: {
  preferences: {
    location: { city: 'Oakland', state: 'CA', zipCode: '94612' },
    minAge: 23,
    maxAge: 35,
    preferredGender: [ 'male' ],
    maxRent: 1200,
    cleanlinessLevel: 3,
    noiseTolerance: 4,
    petFriendly: true,
    smokingAllowed: false
  },
  _id: new ObjectId('692e7c9b98891f81f7522c79'),
  name: 'Mike Chen & Sam Rodriguez',
  description: 'Group formed by Mike Chen and Sam Rodriguez',
  memberIds: [
    new ObjectId('691e3479fa0ca2ee636b1cc3'),
    new ObjectId('691e3478fa0ca2ee636b1cbd'),
    new ObjectId('691e3479fa0ca2ee636b1cc0')
  ],
  photos: [
    'https://images.unsplash.com/photo-1506794778202-cad84cf45f1d?w=400',
    'https://images.unsplash.com/photo-1499996860823-5214fcc65f8f?w=400',
    'https://images.unsplash.com/photo-1494790108377-be9c29b29330?w=400',
    'https://images.unsplash.com/photo-1438761681033-6461ffad8d80?w=400'
  ],
  isActive: true,
  maxMembers: 8,
  target_status: 'not_full',
  group_status: 'active',
  pendingVotes: Map(0) {},
  createdAt: 2025-12-02T05:43:55.954Z,
  updatedAt: 2025-12-02T05:46:00.515Z,
  inviteCode: 'DWJK0WMS',
  __v: 1
} status: in_group
Found 0 groups with pending join requests from user 691e3479fa0ca2ee636b1cc3
User connected: MjcYPJYYeshNfijGAAA3 User ID: 691e3479fa0ca2ee636b1cc3
User 691e3479fa0ca2ee636b1cc3 joined room
Added 1 group(s) to matches for user 691e3479fa0ca2ee636b1cc3
🔍 DEBUG: Final response breakdown:
  - User matches (accepted): 1
  - Pending matches (individual likes): 0
  - Group matches: 0
  - Available groups: 1
  - Total matches returned: 2
User 691e3479fa0ca2ee636b1cc3 confirmed in room
Found group: Mike Chen & Sam Rodriguez with members: [ 'Mike Chen', 'Sam Rodriguez', 'Jordan Lee' ]
Returning group conversation: {
  id: 'group_692e7c9b98891f81f7522c79',
  groupId: new ObjectId('692e7c9b98891f81f7522c79'),
  groupName: 'Mike Chen & Sam Rodriguez',
  members: [
    {
      id: new ObjectId('691e3479fa0ca2ee636b1cc3'),
      name: 'Mike Chen',
      photo: 'https://images.unsplash.com/photo-1506794778202-cad84cf45f1d?w=400',
      email: 'mike@email.com'
    },
    {
      id: new ObjectId('691e3478fa0ca2ee636b1cbd'),
      name: 'Sam Rodriguez',
      photo: 'https://images.unsplash.com/photo-1494790108377-be9c29b29330?w=400',
      email: 'sam@email.com'
    },
    {
      id: new ObjectId('691e3479fa0ca2ee636b1cc0'),
      name: 'Jordan Lee',
      photo: 'https://images.unsplash.com/photo-1534528741775-53994a69daeb?w=400',
      email: 'jordan@email.com'
    }
  ],
  lastMessage: {
    _id: new ObjectId('692e7d3a98891f81f7522fff'),
    senderId: new ObjectId('691e3479fa0ca2ee636b1cc3'),
    receiverId: null,
    groupId: new ObjectId('692e7c9b98891f81f7522c79'),
    content: 'heo ou!',
    messageType: 'text',
    isRead: false,
    isDeleted: false,
    readBy: [],
    createdAt: 2025-12-02T05:46:34.903Z,
    updatedAt: 2025-12-02T05:46:34.903Z,
    __v: 0
  },
  updatedAt: 2025-12-02T05:46:34.903Z,
  isGroup: true,
  maxMembers: 8
}
Auth check: {
  reqUserId: '691e3479fa0ca2ee636b1cc3',
  paramsId: '691e3479fa0ca2ee636b1cc3'
}
Current user: Mike Chen mike@email.com
Loading group conversations for user: 691e3479fa0ca2ee636b1cc3
Swiped user IDs: [ new ObjectId('691e3478fa0ca2ee636b1cbd') ]
Matched user IDs: [ new ObjectId('691e3478fa0ca2ee636b1cbd') ]
All excluded user IDs: [
  new ObjectId('691e3478fa0ca2ee636b1cbd'),
  new ObjectId('691e3478fa0ca2ee636b1cbd')
]
Filter query: {
  "_id": {
    "$ne": "691e3479fa0ca2ee636b1cc3",
    "$nin": [
      "691e3478fa0ca2ee636b1cbd",
      "691e3478fa0ca2ee636b1cbd"
    ]
  },
  "profileStatus": "active",
  "isActive": true,
  "$or": [
    {
      "groupId": {
        "$exists": false
      }
    },
    {
      "groupId": null
    }
  ]
}
Current user: Mike Chen groupId: {
  preferences: {
    location: { city: 'Oakland', state: 'CA', zipCode: '94612' },
    minAge: 23,
    maxAge: 35,
    preferredGender: [ 'male' ],
    maxRent: 1200,
    cleanlinessLevel: 3,
    noiseTolerance: 4,
    petFriendly: true,
    smokingAllowed: false
  },
  _id: new ObjectId('692e7c9b98891f81f7522c79'),
  name: 'Mike Chen & Sam Rodriguez',
  description: 'Group formed by Mike Chen and Sam Rodriguez',
  memberIds: [
    new ObjectId('691e3479fa0ca2ee636b1cc3'),
    new ObjectId('691e3478fa0ca2ee636b1cbd'),
    new ObjectId('691e3479fa0ca2ee636b1cc0')
  ],
  photos: [
    'https://images.unsplash.com/photo-1506794778202-cad84cf45f1d?w=400',
    'https://images.unsplash.com/photo-1499996860823-5214fcc65f8f?w=400',
    'https://images.unsplash.com/photo-1494790108377-be9c29b29330?w=400',
    'https://images.unsplash.com/photo-1438761681033-6461ffad8d80?w=400'
  ],
  isActive: true,
  maxMembers: 8,
  target_status: 'not_full',
  group_status: 'active',
  pendingVotes: Map(0) {},
  createdAt: 2025-12-02T05:43:55.954Z,
  updatedAt: 2025-12-02T05:46:00.515Z,
  inviteCode: 'DWJK0WMS',
  __v: 1
} status: in_group
Found potential matches: 4
User names: [ 'Steph C', 'Alex Johnson', 'Sam Chen', 'Mike Rodriguez' ]
Returning: 4 matches
Found group: Mike Chen & Sam Rodriguez with members: [ 'Mike Chen', 'Sam Rodriguez', 'Jordan Lee' ]
Potential-matches: found candidateGroups count= 1
Added 1 group(s) into potential matches for user 691e3479fa0ca2ee636b1cc3
Returning group conversation: {
  id: 'group_692e7c9b98891f81f7522c79',
  groupId: new ObjectId('692e7c9b98891f81f7522c79'),
  groupName: 'Mike Chen & Sam Rodriguez',
  members: [
    {
      id: new ObjectId('691e3479fa0ca2ee636b1cc3'),
      name: 'Mike Chen',
      photo: 'https://images.unsplash.com/photo-1506794778202-cad84cf45f1d?w=400',
      email: 'mike@email.com'
    },
    {
      id: new ObjectId('691e3478fa0ca2ee636b1cbd'),
      name: 'Sam Rodriguez',
      photo: 'https://images.unsplash.com/photo-1494790108377-be9c29b29330?w=400',
      email: 'sam@email.com'
    },
    {
      id: new ObjectId('691e3479fa0ca2ee636b1cc0'),
      name: 'Jordan Lee',
      photo: 'https://images.unsplash.com/photo-1534528741775-53994a69daeb?w=400',
      email: 'jordan@email.com'
    }
  ],
  lastMessage: {
    _id: new ObjectId('692e7d3a98891f81f7522fff'),
    senderId: new ObjectId('691e3479fa0ca2ee636b1cc3'),
    receiverId: null,
    groupId: new ObjectId('692e7c9b98891f81f7522c79'),
    content: 'heo ou!',
    messageType: 'text',
    isRead: false,
    isDeleted: false,
    readBy: [],
    createdAt: 2025-12-02T05:46:34.903Z,
    updatedAt: 2025-12-02T05:46:34.903Z,
    __v: 0
  },
  updatedAt: 2025-12-02T05:46:34.903Z,
  isGroup: true,
  maxMembers: 8
}
Loading matches for user: 691e3479fa0ca2ee636b1cc3 requested by: 691e3479fa0ca2ee636b1cc3
Finding matches in database...
Loading group conversations for user: 691e3479fa0ca2ee636b1cc3
Current user: Mike Chen groupId: {
  preferences: {
    location: { city: 'Oakland', state: 'CA', zipCode: '94612' },
    minAge: 23,
    maxAge: 35,
    preferredGender: [ 'male' ],
    maxRent: 1200,
    cleanlinessLevel: 3,
    noiseTolerance: 4,
    petFriendly: true,
    smokingAllowed: false
  },
  _id: new ObjectId('692e7c9b98891f81f7522c79'),
  name: 'Mike Chen & Sam Rodriguez',
  description: 'Group formed by Mike Chen and Sam Rodriguez',
  memberIds: [
    new ObjectId('691e3479fa0ca2ee636b1cc3'),
    new ObjectId('691e3478fa0ca2ee636b1cbd'),
    new ObjectId('691e3479fa0ca2ee636b1cc0')
  ],
  photos: [
    'https://images.unsplash.com/photo-1506794778202-cad84cf45f1d?w=400',
    'https://images.unsplash.com/photo-1499996860823-5214fcc65f8f?w=400',
    'https://images.unsplash.com/photo-1494790108377-be9c29b29330?w=400',
    'https://images.unsplash.com/photo-1438761681033-6461ffad8d80?w=400'
  ],
  isActive: true,
  maxMembers: 8,
  target_status: 'not_full',
  group_status: 'active',
  pendingVotes: Map(0) {},
  createdAt: 2025-12-02T05:43:55.954Z,
  updatedAt: 2025-12-02T05:46:00.515Z,
  inviteCode: 'DWJK0WMS',
  __v: 1
} status: in_group
Found 1 actual matches
Finding incoming likes...
Found group: Mike Chen & Sam Rodriguez with members: [ 'Mike Chen', 'Sam Rodriguez', 'Jordan Lee' ]
Returning group conversation: {
  id: 'group_692e7c9b98891f81f7522c79',
  groupId: new ObjectId('692e7c9b98891f81f7522c79'),
  groupName: 'Mike Chen & Sam Rodriguez',
  members: [
    {
      id: new ObjectId('691e3479fa0ca2ee636b1cc3'),
      name: 'Mike Chen',
      photo: 'https://images.unsplash.com/photo-1506794778202-cad84cf45f1d?w=400',
      email: 'mike@email.com'
    },
    {
      id: new ObjectId('691e3478fa0ca2ee636b1cbd'),
      name: 'Sam Rodriguez',
      photo: 'https://images.unsplash.com/photo-1494790108377-be9c29b29330?w=400',
      email: 'sam@email.com'
    },
    {
      id: new ObjectId('691e3479fa0ca2ee636b1cc0'),
      name: 'Jordan Lee',
      photo: 'https://images.unsplash.com/photo-1534528741775-53994a69daeb?w=400',
      email: 'jordan@email.com'
    }
  ],
  lastMessage: {
    _id: new ObjectId('692e7d3a98891f81f7522fff'),
    senderId: new ObjectId('691e3479fa0ca2ee636b1cc3'),
    receiverId: null,
    groupId: new ObjectId('692e7c9b98891f81f7522c79'),
    content: 'heo ou!',
    messageType: 'text',
    isRead: false,
    isDeleted: false,
    readBy: [],
    createdAt: 2025-12-02T05:46:34.903Z,
    updatedAt: 2025-12-02T05:46:34.903Z,
    __v: 0
  },
  updatedAt: 2025-12-02T05:46:34.903Z,
  isGroup: true,
  maxMembers: 8
}
Found 1 incoming likes
🔍 DEBUG: Raw incoming likes:
  1. SwipeAction 692e7c7698891f81f7522b5b:
     - Swiper: Sam Rodriguez (691e3478fa0ca2ee636b1cbd) - Status: in_group
     - Target: 691e3479fa0ca2ee636b1cc3
     - Action: like
     - Created: Mon Dec 01 2025 21:43:18 GMT-0800 (Pacific Standard Time)
     - Swiper in group: YES
Processing pending matches...
✅ Filtering out pending match - already matched: 691e3478fa0ca2ee636b1cbd <-> 691e3479fa0ca2ee636b1cc3
Created 0 pending matches
🔍 DEBUG: Final pending matches:
Loading group matches...
Found 0 group matches
Processing group matches...
Returning matches for user: 691e3479fa0ca2ee636b1cc3
Real matches: 1
Pending matches: 0
Found 0 groups with pending join requests from user 691e3479fa0ca2ee636b1cc3
Loading group conversations for user: 691e3479fa0ca2ee636b1cc3
Added 1 group(s) to matches for user 691e3479fa0ca2ee636b1cc3
🔍 DEBUG: Final response breakdown:
  - User matches (accepted): 1
  - Pending matches (individual likes): 0
  - Group matches: 0
  - Available groups: 1
  - Total matches returned: 2
Current user: Mike Chen groupId: {
  preferences: {
    location: { city: 'Oakland', state: 'CA', zipCode: '94612' },
    minAge: 23,
    maxAge: 35,
    preferredGender: [ 'male' ],
    maxRent: 1200,
    cleanlinessLevel: 3,
    noiseTolerance: 4,
    petFriendly: true,
    smokingAllowed: false
  },
  _id: new ObjectId('692e7c9b98891f81f7522c79'),
  name: 'Mike Chen & Sam Rodriguez',
  description: 'Group formed by Mike Chen and Sam Rodriguez',
  memberIds: [
    new ObjectId('691e3479fa0ca2ee636b1cc3'),
    new ObjectId('691e3478fa0ca2ee636b1cbd'),
    new ObjectId('691e3479fa0ca2ee636b1cc0')
  ],
  photos: [
    'https://images.unsplash.com/photo-1506794778202-cad84cf45f1d?w=400',
    'https://images.unsplash.com/photo-1499996860823-5214fcc65f8f?w=400',
    'https://images.unsplash.com/photo-1494790108377-be9c29b29330?w=400',
    'https://images.unsplash.com/photo-1438761681033-6461ffad8d80?w=400'
  ],
  isActive: true,
  maxMembers: 8,
  target_status: 'not_full',
  group_status: 'active',
  pendingVotes: Map(0) {},
  createdAt: 2025-12-02T05:43:55.954Z,
  updatedAt: 2025-12-02T05:46:00.515Z,
  inviteCode: 'DWJK0WMS',
  __v: 1
} status: in_group
Found group: Mike Chen & Sam Rodriguez with members: [ 'Mike Chen', 'Sam Rodriguez', 'Jordan Lee' ]
Returning group conversation: {
  id: 'group_692e7c9b98891f81f7522c79',
  groupId: new ObjectId('692e7c9b98891f81f7522c79'),
  groupName: 'Mike Chen & Sam Rodriguez',
  members: [
    {
      id: new ObjectId('691e3479fa0ca2ee636b1cc3'),
      name: 'Mike Chen',
      photo: 'https://images.unsplash.com/photo-1506794778202-cad84cf45f1d?w=400',
      email: 'mike@email.com'
    },
    {
      id: new ObjectId('691e3478fa0ca2ee636b1cbd'),
      name: 'Sam Rodriguez',
      photo: 'https://images.unsplash.com/photo-1494790108377-be9c29b29330?w=400',
      email: 'sam@email.com'
    },
    {
      id: new ObjectId('691e3479fa0ca2ee636b1cc0'),
      name: 'Jordan Lee',
      photo: 'https://images.unsplash.com/photo-1534528741775-53994a69daeb?w=400',
      email: 'jordan@email.com'
    }
  ],
  lastMessage: {
    _id: new ObjectId('692e7d3a98891f81f7522fff'),
    senderId: new ObjectId('691e3479fa0ca2ee636b1cc3'),
    receiverId: null,
    groupId: new ObjectId('692e7c9b98891f81f7522c79'),
    content: 'heo ou!',
    messageType: 'text',
    isRead: false,
    isDeleted: false,
    readBy: [],
    createdAt: 2025-12-02T05:46:34.903Z,
    updatedAt: 2025-12-02T05:46:34.903Z,
    __v: 0
  },
  updatedAt: 2025-12-02T05:46:34.903Z,
  isGroup: true,
  maxMembers: 8
}
Loading group conversations for user: 691e3479fa0ca2ee636b1cc3
Current user: Mike Chen groupId: {
  preferences: {
    location: { city: 'Oakland', state: 'CA', zipCode: '94612' },
    minAge: 23,
    maxAge: 35,
    preferredGender: [ 'male' ],
    maxRent: 1200,
    cleanlinessLevel: 3,
    noiseTolerance: 4,
    petFriendly: true,
    smokingAllowed: false
  },
  _id: new ObjectId('692e7c9b98891f81f7522c79'),
  name: 'Mike Chen & Sam Rodriguez',
  description: 'Group formed by Mike Chen and Sam Rodriguez',
  memberIds: [
    new ObjectId('691e3479fa0ca2ee636b1cc3'),
    new ObjectId('691e3478fa0ca2ee636b1cbd'),
    new ObjectId('691e3479fa0ca2ee636b1cc0')
  ],
  photos: [
    'https://images.unsplash.com/photo-1506794778202-cad84cf45f1d?w=400',
    'https://images.unsplash.com/photo-1499996860823-5214fcc65f8f?w=400',
    'https://images.unsplash.com/photo-1494790108377-be9c29b29330?w=400',
    'https://images.unsplash.com/photo-1438761681033-6461ffad8d80?w=400'
  ],
  isActive: true,
  maxMembers: 8,
  target_status: 'not_full',
  group_status: 'active',
  pendingVotes: Map(0) {},
  createdAt: 2025-12-02T05:43:55.954Z,
  updatedAt: 2025-12-02T05:46:00.515Z,
  inviteCode: 'DWJK0WMS',
  __v: 1
} status: in_group
Found group: Mike Chen & Sam Rodriguez with members: [ 'Mike Chen', 'Sam Rodriguez', 'Jordan Lee' ]
Returning group conversation: {
  id: 'group_692e7c9b98891f81f7522c79',
  groupId: new ObjectId('692e7c9b98891f81f7522c79'),
  groupName: 'Mike Chen & Sam Rodriguez',
  members: [
    {
      id: new ObjectId('691e3479fa0ca2ee636b1cc3'),
      name: 'Mike Chen',
      photo: 'https://images.unsplash.com/photo-1506794778202-cad84cf45f1d?w=400',
      email: 'mike@email.com'
    },
    {
      id: new ObjectId('691e3478fa0ca2ee636b1cbd'),
      name: 'Sam Rodriguez',
      photo: 'https://images.unsplash.com/photo-1494790108377-be9c29b29330?w=400',
      email: 'sam@email.com'
    },
    {
      id: new ObjectId('691e3479fa0ca2ee636b1cc0'),
      name: 'Jordan Lee',
      photo: 'https://images.unsplash.com/photo-1534528741775-53994a69daeb?w=400',
      email: 'jordan@email.com'
    }
  ],
  lastMessage: {
    _id: new ObjectId('692e7d3a98891f81f7522fff'),
    senderId: new ObjectId('691e3479fa0ca2ee636b1cc3'),
    receiverId: null,
    groupId: new ObjectId('692e7c9b98891f81f7522c79'),
    content: 'heo ou!',
    messageType: 'text',
    isRead: false,
    isDeleted: false,
    readBy: [],
    createdAt: 2025-12-02T05:46:34.903Z,
    updatedAt: 2025-12-02T05:46:34.903Z,
    __v: 0
  },
  updatedAt: 2025-12-02T05:46:34.903Z,
  isGroup: true,
  maxMembers: 8
}
Loading group conversations for user: 691e3479fa0ca2ee636b1cc3
Current user: Mike Chen groupId: {
  preferences: {
    location: { city: 'Oakland', state: 'CA', zipCode: '94612' },
    minAge: 23,
    maxAge: 35,
    preferredGender: [ 'male' ],
    maxRent: 1200,
    cleanlinessLevel: 3,
    noiseTolerance: 4,
    petFriendly: true,
    smokingAllowed: false
  },
  _id: new ObjectId('692e7c9b98891f81f7522c79'),
  name: 'Mike Chen & Sam Rodriguez',
  description: 'Group formed by Mike Chen and Sam Rodriguez',
  memberIds: [
    new ObjectId('691e3479fa0ca2ee636b1cc3'),
    new ObjectId('691e3478fa0ca2ee636b1cbd'),
    new ObjectId('691e3479fa0ca2ee636b1cc0')
  ],
  photos: [
    'https://images.unsplash.com/photo-1506794778202-cad84cf45f1d?w=400',
    'https://images.unsplash.com/photo-1499996860823-5214fcc65f8f?w=400',
    'https://images.unsplash.com/photo-1494790108377-be9c29b29330?w=400',
    'https://images.unsplash.com/photo-1438761681033-6461ffad8d80?w=400'
  ],
  isActive: true,
  maxMembers: 8,
  target_status: 'not_full',
  group_status: 'active',
  pendingVotes: Map(0) {},
  createdAt: 2025-12-02T05:43:55.954Z,
  updatedAt: 2025-12-02T05:46:00.515Z,
  inviteCode: 'DWJK0WMS',
  __v: 1
} status: in_group
Found group: Mike Chen & Sam Rodriguez with members: [ 'Mike Chen', 'Sam Rodriguez', 'Jordan Lee' ]
Returning group conversation: {
  id: 'group_692e7c9b98891f81f7522c79',
  groupId: new ObjectId('692e7c9b98891f81f7522c79'),
  groupName: 'Mike Chen & Sam Rodriguez',
  members: [
    {
      id: new ObjectId('691e3479fa0ca2ee636b1cc3'),
      name: 'Mike Chen',
      photo: 'https://images.unsplash.com/photo-1506794778202-cad84cf45f1d?w=400',
      email: 'mike@email.com'
    },
    {
      id: new ObjectId('691e3478fa0ca2ee636b1cbd'),
      name: 'Sam Rodriguez',
      photo: 'https://images.unsplash.com/photo-1494790108377-be9c29b29330?w=400',
      email: 'sam@email.com'
    },
    {
      id: new ObjectId('691e3479fa0ca2ee636b1cc0'),
      name: 'Jordan Lee',
      photo: 'https://images.unsplash.com/photo-1534528741775-53994a69daeb?w=400',
      email: 'jordan@email.com'
    }
  ],
  lastMessage: {
    _id: new ObjectId('692e7d3a98891f81f7522fff'),
    senderId: new ObjectId('691e3479fa0ca2ee636b1cc3'),
    receiverId: null,
    groupId: new ObjectId('692e7c9b98891f81f7522c79'),
    content: 'heo ou!',
    messageType: 'text',
    isRead: false,
    isDeleted: false,
    readBy: [],
    createdAt: 2025-12-02T05:46:34.903Z,
    updatedAt: 2025-12-02T05:46:34.903Z,
    __v: 0
  },
  updatedAt: 2025-12-02T05:46:34.903Z,
  isGroup: true,
  maxMembers: 8
}
Loading group conversations for user: 691e3479fa0ca2ee636b1cc3
Current user: Mike Chen groupId: {
  preferences: {
    location: { city: 'Oakland', state: 'CA', zipCode: '94612' },
    minAge: 23,
    maxAge: 35,
    preferredGender: [ 'male' ],
    maxRent: 1200,
    cleanlinessLevel: 3,
    noiseTolerance: 4,
    petFriendly: true,
    smokingAllowed: false
  },
  _id: new ObjectId('692e7c9b98891f81f7522c79'),
  name: 'Mike Chen & Sam Rodriguez',
  description: 'Group formed by Mike Chen and Sam Rodriguez',
  memberIds: [
    new ObjectId('691e3479fa0ca2ee636b1cc3'),
    new ObjectId('691e3478fa0ca2ee636b1cbd'),
    new ObjectId('691e3479fa0ca2ee636b1cc0')
  ],
  photos: [
    'https://images.unsplash.com/photo-1506794778202-cad84cf45f1d?w=400',
    'https://images.unsplash.com/photo-1499996860823-5214fcc65f8f?w=400',
    'https://images.unsplash.com/photo-1494790108377-be9c29b29330?w=400',
    'https://images.unsplash.com/photo-1438761681033-6461ffad8d80?w=400'
  ],
  isActive: true,
  maxMembers: 8,
  target_status: 'not_full',
  group_status: 'active',
  pendingVotes: Map(0) {},
  createdAt: 2025-12-02T05:43:55.954Z,
  updatedAt: 2025-12-02T05:46:00.515Z,
  inviteCode: 'DWJK0WMS',
  __v: 1
} status: in_group
Found group: Mike Chen & Sam Rodriguez with members: [ 'Mike Chen', 'Sam Rodriguez', 'Jordan Lee' ]
Returning group conversation: {
  id: 'group_692e7c9b98891f81f7522c79',
  groupId: new ObjectId('692e7c9b98891f81f7522c79'),
  groupName: 'Mike Chen & Sam Rodriguez',
  members: [
    {
      id: new ObjectId('691e3479fa0ca2ee636b1cc3'),
      name: 'Mike Chen',
      photo: 'https://images.unsplash.com/photo-1506794778202-cad84cf45f1d?w=400',
      email: 'mike@email.com'
    },
    {
      id: new ObjectId('691e3478fa0ca2ee636b1cbd'),
      name: 'Sam Rodriguez',
      photo: 'https://images.unsplash.com/photo-1494790108377-be9c29b29330?w=400',
      email: 'sam@email.com'
    },
    {
      id: new ObjectId('691e3479fa0ca2ee636b1cc0'),
      name: 'Jordan Lee',
      photo: 'https://images.unsplash.com/photo-1534528741775-53994a69daeb?w=400',
      email: 'jordan@email.com'
    }
  ],
  lastMessage: {
    _id: new ObjectId('692e7d3a98891f81f7522fff'),
    senderId: new ObjectId('691e3479fa0ca2ee636b1cc3'),
    receiverId: null,
    groupId: new ObjectId('692e7c9b98891f81f7522c79'),
    content: 'heo ou!',
    messageType: 'text',
    isRead: false,
    isDeleted: false,
    readBy: [],
    createdAt: 2025-12-02T05:46:34.903Z,
    updatedAt: 2025-12-02T05:46:34.903Z,
    __v: 0
  },
  updatedAt: 2025-12-02T05:46:34.903Z,
  isGroup: true,
  maxMembers: 8
}
User connected: wY58B83lZTRnNb3KAAA5 User ID: 691e3479fa0ca2ee636b1cc3
User 691e3479fa0ca2ee636b1cc3 joined room
User 691e3479fa0ca2ee636b1cc3 confirmed in room
User disconnected: wY58B83lZTRnNb3KAAA5 User ID: 691e3479fa0ca2ee636b1cc3
Auth check: {
  reqUserId: '691e3479fa0ca2ee636b1cc3',
  paramsId: '691e3479fa0ca2ee636b1cc3'
}
Loading matches for user: 691e3479fa0ca2ee636b1cc3 requested by: 691e3479fa0ca2ee636b1cc3
Finding matches in database...
Current user: Mike Chen mike@email.com
Swiped user IDs: [ new ObjectId('691e3478fa0ca2ee636b1cbd') ]
Found 1 actual matches
Finding incoming likes...
Matched user IDs: [ new ObjectId('691e3478fa0ca2ee636b1cbd') ]
All excluded user IDs: [
  new ObjectId('691e3478fa0ca2ee636b1cbd'),
  new ObjectId('691e3478fa0ca2ee636b1cbd')
]
Filter query: {
  "_id": {
    "$ne": "691e3479fa0ca2ee636b1cc3",
    "$nin": [
      "691e3478fa0ca2ee636b1cbd",
      "691e3478fa0ca2ee636b1cbd"
    ]
  },
  "profileStatus": "active",
  "isActive": true,
  "$or": [
    {
      "groupId": {
        "$exists": false
      }
    },
    {
      "groupId": null
    }
  ]
}
Found potential matches: 4
User names: [ 'Steph C', 'Alex Johnson', 'Sam Chen', 'Mike Rodriguez' ]
Returning: 4 matches
Found 1 incoming likes
🔍 DEBUG: Raw incoming likes:
  1. SwipeAction 692e7c7698891f81f7522b5b:
     - Swiper: Sam Rodriguez (691e3478fa0ca2ee636b1cbd) - Status: in_group
     - Target: 691e3479fa0ca2ee636b1cc3
     - Action: like
     - Created: Mon Dec 01 2025 21:43:18 GMT-0800 (Pacific Standard Time)
     - Swiper in group: YES
Processing pending matches...
✅ Filtering out pending match - already matched: 691e3478fa0ca2ee636b1cbd <-> 691e3479fa0ca2ee636b1cc3
Created 0 pending matches
🔍 DEBUG: Final pending matches:
Loading group matches...
Potential-matches: found candidateGroups count= 1
Added 1 group(s) into potential matches for user 691e3479fa0ca2ee636b1cc3
Found 0 group matches
Processing group matches...
Returning matches for user: 691e3479fa0ca2ee636b1cc3
Real matches: 1
Pending matches: 0
Found 0 groups with pending join requests from user 691e3479fa0ca2ee636b1cc3
Added 1 group(s) to matches for user 691e3479fa0ca2ee636b1cc3
🔍 DEBUG: Final response breakdown:
  - User matches (accepted): 1
  - Pending matches (individual likes): 0
  - Group matches: 0
  - Available groups: 1
  - Total matches returned: 2
User disconnected: MjcYPJYYeshNfijGAAA3 User ID: 691e3479fa0ca2ee636b1cc3
Auth check: {
  reqUserId: '691e3478fa0ca2ee636b1cbd',
  paramsId: '691e3478fa0ca2ee636b1cbd'
}
User connected: Ri2Issjp8C2-QtobAAA7 User ID: 691e3478fa0ca2ee636b1cbd
User 691e3478fa0ca2ee636b1cbd joined room
Current user: Sam Rodriguez sam@email.com
User 691e3478fa0ca2ee636b1cbd confirmed in room
Swiped user IDs: [ new ObjectId('691e3479fa0ca2ee636b1cc3') ]
Matched user IDs: [ new ObjectId('691e3479fa0ca2ee636b1cc3') ]
All excluded user IDs: [
  new ObjectId('691e3479fa0ca2ee636b1cc3'),
  new ObjectId('691e3479fa0ca2ee636b1cc3')
]
Filter query: {
  "_id": {
    "$ne": "691e3478fa0ca2ee636b1cbd",
    "$nin": [
      "691e3479fa0ca2ee636b1cc3",
      "691e3479fa0ca2ee636b1cc3"
    ]
  },
  "profileStatus": "active",
  "isActive": true,
  "$or": [
    {
      "groupId": {
        "$exists": false
      }
    },
    {
      "groupId": null
    }
  ]
}
Found potential matches: 4
User names: [ 'Steph C', 'Alex Johnson', 'Sam Chen', 'Mike Rodriguez' ]
Returning: 4 matches
Potential-matches: found candidateGroups count= 1
Added 1 group(s) into potential matches for user 691e3478fa0ca2ee636b1cbd
Loading matches for user: 691e3478fa0ca2ee636b1cbd requested by: 691e3478fa0ca2ee636b1cbd
Finding matches in database...
Found 1 actual matches
Finding incoming likes...
Found 1 incoming likes
🔍 DEBUG: Raw incoming likes:
  1. SwipeAction 692e7c8398891f81f7522b94:
     - Swiper: Mike Chen (691e3479fa0ca2ee636b1cc3) - Status: in_group
     - Target: 691e3478fa0ca2ee636b1cbd
     - Action: like
     - Created: Mon Dec 01 2025 21:43:31 GMT-0800 (Pacific Standard Time)
     - Swiper in group: YES
Processing pending matches...
✅ Filtering out pending match - already matched: 691e3479fa0ca2ee636b1cc3 <-> 691e3478fa0ca2ee636b1cbd
Created 0 pending matches
🔍 DEBUG: Final pending matches:
Loading group matches...
Found 0 group matches
Processing group matches...
Returning matches for user: 691e3478fa0ca2ee636b1cbd
Real matches: 1
Pending matches: 0
Found 0 groups with pending join requests from user 691e3478fa0ca2ee636b1cbd
Added 1 group(s) to matches for user 691e3478fa0ca2ee636b1cbd
🔍 DEBUG: Final response breakdown:
  - User matches (accepted): 1
  - Pending matches (individual likes): 0
  - Group matches: 0
  - Available groups: 1
  - Total matches returned: 2
Loading group conversations for user: 691e3478fa0ca2ee636b1cbd
Auth check: {
  reqUserId: '691e3478fa0ca2ee636b1cbd',
  paramsId: '691e3478fa0ca2ee636b1cbd'
}
Loading matches for user: 691e3478fa0ca2ee636b1cbd requested by: 691e3478fa0ca2ee636b1cbd
Finding matches in database...
Current user: Sam Rodriguez groupId: {
  preferences: {
    location: { city: 'Oakland', state: 'CA', zipCode: '94612' },
    minAge: 23,
    maxAge: 35,
    preferredGender: [ 'male' ],
    maxRent: 1200,
    cleanlinessLevel: 3,
    noiseTolerance: 4,
    petFriendly: true,
    smokingAllowed: false
  },
  _id: new ObjectId('692e7c9b98891f81f7522c79'),
  name: 'Mike Chen & Sam Rodriguez',
  description: 'Group formed by Mike Chen and Sam Rodriguez',
  memberIds: [
    new ObjectId('691e3479fa0ca2ee636b1cc3'),
    new ObjectId('691e3478fa0ca2ee636b1cbd'),
    new ObjectId('691e3479fa0ca2ee636b1cc0')
  ],
  photos: [
    'https://images.unsplash.com/photo-1506794778202-cad84cf45f1d?w=400',
    'https://images.unsplash.com/photo-1499996860823-5214fcc65f8f?w=400',
    'https://images.unsplash.com/photo-1494790108377-be9c29b29330?w=400',
    'https://images.unsplash.com/photo-1438761681033-6461ffad8d80?w=400'
  ],
  isActive: true,
  maxMembers: 8,
  target_status: 'not_full',
  group_status: 'active',
  pendingVotes: Map(0) {},
  createdAt: 2025-12-02T05:43:55.954Z,
  updatedAt: 2025-12-02T05:46:00.515Z,
  inviteCode: 'DWJK0WMS',
  __v: 1
} status: in_group
Current user: Sam Rodriguez sam@email.com
User disconnected: Ri2Issjp8C2-QtobAAA7 User ID: 691e3478fa0ca2ee636b1cbd
Swiped user IDs: [ new ObjectId('691e3479fa0ca2ee636b1cc3') ]
Found group: Mike Chen & Sam Rodriguez with members: [ 'Mike Chen', 'Sam Rodriguez', 'Jordan Lee' ]
Matched user IDs: [ new ObjectId('691e3479fa0ca2ee636b1cc3') ]
All excluded user IDs: [
  new ObjectId('691e3479fa0ca2ee636b1cc3'),
  new ObjectId('691e3479fa0ca2ee636b1cc3')
]
Filter query: {
  "_id": {
    "$ne": "691e3478fa0ca2ee636b1cbd",
    "$nin": [
      "691e3479fa0ca2ee636b1cc3",
      "691e3479fa0ca2ee636b1cc3"
    ]
  },
  "profileStatus": "active",
  "isActive": true,
  "$or": [
    {
      "groupId": {
        "$exists": false
      }
    },
    {
      "groupId": null
    }
  ]
}
Returning group conversation: {
  id: 'group_692e7c9b98891f81f7522c79',
  groupId: new ObjectId('692e7c9b98891f81f7522c79'),
  groupName: 'Mike Chen & Sam Rodriguez',
  members: [
    {
      id: new ObjectId('691e3479fa0ca2ee636b1cc3'),
      name: 'Mike Chen',
      photo: 'https://images.unsplash.com/photo-1506794778202-cad84cf45f1d?w=400',
      email: 'mike@email.com'
    },
    {
      id: new ObjectId('691e3478fa0ca2ee636b1cbd'),
      name: 'Sam Rodriguez',
      photo: 'https://images.unsplash.com/photo-1494790108377-be9c29b29330?w=400',
      email: 'sam@email.com'
    },
    {
      id: new ObjectId('691e3479fa0ca2ee636b1cc0'),
      name: 'Jordan Lee',
      photo: 'https://images.unsplash.com/photo-1534528741775-53994a69daeb?w=400',
      email: 'jordan@email.com'
    }
  ],
  lastMessage: {
    _id: new ObjectId('692e7d3a98891f81f7522fff'),
    senderId: new ObjectId('691e3479fa0ca2ee636b1cc3'),
    receiverId: null,
    groupId: new ObjectId('692e7c9b98891f81f7522c79'),
    content: 'heo ou!',
    messageType: 'text',
    isRead: false,
    isDeleted: false,
    readBy: [],
    createdAt: 2025-12-02T05:46:34.903Z,
    updatedAt: 2025-12-02T05:46:34.903Z,
    __v: 0
  },
  updatedAt: 2025-12-02T05:46:34.903Z,
  isGroup: true,
  maxMembers: 8
}
Found potential matches: 4
User names: [ 'Steph C', 'Alex Johnson', 'Sam Chen', 'Mike Rodriguez' ]
Returning: 4 matches
Found 1 actual matches
Finding incoming likes...
User connected: AusBNtsuEXkJJZORAAA9 User ID: 691e3478fa0ca2ee636b1cbd
User 691e3478fa0ca2ee636b1cbd joined room
Potential-matches: found candidateGroups count= 1
Added 1 group(s) into potential matches for user 691e3478fa0ca2ee636b1cbd
Found 1 incoming likes
🔍 DEBUG: Raw incoming likes:
  1. SwipeAction 692e7c8398891f81f7522b94:
     - Swiper: Mike Chen (691e3479fa0ca2ee636b1cc3) - Status: in_group
     - Target: 691e3478fa0ca2ee636b1cbd
     - Action: like
     - Created: Mon Dec 01 2025 21:43:31 GMT-0800 (Pacific Standard Time)
     - Swiper in group: YES
Processing pending matches...
✅ Filtering out pending match - already matched: 691e3479fa0ca2ee636b1cc3 <-> 691e3478fa0ca2ee636b1cbd
Created 0 pending matches
🔍 DEBUG: Final pending matches:
Loading group matches...
User 691e3478fa0ca2ee636b1cbd confirmed in room
Found 0 group matches
Processing group matches...
Returning matches for user: 691e3478fa0ca2ee636b1cbd
Real matches: 1
Pending matches: 0
Found 0 groups with pending join requests from user 691e3478fa0ca2ee636b1cbd
Loading group conversations for user: 691e3478fa0ca2ee636b1cbd
Added 1 group(s) to matches for user 691e3478fa0ca2ee636b1cbd
🔍 DEBUG: Final response breakdown:
  - User matches (accepted): 1
  - Pending matches (individual likes): 0
  - Group matches: 0
  - Available groups: 1
  - Total matches returned: 2
Auth check: {
  reqUserId: '691e3478fa0ca2ee636b1cbd',
  paramsId: '691e3478fa0ca2ee636b1cbd'
}
Current user: Sam Rodriguez groupId: {
  preferences: {
    location: { city: 'Oakland', state: 'CA', zipCode: '94612' },
    minAge: 23,
    maxAge: 35,
    preferredGender: [ 'male' ],
    maxRent: 1200,
    cleanlinessLevel: 3,
    noiseTolerance: 4,
    petFriendly: true,
    smokingAllowed: false
  },
  _id: new ObjectId('692e7c9b98891f81f7522c79'),
  name: 'Mike Chen & Sam Rodriguez',
  description: 'Group formed by Mike Chen and Sam Rodriguez',
  memberIds: [
    new ObjectId('691e3479fa0ca2ee636b1cc3'),
    new ObjectId('691e3478fa0ca2ee636b1cbd'),
    new ObjectId('691e3479fa0ca2ee636b1cc0')
  ],
  photos: [
    'https://images.unsplash.com/photo-1506794778202-cad84cf45f1d?w=400',
    'https://images.unsplash.com/photo-1499996860823-5214fcc65f8f?w=400',
    'https://images.unsplash.com/photo-1494790108377-be9c29b29330?w=400',
    'https://images.unsplash.com/photo-1438761681033-6461ffad8d80?w=400'
  ],
  isActive: true,
  maxMembers: 8,
  target_status: 'not_full',
  group_status: 'active',
  pendingVotes: Map(0) {},
  createdAt: 2025-12-02T05:43:55.954Z,
  updatedAt: 2025-12-02T05:46:00.515Z,
  inviteCode: 'DWJK0WMS',
  __v: 1
} status: in_group
Current user: Sam Rodriguez sam@email.com
Found group: Mike Chen & Sam Rodriguez with members: [ 'Mike Chen', 'Sam Rodriguez', 'Jordan Lee' ]
Swiped user IDs: [ new ObjectId('691e3479fa0ca2ee636b1cc3') ]
Matched user IDs: [ new ObjectId('691e3479fa0ca2ee636b1cc3') ]
All excluded user IDs: [
  new ObjectId('691e3479fa0ca2ee636b1cc3'),
  new ObjectId('691e3479fa0ca2ee636b1cc3')
]
Filter query: {
  "_id": {
    "$ne": "691e3478fa0ca2ee636b1cbd",
    "$nin": [
      "691e3479fa0ca2ee636b1cc3",
      "691e3479fa0ca2ee636b1cc3"
    ]
  },
  "profileStatus": "active",
  "isActive": true,
  "$or": [
    {
      "groupId": {
        "$exists": false
      }
    },
    {
      "groupId": null
    }
  ]
}
Returning group conversation: {
  id: 'group_692e7c9b98891f81f7522c79',
  groupId: new ObjectId('692e7c9b98891f81f7522c79'),
  groupName: 'Mike Chen & Sam Rodriguez',
  members: [
    {
      id: new ObjectId('691e3479fa0ca2ee636b1cc3'),
      name: 'Mike Chen',
      photo: 'https://images.unsplash.com/photo-1506794778202-cad84cf45f1d?w=400',
      email: 'mike@email.com'
    },
    {
      id: new ObjectId('691e3478fa0ca2ee636b1cbd'),
      name: 'Sam Rodriguez',
      photo: 'https://images.unsplash.com/photo-1494790108377-be9c29b29330?w=400',
      email: 'sam@email.com'
    },
    {
      id: new ObjectId('691e3479fa0ca2ee636b1cc0'),
      name: 'Jordan Lee',
      photo: 'https://images.unsplash.com/photo-1534528741775-53994a69daeb?w=400',
      email: 'jordan@email.com'
    }
  ],
  lastMessage: {
    _id: new ObjectId('692e7d3a98891f81f7522fff'),
    senderId: new ObjectId('691e3479fa0ca2ee636b1cc3'),
    receiverId: null,
    groupId: new ObjectId('692e7c9b98891f81f7522c79'),
    content: 'heo ou!',
    messageType: 'text',
    isRead: false,
    isDeleted: false,
    readBy: [],
    createdAt: 2025-12-02T05:46:34.903Z,
    updatedAt: 2025-12-02T05:46:34.903Z,
    __v: 0
  },
  updatedAt: 2025-12-02T05:46:34.903Z,
  isGroup: true,
  maxMembers: 8
}
Found potential matches: 4
User names: [ 'Steph C', 'Alex Johnson', 'Sam Chen', 'Mike Rodriguez' ]
Returning: 4 matches
Potential-matches: found candidateGroups count= 1
Added 1 group(s) into potential matches for user 691e3478fa0ca2ee636b1cbd
Loading group conversations for user: 691e3478fa0ca2ee636b1cbd
Current user: Sam Rodriguez groupId: {
  preferences: {
    location: { city: 'Oakland', state: 'CA', zipCode: '94612' },
    minAge: 23,
    maxAge: 35,
    preferredGender: [ 'male' ],
    maxRent: 1200,
    cleanlinessLevel: 3,
    noiseTolerance: 4,
    petFriendly: true,
    smokingAllowed: false
  },
  _id: new ObjectId('692e7c9b98891f81f7522c79'),
  name: 'Mike Chen & Sam Rodriguez',
  description: 'Group formed by Mike Chen and Sam Rodriguez',
  memberIds: [
    new ObjectId('691e3479fa0ca2ee636b1cc3'),
    new ObjectId('691e3478fa0ca2ee636b1cbd'),
    new ObjectId('691e3479fa0ca2ee636b1cc0')
  ],
  photos: [
    'https://images.unsplash.com/photo-1506794778202-cad84cf45f1d?w=400',
    'https://images.unsplash.com/photo-1499996860823-5214fcc65f8f?w=400',
    'https://images.unsplash.com/photo-1494790108377-be9c29b29330?w=400',
    'https://images.unsplash.com/photo-1438761681033-6461ffad8d80?w=400'
  ],
  isActive: true,
  maxMembers: 8,
  target_status: 'not_full',
  group_status: 'active',
  pendingVotes: Map(0) {},
  createdAt: 2025-12-02T05:43:55.954Z,
  updatedAt: 2025-12-02T05:46:00.515Z,
  inviteCode: 'DWJK0WMS',
  __v: 1
} status: in_group
Found group: Mike Chen & Sam Rodriguez with members: [ 'Mike Chen', 'Sam Rodriguez', 'Jordan Lee' ]
Loading matches for user: 691e3478fa0ca2ee636b1cbd requested by: 691e3478fa0ca2ee636b1cbd
Finding matches in database...
Returning group conversation: {
  id: 'group_692e7c9b98891f81f7522c79',
  groupId: new ObjectId('692e7c9b98891f81f7522c79'),
  groupName: 'Mike Chen & Sam Rodriguez',
  members: [
    {
      id: new ObjectId('691e3479fa0ca2ee636b1cc3'),
      name: 'Mike Chen',
      photo: 'https://images.unsplash.com/photo-1506794778202-cad84cf45f1d?w=400',
      email: 'mike@email.com'
    },
    {
      id: new ObjectId('691e3478fa0ca2ee636b1cbd'),
      name: 'Sam Rodriguez',
      photo: 'https://images.unsplash.com/photo-1494790108377-be9c29b29330?w=400',
      email: 'sam@email.com'
    },
    {
      id: new ObjectId('691e3479fa0ca2ee636b1cc0'),
      name: 'Jordan Lee',
      photo: 'https://images.unsplash.com/photo-1534528741775-53994a69daeb?w=400',
      email: 'jordan@email.com'
    }
  ],
  lastMessage: {
    _id: new ObjectId('692e7d3a98891f81f7522fff'),
    senderId: new ObjectId('691e3479fa0ca2ee636b1cc3'),
    receiverId: null,
    groupId: new ObjectId('692e7c9b98891f81f7522c79'),
    content: 'heo ou!',
    messageType: 'text',
    isRead: false,
    isDeleted: false,
    readBy: [],
    createdAt: 2025-12-02T05:46:34.903Z,
    updatedAt: 2025-12-02T05:46:34.903Z,
    __v: 0
  },
  updatedAt: 2025-12-02T05:46:34.903Z,
  isGroup: true,
  maxMembers: 8
}
Found 1 actual matches
Finding incoming likes...
Loading group conversations for user: 691e3478fa0ca2ee636b1cbd
Found 1 incoming likes
🔍 DEBUG: Raw incoming likes:
  1. SwipeAction 692e7c8398891f81f7522b94:
     - Swiper: Mike Chen (691e3479fa0ca2ee636b1cc3) - Status: in_group
     - Target: 691e3478fa0ca2ee636b1cbd
     - Action: like
     - Created: Mon Dec 01 2025 21:43:31 GMT-0800 (Pacific Standard Time)
     - Swiper in group: YES
Processing pending matches...
✅ Filtering out pending match - already matched: 691e3479fa0ca2ee636b1cc3 <-> 691e3478fa0ca2ee636b1cbd
Created 0 pending matches
🔍 DEBUG: Final pending matches:
Loading group matches...
Current user: Sam Rodriguez groupId: {
  preferences: {
    location: { city: 'Oakland', state: 'CA', zipCode: '94612' },
    minAge: 23,
    maxAge: 35,
    preferredGender: [ 'male' ],
    maxRent: 1200,
    cleanlinessLevel: 3,
    noiseTolerance: 4,
    petFriendly: true,
    smokingAllowed: false
  },
  _id: new ObjectId('692e7c9b98891f81f7522c79'),
  name: 'Mike Chen & Sam Rodriguez',
  description: 'Group formed by Mike Chen and Sam Rodriguez',
  memberIds: [
    new ObjectId('691e3479fa0ca2ee636b1cc3'),
    new ObjectId('691e3478fa0ca2ee636b1cbd'),
    new ObjectId('691e3479fa0ca2ee636b1cc0')
  ],
  photos: [
    'https://images.unsplash.com/photo-1506794778202-cad84cf45f1d?w=400',
    'https://images.unsplash.com/photo-1499996860823-5214fcc65f8f?w=400',
    'https://images.unsplash.com/photo-1494790108377-be9c29b29330?w=400',
    'https://images.unsplash.com/photo-1438761681033-6461ffad8d80?w=400'
  ],
  isActive: true,
  maxMembers: 8,
  target_status: 'not_full',
  group_status: 'active',
  pendingVotes: Map(0) {},
  createdAt: 2025-12-02T05:43:55.954Z,
  updatedAt: 2025-12-02T05:46:00.515Z,
  inviteCode: 'DWJK0WMS',
  __v: 1
} status: in_group
Found 0 group matches
Processing group matches...
Returning matches for user: 691e3478fa0ca2ee636b1cbd
Real matches: 1
Pending matches: 0
Found group: Mike Chen & Sam Rodriguez with members: [ 'Mike Chen', 'Sam Rodriguez', 'Jordan Lee' ]
Found 0 groups with pending join requests from user 691e3478fa0ca2ee636b1cbd
Returning group conversation: {
  id: 'group_692e7c9b98891f81f7522c79',
  groupId: new ObjectId('692e7c9b98891f81f7522c79'),
  groupName: 'Mike Chen & Sam Rodriguez',
  members: [
    {
      id: new ObjectId('691e3479fa0ca2ee636b1cc3'),
      name: 'Mike Chen',
      photo: 'https://images.unsplash.com/photo-1506794778202-cad84cf45f1d?w=400',
      email: 'mike@email.com'
    },
    {
      id: new ObjectId('691e3478fa0ca2ee636b1cbd'),
      name: 'Sam Rodriguez',
      photo: 'https://images.unsplash.com/photo-1494790108377-be9c29b29330?w=400',
      email: 'sam@email.com'
    },
    {
      id: new ObjectId('691e3479fa0ca2ee636b1cc0'),
      name: 'Jordan Lee',
      photo: 'https://images.unsplash.com/photo-1534528741775-53994a69daeb?w=400',
      email: 'jordan@email.com'
    }
  ],
  lastMessage: {
    _id: new ObjectId('692e7d3a98891f81f7522fff'),
    senderId: new ObjectId('691e3479fa0ca2ee636b1cc3'),
    receiverId: null,
    groupId: new ObjectId('692e7c9b98891f81f7522c79'),
    content: 'heo ou!',
    messageType: 'text',
    isRead: false,
    isDeleted: false,
    readBy: [],
    createdAt: 2025-12-02T05:46:34.903Z,
    updatedAt: 2025-12-02T05:46:34.903Z,
    __v: 0
  },
  updatedAt: 2025-12-02T05:46:34.903Z,
  isGroup: true,
  maxMembers: 8
}
Added 1 group(s) to matches for user 691e3478fa0ca2ee636b1cbd
🔍 DEBUG: Final response breakdown:
  - User matches (accepted): 1
  - Pending matches (individual likes): 0
  - Group matches: 0
  - Available groups: 1
  - Total matches returned: 2
Loading group conversations for user: 691e3478fa0ca2ee636b1cbd
Current user: Sam Rodriguez groupId: {
  preferences: {
    location: { city: 'Oakland', state: 'CA', zipCode: '94612' },
    minAge: 23,
    maxAge: 35,
    preferredGender: [ 'male' ],
    maxRent: 1200,
    cleanlinessLevel: 3,
    noiseTolerance: 4,
    petFriendly: true,
    smokingAllowed: false
  },
  _id: new ObjectId('692e7c9b98891f81f7522c79'),
  name: 'Mike Chen & Sam Rodriguez',
  description: 'Group formed by Mike Chen and Sam Rodriguez',
  memberIds: [
    new ObjectId('691e3479fa0ca2ee636b1cc3'),
    new ObjectId('691e3478fa0ca2ee636b1cbd'),
    new ObjectId('691e3479fa0ca2ee636b1cc0')
  ],
  photos: [
    'https://images.unsplash.com/photo-1506794778202-cad84cf45f1d?w=400',
    'https://images.unsplash.com/photo-1499996860823-5214fcc65f8f?w=400',
    'https://images.unsplash.com/photo-1494790108377-be9c29b29330?w=400',
    'https://images.unsplash.com/photo-1438761681033-6461ffad8d80?w=400'
  ],
  isActive: true,
  maxMembers: 8,
  target_status: 'not_full',
  group_status: 'active',
  pendingVotes: Map(0) {},
  createdAt: 2025-12-02T05:43:55.954Z,
  updatedAt: 2025-12-02T05:46:00.515Z,
  inviteCode: 'DWJK0WMS',
  __v: 1
} status: in_group
Found group: Mike Chen & Sam Rodriguez with members: [ 'Mike Chen', 'Sam Rodriguez', 'Jordan Lee' ]
Returning group conversation: {
  id: 'group_692e7c9b98891f81f7522c79',
  groupId: new ObjectId('692e7c9b98891f81f7522c79'),
  groupName: 'Mike Chen & Sam Rodriguez',
  members: [
    {
      id: new ObjectId('691e3479fa0ca2ee636b1cc3'),
      name: 'Mike Chen',
      photo: 'https://images.unsplash.com/photo-1506794778202-cad84cf45f1d?w=400',
      email: 'mike@email.com'
    },
    {
      id: new ObjectId('691e3478fa0ca2ee636b1cbd'),
      name: 'Sam Rodriguez',
      photo: 'https://images.unsplash.com/photo-1494790108377-be9c29b29330?w=400',
      email: 'sam@email.com'
    },
    {
      id: new ObjectId('691e3479fa0ca2ee636b1cc0'),
      name: 'Jordan Lee',
      photo: 'https://images.unsplash.com/photo-1534528741775-53994a69daeb?w=400',
      email: 'jordan@email.com'
    }
  ],
  lastMessage: {
    _id: new ObjectId('692e7d3a98891f81f7522fff'),
    senderId: new ObjectId('691e3479fa0ca2ee636b1cc3'),
    receiverId: null,
    groupId: new ObjectId('692e7c9b98891f81f7522c79'),
    content: 'heo ou!',
    messageType: 'text',
    isRead: false,
    isDeleted: false,
    readBy: [],
    createdAt: 2025-12-02T05:46:34.903Z,
    updatedAt: 2025-12-02T05:46:34.903Z,
    __v: 0
  },
  updatedAt: 2025-12-02T05:46:34.903Z,
  isGroup: true,
  maxMembers: 8
}
Loading group conversations for user: 691e3478fa0ca2ee636b1cbd
Current user: Sam Rodriguez groupId: {
  preferences: {
    location: { city: 'Oakland', state: 'CA', zipCode: '94612' },
    minAge: 23,
    maxAge: 35,
    preferredGender: [ 'male' ],
    maxRent: 1200,
    cleanlinessLevel: 3,
    noiseTolerance: 4,
    petFriendly: true,
    smokingAllowed: false
  },
  _id: new ObjectId('692e7c9b98891f81f7522c79'),
  name: 'Mike Chen & Sam Rodriguez',
  description: 'Group formed by Mike Chen and Sam Rodriguez',
  memberIds: [
    new ObjectId('691e3479fa0ca2ee636b1cc3'),
    new ObjectId('691e3478fa0ca2ee636b1cbd'),
    new ObjectId('691e3479fa0ca2ee636b1cc0')
  ],
  photos: [
    'https://images.unsplash.com/photo-1506794778202-cad84cf45f1d?w=400',
    'https://images.unsplash.com/photo-1499996860823-5214fcc65f8f?w=400',
    'https://images.unsplash.com/photo-1494790108377-be9c29b29330?w=400',
    'https://images.unsplash.com/photo-1438761681033-6461ffad8d80?w=400'
  ],
  isActive: true,
  maxMembers: 8,
  target_status: 'not_full',
  group_status: 'active',
  pendingVotes: Map(0) {},
  createdAt: 2025-12-02T05:43:55.954Z,
  updatedAt: 2025-12-02T05:46:00.515Z,
  inviteCode: 'DWJK0WMS',
  __v: 1
} status: in_group
Found group: Mike Chen & Sam Rodriguez with members: [ 'Mike Chen', 'Sam Rodriguez', 'Jordan Lee' ]
Returning group conversation: {
  id: 'group_692e7c9b98891f81f7522c79',
  groupId: new ObjectId('692e7c9b98891f81f7522c79'),
  groupName: 'Mike Chen & Sam Rodriguez',
  members: [
    {
      id: new ObjectId('691e3479fa0ca2ee636b1cc3'),
      name: 'Mike Chen',
      photo: 'https://images.unsplash.com/photo-1506794778202-cad84cf45f1d?w=400',
      email: 'mike@email.com'
    },
    {
      id: new ObjectId('691e3478fa0ca2ee636b1cbd'),
      name: 'Sam Rodriguez',
      photo: 'https://images.unsplash.com/photo-1494790108377-be9c29b29330?w=400',
      email: 'sam@email.com'
    },
    {
      id: new ObjectId('691e3479fa0ca2ee636b1cc0'),
      name: 'Jordan Lee',
      photo: 'https://images.unsplash.com/photo-1534528741775-53994a69daeb?w=400',
      email: 'jordan@email.com'
    }
  ],
  lastMessage: {
    _id: new ObjectId('692e7d3a98891f81f7522fff'),
    senderId: new ObjectId('691e3479fa0ca2ee636b1cc3'),
    receiverId: null,
    groupId: new ObjectId('692e7c9b98891f81f7522c79'),
    content: 'heo ou!',
    messageType: 'text',
    isRead: false,
    isDeleted: false,
    readBy: [],
    createdAt: 2025-12-02T05:46:34.903Z,
    updatedAt: 2025-12-02T05:46:34.903Z,
    __v: 0
  },
  updatedAt: 2025-12-02T05:46:34.903Z,
  isGroup: true,
  maxMembers: 8
}
Loading group conversations for user: 691e3478fa0ca2ee636b1cbd
Current user: Sam Rodriguez groupId: {
  preferences: {
    location: { city: 'Oakland', state: 'CA', zipCode: '94612' },
    minAge: 23,
    maxAge: 35,
    preferredGender: [ 'male' ],
    maxRent: 1200,
    cleanlinessLevel: 3,
    noiseTolerance: 4,
    petFriendly: true,
    smokingAllowed: false
  },
  _id: new ObjectId('692e7c9b98891f81f7522c79'),
  name: 'Mike Chen & Sam Rodriguez',
  description: 'Group formed by Mike Chen and Sam Rodriguez',
  memberIds: [
    new ObjectId('691e3479fa0ca2ee636b1cc3'),
    new ObjectId('691e3478fa0ca2ee636b1cbd'),
    new ObjectId('691e3479fa0ca2ee636b1cc0')
  ],
  photos: [
    'https://images.unsplash.com/photo-1506794778202-cad84cf45f1d?w=400',
    'https://images.unsplash.com/photo-1499996860823-5214fcc65f8f?w=400',
    'https://images.unsplash.com/photo-1494790108377-be9c29b29330?w=400',
    'https://images.unsplash.com/photo-1438761681033-6461ffad8d80?w=400'
  ],
  isActive: true,
  maxMembers: 8,
  target_status: 'not_full',
  group_status: 'active',
  pendingVotes: Map(0) {},
  createdAt: 2025-12-02T05:43:55.954Z,
  updatedAt: 2025-12-02T05:46:00.515Z,
  inviteCode: 'DWJK0WMS',
  __v: 1
} status: in_group
Found group: Mike Chen & Sam Rodriguez with members: [ 'Mike Chen', 'Sam Rodriguez', 'Jordan Lee' ]
Returning group conversation: {
  id: 'group_692e7c9b98891f81f7522c79',
  groupId: new ObjectId('692e7c9b98891f81f7522c79'),
  groupName: 'Mike Chen & Sam Rodriguez',
  members: [
    {
      id: new ObjectId('691e3479fa0ca2ee636b1cc3'),
      name: 'Mike Chen',
      photo: 'https://images.unsplash.com/photo-1506794778202-cad84cf45f1d?w=400',
      email: 'mike@email.com'
    },
    {
      id: new ObjectId('691e3478fa0ca2ee636b1cbd'),
      name: 'Sam Rodriguez',
      photo: 'https://images.unsplash.com/photo-1494790108377-be9c29b29330?w=400',
      email: 'sam@email.com'
    },
    {
      id: new ObjectId('691e3479fa0ca2ee636b1cc0'),
      name: 'Jordan Lee',
      photo: 'https://images.unsplash.com/photo-1534528741775-53994a69daeb?w=400',
      email: 'jordan@email.com'
    }
  ],
  lastMessage: {
    _id: new ObjectId('692e7d3a98891f81f7522fff'),
    senderId: new ObjectId('691e3479fa0ca2ee636b1cc3'),
    receiverId: null,
    groupId: new ObjectId('692e7c9b98891f81f7522c79'),
    content: 'heo ou!',
    messageType: 'text',
    isRead: false,
    isDeleted: false,
    readBy: [],
    createdAt: 2025-12-02T05:46:34.903Z,
    updatedAt: 2025-12-02T05:46:34.903Z,
    __v: 0
  },
  updatedAt: 2025-12-02T05:46:34.903Z,
  isGroup: true,
  maxMembers: 8
}
User connected: Jdt2fdYARbZcuyzUAAA_ User ID: 691e3478fa0ca2ee636b1cbd
User 691e3478fa0ca2ee636b1cbd joined room
User 691e3478fa0ca2ee636b1cbd confirmed in room
Message send request: {
  senderId: '691e3478fa0ca2ee636b1cbd',
  receiverId: undefined,
  groupId: '692e7c9b98891f81f7522c79',
  content: 'GEEY!'
}
Message saved successfully: {
  senderId: new ObjectId('691e3478fa0ca2ee636b1cbd'),
  receiverId: null,
  groupId: new ObjectId('692e7c9b98891f81f7522c79'),
  content: 'GEEY!',
  messageType: 'text',
  isRead: false,
  isDeleted: false,
  _id: new ObjectId('692e7d5398891f81f7523150'),
  readBy: [],
  createdAt: 2025-12-02T05:46:59.722Z,
  updatedAt: 2025-12-02T05:46:59.722Z,
  __v: 0
}
User disconnected: Jdt2fdYARbZcuyzUAAA_ User ID: 691e3478fa0ca2ee636b1cbd
User disconnected: AusBNtsuEXkJJZORAAA9 User ID: 691e3478fa0ca2ee636b1cbd
Auth check: {
  reqUserId: '691e3479fa0ca2ee636b1cc0',
  paramsId: '691e3479fa0ca2ee636b1cc0'
}
User connected: CtQe7DLVyeCN4IR7AABB User ID: 691e3479fa0ca2ee636b1cc0
User 691e3479fa0ca2ee636b1cc0 joined room
Current user: Jordan Lee jordan@email.com
User 691e3479fa0ca2ee636b1cc0 confirmed in room
Swiped user IDs: []
Matched user IDs: []
All excluded user IDs: []
Filter query: {
  "_id": {
    "$ne": "691e3479fa0ca2ee636b1cc0",
    "$nin": []
  },
  "profileStatus": "active",
  "isActive": true,
  "$or": [
    {
      "groupId": {
        "$exists": false
      }
    },
    {
      "groupId": null
    }
  ]
}
Found potential matches: 4
User names: [ 'Steph C', 'Alex Johnson', 'Sam Chen', 'Mike Rodriguez' ]
Returning: 4 matches
Potential-matches: found candidateGroups count= 1
Added 1 group(s) into potential matches for user 691e3479fa0ca2ee636b1cc0
Loading matches for user: 691e3479fa0ca2ee636b1cc0 requested by: 691e3479fa0ca2ee636b1cc0
Finding matches in database...
Found 0 actual matches
Finding incoming likes...
Found 0 incoming likes
🔍 DEBUG: Raw incoming likes:
Processing pending matches...
Created 0 pending matches
🔍 DEBUG: Final pending matches:
Loading group matches...
Found 0 group matches
Processing group matches...
Returning matches for user: 691e3479fa0ca2ee636b1cc0
Real matches: 0
Pending matches: 0
Found 1 groups with pending join requests from user 691e3479fa0ca2ee636b1cc0
Added 0 group(s) to matches for user 691e3479fa0ca2ee636b1cc0
🔍 DEBUG: Final response breakdown:
  - User matches (accepted): 0
  - Pending matches (individual likes): 0
  - Group matches: 0
  - Available groups: 0
  - Total matches returned: 0
Loading group conversations for user: 691e3479fa0ca2ee636b1cc0
Auth check: {
  reqUserId: '691e3479fa0ca2ee636b1cc0',
  paramsId: '691e3479fa0ca2ee636b1cc0'
}
Loading matches for user: 691e3479fa0ca2ee636b1cc0 requested by: 691e3479fa0ca2ee636b1cc0
Finding matches in database...
Current user: Jordan Lee jordan@email.com
User disconnected: CtQe7DLVyeCN4IR7AABB User ID: 691e3479fa0ca2ee636b1cc0
Current user: Jordan Lee groupId: {
  preferences: {
    location: { city: 'Oakland', state: 'CA', zipCode: '94612' },
    minAge: 23,
    maxAge: 35,
    preferredGender: [ 'male' ],
    maxRent: 1200,
    cleanlinessLevel: 3,
    noiseTolerance: 4,
    petFriendly: true,
    smokingAllowed: false
  },
  _id: new ObjectId('692e7c9b98891f81f7522c79'),
  name: 'Mike Chen & Sam Rodriguez',
  description: 'Group formed by Mike Chen and Sam Rodriguez',
  memberIds: [
    new ObjectId('691e3479fa0ca2ee636b1cc3'),
    new ObjectId('691e3478fa0ca2ee636b1cbd'),
    new ObjectId('691e3479fa0ca2ee636b1cc0')
  ],
  photos: [
    'https://images.unsplash.com/photo-1506794778202-cad84cf45f1d?w=400',
    'https://images.unsplash.com/photo-1499996860823-5214fcc65f8f?w=400',
    'https://images.unsplash.com/photo-1494790108377-be9c29b29330?w=400',
    'https://images.unsplash.com/photo-1438761681033-6461ffad8d80?w=400'
  ],
  isActive: true,
  maxMembers: 8,
  target_status: 'not_full',
  group_status: 'active',
  pendingVotes: Map(0) {},
  createdAt: 2025-12-02T05:43:55.954Z,
  updatedAt: 2025-12-02T05:46:00.515Z,
  inviteCode: 'DWJK0WMS',
  __v: 1
} status: in_group
Swiped user IDs: []
Found 0 actual matches
Finding incoming likes...
Matched user IDs: []
All excluded user IDs: []
Filter query: {
  "_id": {
    "$ne": "691e3479fa0ca2ee636b1cc0",
    "$nin": []
  },
  "profileStatus": "active",
  "isActive": true,
  "$or": [
    {
      "groupId": {
        "$exists": false
      }
    },
    {
      "groupId": null
    }
  ]
}
User connected: Vg65TchSbbF8xfiuAABD User ID: 691e3479fa0ca2ee636b1cc0
User 691e3479fa0ca2ee636b1cc0 joined room
Found group: Mike Chen & Sam Rodriguez with members: [ 'Mike Chen', 'Sam Rodriguez', 'Jordan Lee' ]
Found potential matches: 4
User names: [ 'Steph C', 'Alex Johnson', 'Sam Chen', 'Mike Rodriguez' ]
Returning: 4 matches
Found 0 incoming likes
🔍 DEBUG: Raw incoming likes:
Processing pending matches...
Created 0 pending matches
🔍 DEBUG: Final pending matches:
Loading group matches...
Returning group conversation: {
  id: 'group_692e7c9b98891f81f7522c79',
  groupId: new ObjectId('692e7c9b98891f81f7522c79'),
  groupName: 'Mike Chen & Sam Rodriguez',
  members: [
    {
      id: new ObjectId('691e3479fa0ca2ee636b1cc3'),
      name: 'Mike Chen',
      photo: 'https://images.unsplash.com/photo-1506794778202-cad84cf45f1d?w=400',
      email: 'mike@email.com'
    },
    {
      id: new ObjectId('691e3478fa0ca2ee636b1cbd'),
      name: 'Sam Rodriguez',
      photo: 'https://images.unsplash.com/photo-1494790108377-be9c29b29330?w=400',
      email: 'sam@email.com'
    },
    {
      id: new ObjectId('691e3479fa0ca2ee636b1cc0'),
      name: 'Jordan Lee',
      photo: 'https://images.unsplash.com/photo-1534528741775-53994a69daeb?w=400',
      email: 'jordan@email.com'
    }
  ],
  lastMessage: {
    _id: new ObjectId('692e7d5398891f81f7523150'),
    senderId: new ObjectId('691e3478fa0ca2ee636b1cbd'),
    receiverId: null,
    groupId: new ObjectId('692e7c9b98891f81f7522c79'),
    content: 'GEEY!',
    messageType: 'text',
    isRead: false,
    isDeleted: false,
    readBy: [],
    createdAt: 2025-12-02T05:46:59.722Z,
    updatedAt: 2025-12-02T05:46:59.722Z,
    __v: 0
  },
  updatedAt: 2025-12-02T05:46:59.722Z,
  isGroup: true,
  maxMembers: 8
}
Potential-matches: found candidateGroups count= 1
Added 1 group(s) into potential matches for user 691e3479fa0ca2ee636b1cc0
User 691e3479fa0ca2ee636b1cc0 confirmed in room
Found 0 group matches
Processing group matches...
Returning matches for user: 691e3479fa0ca2ee636b1cc0
Real matches: 0
Pending matches: 0
Found 1 groups with pending join requests from user 691e3479fa0ca2ee636b1cc0
Loading group conversations for user: 691e3479fa0ca2ee636b1cc0
Added 0 group(s) to matches for user 691e3479fa0ca2ee636b1cc0
🔍 DEBUG: Final response breakdown:
  - User matches (accepted): 0
  - Pending matches (individual likes): 0
  - Group matches: 0
  - Available groups: 0
  - Total matches returned: 0
Auth check: {
  reqUserId: '691e3479fa0ca2ee636b1cc0',
  paramsId: '691e3479fa0ca2ee636b1cc0'
}
Current user: Jordan Lee jordan@email.com
Swiped user IDs: []
Current user: Jordan Lee groupId: {
  preferences: {
    location: { city: 'Oakland', state: 'CA', zipCode: '94612' },
    minAge: 23,
    maxAge: 35,
    preferredGender: [ 'male' ],
    maxRent: 1200,
    cleanlinessLevel: 3,
    noiseTolerance: 4,
    petFriendly: true,
    smokingAllowed: false
  },
  _id: new ObjectId('692e7c9b98891f81f7522c79'),
  name: 'Mike Chen & Sam Rodriguez',
  description: 'Group formed by Mike Chen and Sam Rodriguez',
  memberIds: [
    new ObjectId('691e3479fa0ca2ee636b1cc3'),
    new ObjectId('691e3478fa0ca2ee636b1cbd'),
    new ObjectId('691e3479fa0ca2ee636b1cc0')
  ],
  photos: [
    'https://images.unsplash.com/photo-1506794778202-cad84cf45f1d?w=400',
    'https://images.unsplash.com/photo-1499996860823-5214fcc65f8f?w=400',
    'https://images.unsplash.com/photo-1494790108377-be9c29b29330?w=400',
    'https://images.unsplash.com/photo-1438761681033-6461ffad8d80?w=400'
  ],
  isActive: true,
  maxMembers: 8,
  target_status: 'not_full',
  group_status: 'active',
  pendingVotes: Map(0) {},
  createdAt: 2025-12-02T05:43:55.954Z,
  updatedAt: 2025-12-02T05:46:00.515Z,
  inviteCode: 'DWJK0WMS',
  __v: 1
} status: in_group
Matched user IDs: []
All excluded user IDs: []
Filter query: {
  "_id": {
    "$ne": "691e3479fa0ca2ee636b1cc0",
    "$nin": []
  },
  "profileStatus": "active",
  "isActive": true,
  "$or": [
    {
      "groupId": {
        "$exists": false
      }
    },
    {
      "groupId": null
    }
  ]
}
Found potential matches: 4
User names: [ 'Steph C', 'Alex Johnson', 'Sam Chen', 'Mike Rodriguez' ]
Returning: 4 matches
Potential-matches: found candidateGroups count= 1
Added 1 group(s) into potential matches for user 691e3479fa0ca2ee636b1cc0
Found group: Mike Chen & Sam Rodriguez with members: [ 'Mike Chen', 'Sam Rodriguez', 'Jordan Lee' ]
Returning group conversation: {
  id: 'group_692e7c9b98891f81f7522c79',
  groupId: new ObjectId('692e7c9b98891f81f7522c79'),
  groupName: 'Mike Chen & Sam Rodriguez',
  members: [
    {
      id: new ObjectId('691e3479fa0ca2ee636b1cc3'),
      name: 'Mike Chen',
      photo: 'https://images.unsplash.com/photo-1506794778202-cad84cf45f1d?w=400',
      email: 'mike@email.com'
    },
    {
      id: new ObjectId('691e3478fa0ca2ee636b1cbd'),
      name: 'Sam Rodriguez',
      photo: 'https://images.unsplash.com/photo-1494790108377-be9c29b29330?w=400',
      email: 'sam@email.com'
    },
    {
      id: new ObjectId('691e3479fa0ca2ee636b1cc0'),
      name: 'Jordan Lee',
      photo: 'https://images.unsplash.com/photo-1534528741775-53994a69daeb?w=400',
      email: 'jordan@email.com'
    }
  ],
  lastMessage: {
    _id: new ObjectId('692e7d5398891f81f7523150'),
    senderId: new ObjectId('691e3478fa0ca2ee636b1cbd'),
    receiverId: null,
    groupId: new ObjectId('692e7c9b98891f81f7522c79'),
    content: 'GEEY!',
    messageType: 'text',
    isRead: false,
    isDeleted: false,
    readBy: [],
    createdAt: 2025-12-02T05:46:59.722Z,
    updatedAt: 2025-12-02T05:46:59.722Z,
    __v: 0
  },
  updatedAt: 2025-12-02T05:46:59.722Z,
  isGroup: true,
  maxMembers: 8
}
Loading matches for user: 691e3479fa0ca2ee636b1cc0 requested by: 691e3479fa0ca2ee636b1cc0
Finding matches in database...
Loading group conversations for user: 691e3479fa0ca2ee636b1cc0
Found 0 actual matches
Finding incoming likes...
Found 0 incoming likes
🔍 DEBUG: Raw incoming likes:
Processing pending matches...
Created 0 pending matches
🔍 DEBUG: Final pending matches:
Loading group matches...
Current user: Jordan Lee groupId: {
  preferences: {
    location: { city: 'Oakland', state: 'CA', zipCode: '94612' },
    minAge: 23,
    maxAge: 35,
    preferredGender: [ 'male' ],
    maxRent: 1200,
    cleanlinessLevel: 3,
    noiseTolerance: 4,
    petFriendly: true,
    smokingAllowed: false
  },
  _id: new ObjectId('692e7c9b98891f81f7522c79'),
  name: 'Mike Chen & Sam Rodriguez',
  description: 'Group formed by Mike Chen and Sam Rodriguez',
  memberIds: [
    new ObjectId('691e3479fa0ca2ee636b1cc3'),
    new ObjectId('691e3478fa0ca2ee636b1cbd'),
    new ObjectId('691e3479fa0ca2ee636b1cc0')
  ],
  photos: [
    'https://images.unsplash.com/photo-1506794778202-cad84cf45f1d?w=400',
    'https://images.unsplash.com/photo-1499996860823-5214fcc65f8f?w=400',
    'https://images.unsplash.com/photo-1494790108377-be9c29b29330?w=400',
    'https://images.unsplash.com/photo-1438761681033-6461ffad8d80?w=400'
  ],
  isActive: true,
  maxMembers: 8,
  target_status: 'not_full',
  group_status: 'active',
  pendingVotes: Map(0) {},
  createdAt: 2025-12-02T05:43:55.954Z,
  updatedAt: 2025-12-02T05:46:00.515Z,
  inviteCode: 'DWJK0WMS',
  __v: 1
} status: in_group
Found 0 group matches
Processing group matches...
Returning matches for user: 691e3479fa0ca2ee636b1cc0
Real matches: 0
Pending matches: 0
Found 1 groups with pending join requests from user 691e3479fa0ca2ee636b1cc0
Added 0 group(s) to matches for user 691e3479fa0ca2ee636b1cc0
🔍 DEBUG: Final response breakdown:
  - User matches (accepted): 0
  - Pending matches (individual likes): 0
  - Group matches: 0
  - Available groups: 0
  - Total matches returned: 0
Found group: Mike Chen & Sam Rodriguez with members: [ 'Mike Chen', 'Sam Rodriguez', 'Jordan Lee' ]
Returning group conversation: {
  id: 'group_692e7c9b98891f81f7522c79',
  groupId: new ObjectId('692e7c9b98891f81f7522c79'),
  groupName: 'Mike Chen & Sam Rodriguez',
  members: [
    {
      id: new ObjectId('691e3479fa0ca2ee636b1cc3'),
      name: 'Mike Chen',
      photo: 'https://images.unsplash.com/photo-1506794778202-cad84cf45f1d?w=400',
      email: 'mike@email.com'
    },
    {
      id: new ObjectId('691e3478fa0ca2ee636b1cbd'),
      name: 'Sam Rodriguez',
      photo: 'https://images.unsplash.com/photo-1494790108377-be9c29b29330?w=400',
      email: 'sam@email.com'
    },
    {
      id: new ObjectId('691e3479fa0ca2ee636b1cc0'),
      name: 'Jordan Lee',
      photo: 'https://images.unsplash.com/photo-1534528741775-53994a69daeb?w=400',
      email: 'jordan@email.com'
    }
  ],
  lastMessage: {
    _id: new ObjectId('692e7d5398891f81f7523150'),
    senderId: new ObjectId('691e3478fa0ca2ee636b1cbd'),
    receiverId: null,
    groupId: new ObjectId('692e7c9b98891f81f7522c79'),
    content: 'GEEY!',
    messageType: 'text',
    isRead: false,
    isDeleted: false,
    readBy: [],
    createdAt: 2025-12-02T05:46:59.722Z,
    updatedAt: 2025-12-02T05:46:59.722Z,
    __v: 0
  },
  updatedAt: 2025-12-02T05:46:59.722Z,
  isGroup: true,
  maxMembers: 8
}
Loading group conversations for user: 691e3479fa0ca2ee636b1cc0
Current user: Jordan Lee groupId: {
  preferences: {
    location: { city: 'Oakland', state: 'CA', zipCode: '94612' },
    minAge: 23,
    maxAge: 35,
    preferredGender: [ 'male' ],
    maxRent: 1200,
    cleanlinessLevel: 3,
    noiseTolerance: 4,
    petFriendly: true,
    smokingAllowed: false
  },
  _id: new ObjectId('692e7c9b98891f81f7522c79'),
  name: 'Mike Chen & Sam Rodriguez',
  description: 'Group formed by Mike Chen and Sam Rodriguez',
  memberIds: [
    new ObjectId('691e3479fa0ca2ee636b1cc3'),
    new ObjectId('691e3478fa0ca2ee636b1cbd'),
    new ObjectId('691e3479fa0ca2ee636b1cc0')
  ],
  photos: [
    'https://images.unsplash.com/photo-1506794778202-cad84cf45f1d?w=400',
    'https://images.unsplash.com/photo-1499996860823-5214fcc65f8f?w=400',
    'https://images.unsplash.com/photo-1494790108377-be9c29b29330?w=400',
    'https://images.unsplash.com/photo-1438761681033-6461ffad8d80?w=400'
  ],
  isActive: true,
  maxMembers: 8,
  target_status: 'not_full',
  group_status: 'active',
  pendingVotes: Map(0) {},
  createdAt: 2025-12-02T05:43:55.954Z,
  updatedAt: 2025-12-02T05:46:00.515Z,
  inviteCode: 'DWJK0WMS',
  __v: 1
} status: in_group
Found group: Mike Chen & Sam Rodriguez with members: [ 'Mike Chen', 'Sam Rodriguez', 'Jordan Lee' ]
Returning group conversation: {
  id: 'group_692e7c9b98891f81f7522c79',
  groupId: new ObjectId('692e7c9b98891f81f7522c79'),
  groupName: 'Mike Chen & Sam Rodriguez',
  members: [
    {
      id: new ObjectId('691e3479fa0ca2ee636b1cc3'),
      name: 'Mike Chen',
      photo: 'https://images.unsplash.com/photo-1506794778202-cad84cf45f1d?w=400',
      email: 'mike@email.com'
    },
    {
      id: new ObjectId('691e3478fa0ca2ee636b1cbd'),
      name: 'Sam Rodriguez',
      photo: 'https://images.unsplash.com/photo-1494790108377-be9c29b29330?w=400',
      email: 'sam@email.com'
    },
    {
      id: new ObjectId('691e3479fa0ca2ee636b1cc0'),
      name: 'Jordan Lee',
      photo: 'https://images.unsplash.com/photo-1534528741775-53994a69daeb?w=400',
      email: 'jordan@email.com'
    }
  ],
  lastMessage: {
    _id: new ObjectId('692e7d5398891f81f7523150'),
    senderId: new ObjectId('691e3478fa0ca2ee636b1cbd'),
    receiverId: null,
    groupId: new ObjectId('692e7c9b98891f81f7522c79'),
    content: 'GEEY!',
    messageType: 'text',
    isRead: false,
    isDeleted: false,
    readBy: [],
    createdAt: 2025-12-02T05:46:59.722Z,
    updatedAt: 2025-12-02T05:46:59.722Z,
    __v: 0
  },
  updatedAt: 2025-12-02T05:46:59.722Z,
  isGroup: true,
  maxMembers: 8
}
Loading group conversations for user: 691e3479fa0ca2ee636b1cc0
Current user: Jordan Lee groupId: {
  preferences: {
    location: { city: 'Oakland', state: 'CA', zipCode: '94612' },
    minAge: 23,
    maxAge: 35,
    preferredGender: [ 'male' ],
    maxRent: 1200,
    cleanlinessLevel: 3,
    noiseTolerance: 4,
    petFriendly: true,
    smokingAllowed: false
  },
  _id: new ObjectId('692e7c9b98891f81f7522c79'),
  name: 'Mike Chen & Sam Rodriguez',
  description: 'Group formed by Mike Chen and Sam Rodriguez',
  memberIds: [
    new ObjectId('691e3479fa0ca2ee636b1cc3'),
    new ObjectId('691e3478fa0ca2ee636b1cbd'),
    new ObjectId('691e3479fa0ca2ee636b1cc0')
  ],
  photos: [
    'https://images.unsplash.com/photo-1506794778202-cad84cf45f1d?w=400',
    'https://images.unsplash.com/photo-1499996860823-5214fcc65f8f?w=400',
    'https://images.unsplash.com/photo-1494790108377-be9c29b29330?w=400',
    'https://images.unsplash.com/photo-1438761681033-6461ffad8d80?w=400'
  ],
  isActive: true,
  maxMembers: 8,
  target_status: 'not_full',
  group_status: 'active',
  pendingVotes: Map(0) {},
  createdAt: 2025-12-02T05:43:55.954Z,
  updatedAt: 2025-12-02T05:46:00.515Z,
  inviteCode: 'DWJK0WMS',
  __v: 1
} status: in_group
Found group: Mike Chen & Sam Rodriguez with members: [ 'Mike Chen', 'Sam Rodriguez', 'Jordan Lee' ]
Returning group conversation: {
  id: 'group_692e7c9b98891f81f7522c79',
  groupId: new ObjectId('692e7c9b98891f81f7522c79'),
  groupName: 'Mike Chen & Sam Rodriguez',
  members: [
    {
      id: new ObjectId('691e3479fa0ca2ee636b1cc3'),
      name: 'Mike Chen',
      photo: 'https://images.unsplash.com/photo-1506794778202-cad84cf45f1d?w=400',
      email: 'mike@email.com'
    },
    {
      id: new ObjectId('691e3478fa0ca2ee636b1cbd'),
      name: 'Sam Rodriguez',
      photo: 'https://images.unsplash.com/photo-1494790108377-be9c29b29330?w=400',
      email: 'sam@email.com'
    },
    {
      id: new ObjectId('691e3479fa0ca2ee636b1cc0'),
      name: 'Jordan Lee',
      photo: 'https://images.unsplash.com/photo-1534528741775-53994a69daeb?w=400',
      email: 'jordan@email.com'
    }
  ],
  lastMessage: {
    _id: new ObjectId('692e7d5398891f81f7523150'),
    senderId: new ObjectId('691e3478fa0ca2ee636b1cbd'),
    receiverId: null,
    groupId: new ObjectId('692e7c9b98891f81f7522c79'),
    content: 'GEEY!',
    messageType: 'text',
    isRead: false,
    isDeleted: false,
    readBy: [],
    createdAt: 2025-12-02T05:46:59.722Z,
    updatedAt: 2025-12-02T05:46:59.722Z,
    __v: 0
  },
  updatedAt: 2025-12-02T05:46:59.722Z,
  isGroup: true,
  maxMembers: 8
}
Loading group conversations for user: 691e3479fa0ca2ee636b1cc0
Current user: Jordan Lee groupId: {
  preferences: {
    location: { city: 'Oakland', state: 'CA', zipCode: '94612' },
    minAge: 23,
    maxAge: 35,
    preferredGender: [ 'male' ],
    maxRent: 1200,
    cleanlinessLevel: 3,
    noiseTolerance: 4,
    petFriendly: true,
    smokingAllowed: false
  },
  _id: new ObjectId('692e7c9b98891f81f7522c79'),
  name: 'Mike Chen & Sam Rodriguez',
  description: 'Group formed by Mike Chen and Sam Rodriguez',
  memberIds: [
    new ObjectId('691e3479fa0ca2ee636b1cc3'),
    new ObjectId('691e3478fa0ca2ee636b1cbd'),
    new ObjectId('691e3479fa0ca2ee636b1cc0')
  ],
  photos: [
    'https://images.unsplash.com/photo-1506794778202-cad84cf45f1d?w=400',
    'https://images.unsplash.com/photo-1499996860823-5214fcc65f8f?w=400',
    'https://images.unsplash.com/photo-1494790108377-be9c29b29330?w=400',
    'https://images.unsplash.com/photo-1438761681033-6461ffad8d80?w=400'
  ],
  isActive: true,
  maxMembers: 8,
  target_status: 'not_full',
  group_status: 'active',
  pendingVotes: Map(0) {},
  createdAt: 2025-12-02T05:43:55.954Z,
  updatedAt: 2025-12-02T05:46:00.515Z,
  inviteCode: 'DWJK0WMS',
  __v: 1
} status: in_group
Found group: Mike Chen & Sam Rodriguez with members: [ 'Mike Chen', 'Sam Rodriguez', 'Jordan Lee' ]
Returning group conversation: {
  id: 'group_692e7c9b98891f81f7522c79',
  groupId: new ObjectId('692e7c9b98891f81f7522c79'),
  groupName: 'Mike Chen & Sam Rodriguez',
  members: [
    {
      id: new ObjectId('691e3479fa0ca2ee636b1cc3'),
      name: 'Mike Chen',
      photo: 'https://images.unsplash.com/photo-1506794778202-cad84cf45f1d?w=400',
      email: 'mike@email.com'
    },
    {
      id: new ObjectId('691e3478fa0ca2ee636b1cbd'),
      name: 'Sam Rodriguez',
      photo: 'https://images.unsplash.com/photo-1494790108377-be9c29b29330?w=400',
      email: 'sam@email.com'
    },
    {
      id: new ObjectId('691e3479fa0ca2ee636b1cc0'),
      name: 'Jordan Lee',
      photo: 'https://images.unsplash.com/photo-1534528741775-53994a69daeb?w=400',
      email: 'jordan@email.com'
    }
  ],
  lastMessage: {
    _id: new ObjectId('692e7d5398891f81f7523150'),
    senderId: new ObjectId('691e3478fa0ca2ee636b1cbd'),
    receiverId: null,
    groupId: new ObjectId('692e7c9b98891f81f7522c79'),
    content: 'GEEY!',
    messageType: 'text',
    isRead: false,
    isDeleted: false,
    readBy: [],
    createdAt: 2025-12-02T05:46:59.722Z,
    updatedAt: 2025-12-02T05:46:59.722Z,
    __v: 0
  },
  updatedAt: 2025-12-02T05:46:59.722Z,
  isGroup: true,
  maxMembers: 8
}
Loading group conversations for user: 691e3479fa0ca2ee636b1cc0
Current user: Jordan Lee groupId: {
  preferences: {
    location: { city: 'Oakland', state: 'CA', zipCode: '94612' },
    minAge: 23,
    maxAge: 35,
    preferredGender: [ 'male' ],
    maxRent: 1200,
    cleanlinessLevel: 3,
    noiseTolerance: 4,
    petFriendly: true,
    smokingAllowed: false
  },
  _id: new ObjectId('692e7c9b98891f81f7522c79'),
  name: 'Mike Chen & Sam Rodriguez',
  description: 'Group formed by Mike Chen and Sam Rodriguez',
  memberIds: [
    new ObjectId('691e3479fa0ca2ee636b1cc3'),
    new ObjectId('691e3478fa0ca2ee636b1cbd'),
    new ObjectId('691e3479fa0ca2ee636b1cc0')
  ],
  photos: [
    'https://images.unsplash.com/photo-1506794778202-cad84cf45f1d?w=400',
    'https://images.unsplash.com/photo-1499996860823-5214fcc65f8f?w=400',
    'https://images.unsplash.com/photo-1494790108377-be9c29b29330?w=400',
    'https://images.unsplash.com/photo-1438761681033-6461ffad8d80?w=400'
  ],
  isActive: true,
  maxMembers: 8,
  target_status: 'not_full',
  group_status: 'active',
  pendingVotes: Map(0) {},
  createdAt: 2025-12-02T05:43:55.954Z,
  updatedAt: 2025-12-02T05:46:00.515Z,
  inviteCode: 'DWJK0WMS',
  __v: 1
} status: in_group
Found group: Mike Chen & Sam Rodriguez with members: [ 'Mike Chen', 'Sam Rodriguez', 'Jordan Lee' ]
Returning group conversation: {
  id: 'group_692e7c9b98891f81f7522c79',
  groupId: new ObjectId('692e7c9b98891f81f7522c79'),
  groupName: 'Mike Chen & Sam Rodriguez',
  members: [
    {
      id: new ObjectId('691e3479fa0ca2ee636b1cc3'),
      name: 'Mike Chen',
      photo: 'https://images.unsplash.com/photo-1506794778202-cad84cf45f1d?w=400',
      email: 'mike@email.com'
    },
    {
      id: new ObjectId('691e3478fa0ca2ee636b1cbd'),
      name: 'Sam Rodriguez',
      photo: 'https://images.unsplash.com/photo-1494790108377-be9c29b29330?w=400',
      email: 'sam@email.com'
    },
    {
      id: new ObjectId('691e3479fa0ca2ee636b1cc0'),
      name: 'Jordan Lee',
      photo: 'https://images.unsplash.com/photo-1534528741775-53994a69daeb?w=400',
      email: 'jordan@email.com'
    }
  ],
  lastMessage: {
    _id: new ObjectId('692e7d5398891f81f7523150'),
    senderId: new ObjectId('691e3478fa0ca2ee636b1cbd'),
    receiverId: null,
    groupId: new ObjectId('692e7c9b98891f81f7522c79'),
    content: 'GEEY!',
    messageType: 'text',
    isRead: false,
    isDeleted: false,
    readBy: [],
    createdAt: 2025-12-02T05:46:59.722Z,
    updatedAt: 2025-12-02T05:46:59.722Z,
    __v: 0
  },
  updatedAt: 2025-12-02T05:46:59.722Z,
  isGroup: true,
  maxMembers: 8
}
User connected: dk5CwIwam14FEThdAABF User ID: 691e3479fa0ca2ee636b1cc0
User 691e3479fa0ca2ee636b1cc0 joined room
User 691e3479fa0ca2ee636b1cc0 confirmed in room
Message send request: {
  senderId: '691e3479fa0ca2ee636b1cc0',
  receiverId: undefined,
  groupId: '692e7c9b98891f81f7522c79',
  content: 'heey!'
}
Message saved successfully: {
  senderId: new ObjectId('691e3479fa0ca2ee636b1cc0'),
  receiverId: null,
  groupId: new ObjectId('692e7c9b98891f81f7522c79'),
  content: 'heey!',
  messageType: 'text',
  isRead: false,
  isDeleted: false,
  _id: new ObjectId('692e7d6198891f81f75231e9'),
  readBy: [],
  createdAt: 2025-12-02T05:47:13.974Z,
  updatedAt: 2025-12-02T05:47:13.974Z,
  __v: 0
}
User disconnected: dk5CwIwam14FEThdAABF User ID: 691e3479fa0ca2ee636b1cc0
Auth check: {
  reqUserId: '691e3479fa0ca2ee636b1cc0',
  paramsId: '691e3479fa0ca2ee636b1cc0'
}
Loading matches for user: 691e3479fa0ca2ee636b1cc0 requested by: 691e3479fa0ca2ee636b1cc0
Finding matches in database...
Current user: Jordan Lee jordan@email.com
Swiped user IDs: []
Found 0 actual matches
Finding incoming likes...
Matched user IDs: []
All excluded user IDs: []
Filter query: {
  "_id": {
    "$ne": "691e3479fa0ca2ee636b1cc0",
    "$nin": []
  },
  "profileStatus": "active",
  "isActive": true,
  "$or": [
    {
      "groupId": {
        "$exists": false
      }
    },
    {
      "groupId": null
    }
  ]
}
Found potential matches: 4
User names: [ 'Steph C', 'Alex Johnson', 'Sam Chen', 'Mike Rodriguez' ]
Returning: 4 matches
Found 0 incoming likes
🔍 DEBUG: Raw incoming likes:
Processing pending matches...
Created 0 pending matches
🔍 DEBUG: Final pending matches:
Loading group matches...
Potential-matches: found candidateGroups count= 1
Added 1 group(s) into potential matches for user 691e3479fa0ca2ee636b1cc0
Found 0 group matches
Processing group matches...
Returning matches for user: 691e3479fa0ca2ee636b1cc0
Real matches: 0
Pending matches: 0
Found 1 groups with pending join requests from user 691e3479fa0ca2ee636b1cc0
Added 0 group(s) to matches for user 691e3479fa0ca2ee636b1cc0
🔍 DEBUG: Final response breakdown:
  - User matches (accepted): 0
  - Pending matches (individual likes): 0
  - Group matches: 0
  - Available groups: 0
  - Total matches returned: 0
Auth check: {
  reqUserId: '691e3479fa0ca2ee636b1cc0',
  paramsId: '691e3479fa0ca2ee636b1cc0'
}
Loading matches for user: 691e3479fa0ca2ee636b1cc0 requested by: 691e3479fa0ca2ee636b1cc0
Finding matches in database...
Current user: Jordan Lee jordan@email.com
Swiped user IDs: []
Found 0 actual matches
Finding incoming likes...
Matched user IDs: []
All excluded user IDs: []
Filter query: {
  "_id": {
    "$ne": "691e3479fa0ca2ee636b1cc0",
    "$nin": []
  },
  "profileStatus": "active",
  "isActive": true,
  "$or": [
    {
      "groupId": {
        "$exists": false
      }
    },
    {
      "groupId": null
    }
  ]
}
Found 0 incoming likes
🔍 DEBUG: Raw incoming likes:
Processing pending matches...
Created 0 pending matches
🔍 DEBUG: Final pending matches:
Loading group matches...
Found potential matches: 4
User names: [ 'Steph C', 'Alex Johnson', 'Sam Chen', 'Mike Rodriguez' ]
Returning: 4 matches
Found 0 group matches
Processing group matches...
Returning matches for user: 691e3479fa0ca2ee636b1cc0
Real matches: 0
Pending matches: 0
Potential-matches: found candidateGroups count= 1
Added 1 group(s) into potential matches for user 691e3479fa0ca2ee636b1cc0
Found 1 groups with pending join requests from user 691e3479fa0ca2ee636b1cc0
Added 0 group(s) to matches for user 691e3479fa0ca2ee636b1cc0
🔍 DEBUG: Final response breakdown:
  - User matches (accepted): 0
  - Pending matches (individual likes): 0
  - Group matches: 0
  - Available groups: 0
  - Total matches returned: 0
User disconnected: Vg65TchSbbF8xfiuAABD User ID: 691e3479fa0ca2ee636b1cc0
User connected: Pgue6q3mL8v2Ssm0AABH User ID: 691e3479fa0ca2ee636b1cc3
User 691e3479fa0ca2ee636b1cc3 joined room
Auth check: {
  reqUserId: '691e3479fa0ca2ee636b1cc3',
  paramsId: '691e3479fa0ca2ee636b1cc3'
}
Current user: Mike Chen mike@email.com
User 691e3479fa0ca2ee636b1cc3 confirmed in room
Swiped user IDs: [ new ObjectId('691e3478fa0ca2ee636b1cbd') ]
Matched user IDs: [ new ObjectId('691e3478fa0ca2ee636b1cbd') ]
All excluded user IDs: [
  new ObjectId('691e3478fa0ca2ee636b1cbd'),
  new ObjectId('691e3478fa0ca2ee636b1cbd')
]
Filter query: {
  "_id": {
    "$ne": "691e3479fa0ca2ee636b1cc3",
    "$nin": [
      "691e3478fa0ca2ee636b1cbd",
      "691e3478fa0ca2ee636b1cbd"
    ]
  },
  "profileStatus": "active",
  "isActive": true,
  "$or": [
    {
      "groupId": {
        "$exists": false
      }
    },
    {
      "groupId": null
    }
  ]
}
Found potential matches: 4
User names: [ 'Steph C', 'Alex Johnson', 'Sam Chen', 'Mike Rodriguez' ]
Returning: 4 matches
Potential-matches: found candidateGroups count= 1
Added 1 group(s) into potential matches for user 691e3479fa0ca2ee636b1cc3
Loading matches for user: 691e3479fa0ca2ee636b1cc3 requested by: 691e3479fa0ca2ee636b1cc3
Finding matches in database...
Found 1 actual matches
Finding incoming likes...
Found 1 incoming likes
🔍 DEBUG: Raw incoming likes:
  1. SwipeAction 692e7c7698891f81f7522b5b:
     - Swiper: Sam Rodriguez (691e3478fa0ca2ee636b1cbd) - Status: in_group
     - Target: 691e3479fa0ca2ee636b1cc3
     - Action: like
     - Created: Mon Dec 01 2025 21:43:18 GMT-0800 (Pacific Standard Time)
     - Swiper in group: YES
Processing pending matches...
✅ Filtering out pending match - already matched: 691e3478fa0ca2ee636b1cbd <-> 691e3479fa0ca2ee636b1cc3
Created 0 pending matches
🔍 DEBUG: Final pending matches:
Loading group matches...
Found 0 group matches
Processing group matches...
Returning matches for user: 691e3479fa0ca2ee636b1cc3
Real matches: 1
Pending matches: 0
Found 0 groups with pending join requests from user 691e3479fa0ca2ee636b1cc3
Added 1 group(s) to matches for user 691e3479fa0ca2ee636b1cc3
🔍 DEBUG: Final response breakdown:
  - User matches (accepted): 1
  - Pending matches (individual likes): 0
  - Group matches: 0
  - Available groups: 1
  - Total matches returned: 2
Auth check: {
  reqUserId: '691e3479fa0ca2ee636b1cc3',
  paramsId: '691e3479fa0ca2ee636b1cc3'
}
Loading matches for user: 691e3479fa0ca2ee636b1cc3 requested by: 691e3479fa0ca2ee636b1cc3
Finding matches in database...
Current user: Mike Chen mike@email.com
Swiped user IDs: [ new ObjectId('691e3478fa0ca2ee636b1cbd') ]
Found 1 actual matches
Finding incoming likes...
Matched user IDs: [ new ObjectId('691e3478fa0ca2ee636b1cbd') ]
All excluded user IDs: [
  new ObjectId('691e3478fa0ca2ee636b1cbd'),
  new ObjectId('691e3478fa0ca2ee636b1cbd')
]
Filter query: {
  "_id": {
    "$ne": "691e3479fa0ca2ee636b1cc3",
    "$nin": [
      "691e3478fa0ca2ee636b1cbd",
      "691e3478fa0ca2ee636b1cbd"
    ]
  },
  "profileStatus": "active",
  "isActive": true,
  "$or": [
    {
      "groupId": {
        "$exists": false
      }
    },
    {
      "groupId": null
    }
  ]
}
Found potential matches: 4
User names: [ 'Steph C', 'Alex Johnson', 'Sam Chen', 'Mike Rodriguez' ]
Returning: 4 matches
Found 1 incoming likes
🔍 DEBUG: Raw incoming likes:
  1. SwipeAction 692e7c7698891f81f7522b5b:
     - Swiper: Sam Rodriguez (691e3478fa0ca2ee636b1cbd) - Status: in_group
     - Target: 691e3479fa0ca2ee636b1cc3
     - Action: like
     - Created: Mon Dec 01 2025 21:43:18 GMT-0800 (Pacific Standard Time)
     - Swiper in group: YES
Processing pending matches...
✅ Filtering out pending match - already matched: 691e3478fa0ca2ee636b1cbd <-> 691e3479fa0ca2ee636b1cc3
Created 0 pending matches
🔍 DEBUG: Final pending matches:
Loading group matches...
Potential-matches: found candidateGroups count= 1
Added 1 group(s) into potential matches for user 691e3479fa0ca2ee636b1cc3
Found 0 group matches
Processing group matches...
Returning matches for user: 691e3479fa0ca2ee636b1cc3
Real matches: 1
Pending matches: 0
Found 0 groups with pending join requests from user 691e3479fa0ca2ee636b1cc3
Added 1 group(s) to matches for user 691e3479fa0ca2ee636b1cc3
🔍 DEBUG: Final response breakdown:
  - User matches (accepted): 1
  - Pending matches (individual likes): 0
  - Group matches: 0
  - Available groups: 1
  - Total matches returned: 2
Deactivating account for user: 691e3479fa0ca2ee636b1cc3
User is in a group. Removing from group...
User 691e3479fa0ca2ee636b1cc3 removed from group 692e7c9b98891f81f7522c79
System message sent to 2 remaining group members
User can be deactivated. Cleaning up data...
Deleted 2 swipe actions
Deleted 1 individual matches
Deleted 0 group matches
Deleted 0 private messages (group messages preserved)
Deleted 1 group requests
Deleted 0 group join requests
Deleted 0 user group history records
User 691e3479fa0ca2ee636b1cc3 account deactivated successfully
User disconnected: Pgue6q3mL8v2Ssm0AABH User ID: 691e3479fa0ca2ee636b1cc3
User disconnected: YTm2ECJ19wN-X8QDAAAj User ID: 691e3479fa0ca2ee636b1cc0
Auth check: {
  reqUserId: '691e3479fa0ca2ee636b1cc0',
  paramsId: '691e3479fa0ca2ee636b1cc0'
}
Current user: Jordan Lee jordan@email.com
User connected: Ep1gNeYLS-2IYlTiAABJ User ID: 691e3479fa0ca2ee636b1cc0
User 691e3479fa0ca2ee636b1cc0 joined room
Swiped user IDs: []
User 691e3479fa0ca2ee636b1cc0 confirmed in room
Matched user IDs: []
All excluded user IDs: []
Filter query: {
  "_id": {
    "$ne": "691e3479fa0ca2ee636b1cc0",
    "$nin": []
  },
  "profileStatus": "active",
  "isActive": true,
  "$or": [
    {
      "groupId": {
        "$exists": false
      }
    },
    {
      "groupId": null
    }
  ]
}
Found potential matches: 4
User names: [ 'Steph C', 'Alex Johnson', 'Sam Chen', 'Mike Rodriguez' ]
Returning: 4 matches
Potential-matches: found candidateGroups count= 1
Added 1 group(s) into potential matches for user 691e3479fa0ca2ee636b1cc0
Loading matches for user: 691e3479fa0ca2ee636b1cc0 requested by: 691e3479fa0ca2ee636b1cc0
Finding matches in database...
Found 0 actual matches
Finding incoming likes...
Found 0 incoming likes
🔍 DEBUG: Raw incoming likes:
Processing pending matches...
Created 0 pending matches
🔍 DEBUG: Final pending matches:
Loading group matches...
Found 0 group matches
Processing group matches...
Returning matches for user: 691e3479fa0ca2ee636b1cc0
Real matches: 0
Pending matches: 0
Found 1 groups with pending join requests from user 691e3479fa0ca2ee636b1cc0
Added 0 group(s) to matches for user 691e3479fa0ca2ee636b1cc0
🔍 DEBUG: Final response breakdown:
  - User matches (accepted): 0
  - Pending matches (individual likes): 0
  - Group matches: 0
  - Available groups: 0
  - Total matches returned: 0
Loading group conversations for user: 691e3479fa0ca2ee636b1cc0
Auth check: {
  reqUserId: '691e3479fa0ca2ee636b1cc0',
  paramsId: '691e3479fa0ca2ee636b1cc0'
}
User disconnected: Ep1gNeYLS-2IYlTiAABJ User ID: 691e3479fa0ca2ee636b1cc0
Loading matches for user: 691e3479fa0ca2ee636b1cc0 requested by: 691e3479fa0ca2ee636b1cc0
Finding matches in database...
Current user: Jordan Lee groupId: {
  preferences: {
    location: { city: 'Oakland', state: 'CA', zipCode: '94612' },
    minAge: 23,
    maxAge: 35,
    preferredGender: [ 'male' ],
    maxRent: 1200,
    cleanlinessLevel: 3,
    noiseTolerance: 4,
    petFriendly: true,
    smokingAllowed: false
  },
  _id: new ObjectId('692e7c9b98891f81f7522c79'),
  name: 'Mike Chen & Sam Rodriguez',
  description: 'Group formed by Mike Chen and Sam Rodriguez',
  memberIds: [
    new ObjectId('691e3478fa0ca2ee636b1cbd'),
    new ObjectId('691e3479fa0ca2ee636b1cc0')
  ],
  photos: [
    'https://images.unsplash.com/photo-1506794778202-cad84cf45f1d?w=400',
    'https://images.unsplash.com/photo-1499996860823-5214fcc65f8f?w=400',
    'https://images.unsplash.com/photo-1494790108377-be9c29b29330?w=400',
    'https://images.unsplash.com/photo-1438761681033-6461ffad8d80?w=400'
  ],
  isActive: true,
  maxMembers: 8,
  target_status: 'not_full',
  group_status: 'active',
  pendingVotes: Map(0) {},
  createdAt: 2025-12-02T05:43:55.954Z,
  updatedAt: 2025-12-02T05:47:34.148Z,
  inviteCode: 'DWJK0WMS',
  __v: 2
} status: in_group
Current user: Jordan Lee jordan@email.com
Swiped user IDs: []
Found 0 actual matches
Finding incoming likes...
Found group: Mike Chen & Sam Rodriguez with members: [ 'Sam Rodriguez', 'Jordan Lee' ]
Matched user IDs: []
All excluded user IDs: []
Filter query: {
  "_id": {
    "$ne": "691e3479fa0ca2ee636b1cc0",
    "$nin": []
  },
  "profileStatus": "active",
  "isActive": true,
  "$or": [
    {
      "groupId": {
        "$exists": false
      }
    },
    {
      "groupId": null
    }
  ]
}
Found 0 incoming likes
🔍 DEBUG: Raw incoming likes:
Processing pending matches...
Created 0 pending matches
🔍 DEBUG: Final pending matches:
Loading group matches...
Returning group conversation: {
  id: 'group_692e7c9b98891f81f7522c79',
  groupId: new ObjectId('692e7c9b98891f81f7522c79'),
  groupName: 'Mike Chen & Sam Rodriguez',
  members: [
    {
      id: new ObjectId('691e3478fa0ca2ee636b1cbd'),
      name: 'Sam Rodriguez',
      photo: 'https://images.unsplash.com/photo-1494790108377-be9c29b29330?w=400',
      email: 'sam@email.com'
    },
    {
      id: new ObjectId('691e3479fa0ca2ee636b1cc0'),
      name: 'Jordan Lee',
      photo: 'https://images.unsplash.com/photo-1534528741775-53994a69daeb?w=400',
      email: 'jordan@email.com'
    }
  ],
  lastMessage: {
    _id: new ObjectId('692e7d7698891f81f752323c'),
    senderId: null,
    groupId: new ObjectId('692e7c9b98891f81f7522c79'),
    content: 'Mike Chen has left the group chat',
    messageType: 'system',
    isRead: false,
    isDeleted: false,
    readBy: [],
    createdAt: 2025-12-02T05:47:34.159Z,
    updatedAt: 2025-12-02T05:47:34.159Z,
    __v: 0
  },
  updatedAt: 2025-12-02T05:47:34.159Z,
  isGroup: true,
  maxMembers: 8
}
Found potential matches: 4
User names: [ 'Steph C', 'Alex Johnson', 'Sam Chen', 'Mike Rodriguez' ]
Returning: 4 matches
Found 0 group matches
Processing group matches...
Returning matches for user: 691e3479fa0ca2ee636b1cc0
Real matches: 0
Pending matches: 0
User connected: ZwdYcq5dk5DV8jINAABL User ID: 691e3479fa0ca2ee636b1cc0
User 691e3479fa0ca2ee636b1cc0 joined room
Potential-matches: found candidateGroups count= 1
Added 1 group(s) into potential matches for user 691e3479fa0ca2ee636b1cc0
Found 1 groups with pending join requests from user 691e3479fa0ca2ee636b1cc0
User 691e3479fa0ca2ee636b1cc0 confirmed in room
Added 0 group(s) to matches for user 691e3479fa0ca2ee636b1cc0
🔍 DEBUG: Final response breakdown:
  - User matches (accepted): 0
  - Pending matches (individual likes): 0
  - Group matches: 0
  - Available groups: 0
  - Total matches returned: 0
Loading group conversations for user: 691e3479fa0ca2ee636b1cc0
Current user: Jordan Lee groupId: {
  preferences: {
    location: { city: 'Oakland', state: 'CA', zipCode: '94612' },
    minAge: 23,
    maxAge: 35,
    preferredGender: [ 'male' ],
    maxRent: 1200,
    cleanlinessLevel: 3,
    noiseTolerance: 4,
    petFriendly: true,
    smokingAllowed: false
  },
  _id: new ObjectId('692e7c9b98891f81f7522c79'),
  name: 'Mike Chen & Sam Rodriguez',
  description: 'Group formed by Mike Chen and Sam Rodriguez',
  memberIds: [
    new ObjectId('691e3478fa0ca2ee636b1cbd'),
    new ObjectId('691e3479fa0ca2ee636b1cc0')
  ],
  photos: [
    'https://images.unsplash.com/photo-1506794778202-cad84cf45f1d?w=400',
    'https://images.unsplash.com/photo-1499996860823-5214fcc65f8f?w=400',
    'https://images.unsplash.com/photo-1494790108377-be9c29b29330?w=400',
    'https://images.unsplash.com/photo-1438761681033-6461ffad8d80?w=400'
  ],
  isActive: true,
  maxMembers: 8,
  target_status: 'not_full',
  group_status: 'active',
  pendingVotes: Map(0) {},
  createdAt: 2025-12-02T05:43:55.954Z,
  updatedAt: 2025-12-02T05:47:34.148Z,
  inviteCode: 'DWJK0WMS',
  __v: 2
} status: in_group
Auth check: {
  reqUserId: '691e3479fa0ca2ee636b1cc0',
  paramsId: '691e3479fa0ca2ee636b1cc0'
}
Found group: Mike Chen & Sam Rodriguez with members: [ 'Sam Rodriguez', 'Jordan Lee' ]
Current user: Jordan Lee jordan@email.com
Returning group conversation: {
  id: 'group_692e7c9b98891f81f7522c79',
  groupId: new ObjectId('692e7c9b98891f81f7522c79'),
  groupName: 'Mike Chen & Sam Rodriguez',
  members: [
    {
      id: new ObjectId('691e3478fa0ca2ee636b1cbd'),
      name: 'Sam Rodriguez',
      photo: 'https://images.unsplash.com/photo-1494790108377-be9c29b29330?w=400',
      email: 'sam@email.com'
    },
    {
      id: new ObjectId('691e3479fa0ca2ee636b1cc0'),
      name: 'Jordan Lee',
      photo: 'https://images.unsplash.com/photo-1534528741775-53994a69daeb?w=400',
      email: 'jordan@email.com'
    }
  ],
  lastMessage: {
    _id: new ObjectId('692e7d7698891f81f752323c'),
    senderId: null,
    groupId: new ObjectId('692e7c9b98891f81f7522c79'),
    content: 'Mike Chen has left the group chat',
    messageType: 'system',
    isRead: false,
    isDeleted: false,
    readBy: [],
    createdAt: 2025-12-02T05:47:34.159Z,
    updatedAt: 2025-12-02T05:47:34.159Z,
    __v: 0
  },
  updatedAt: 2025-12-02T05:47:34.159Z,
  isGroup: true,
  maxMembers: 8
}
Swiped user IDs: []
Matched user IDs: []
All excluded user IDs: []
Filter query: {
  "_id": {
    "$ne": "691e3479fa0ca2ee636b1cc0",
    "$nin": []
  },
  "profileStatus": "active",
  "isActive": true,
  "$or": [
    {
      "groupId": {
        "$exists": false
      }
    },
    {
      "groupId": null
    }
  ]
}
Found potential matches: 4
User names: [ 'Steph C', 'Alex Johnson', 'Sam Chen', 'Mike Rodriguez' ]
Returning: 4 matches
Loading group conversations for user: 691e3479fa0ca2ee636b1cc0
Potential-matches: found candidateGroups count= 1
Added 1 group(s) into potential matches for user 691e3479fa0ca2ee636b1cc0
Current user: Jordan Lee groupId: {
  preferences: {
    location: { city: 'Oakland', state: 'CA', zipCode: '94612' },
    minAge: 23,
    maxAge: 35,
    preferredGender: [ 'male' ],
    maxRent: 1200,
    cleanlinessLevel: 3,
    noiseTolerance: 4,
    petFriendly: true,
    smokingAllowed: false
  },
  _id: new ObjectId('692e7c9b98891f81f7522c79'),
  name: 'Mike Chen & Sam Rodriguez',
  description: 'Group formed by Mike Chen and Sam Rodriguez',
  memberIds: [
    new ObjectId('691e3478fa0ca2ee636b1cbd'),
    new ObjectId('691e3479fa0ca2ee636b1cc0')
  ],
  photos: [
    'https://images.unsplash.com/photo-1506794778202-cad84cf45f1d?w=400',
    'https://images.unsplash.com/photo-1499996860823-5214fcc65f8f?w=400',
    'https://images.unsplash.com/photo-1494790108377-be9c29b29330?w=400',
    'https://images.unsplash.com/photo-1438761681033-6461ffad8d80?w=400'
  ],
  isActive: true,
  maxMembers: 8,
  target_status: 'not_full',
  group_status: 'active',
  pendingVotes: Map(0) {},
  createdAt: 2025-12-02T05:43:55.954Z,
  updatedAt: 2025-12-02T05:47:34.148Z,
  inviteCode: 'DWJK0WMS',
  __v: 2
} status: in_group
Found group: Mike Chen & Sam Rodriguez with members: [ 'Sam Rodriguez', 'Jordan Lee' ]
Loading matches for user: 691e3479fa0ca2ee636b1cc0 requested by: 691e3479fa0ca2ee636b1cc0
Finding matches in database...
Returning group conversation: {
  id: 'group_692e7c9b98891f81f7522c79',
  groupId: new ObjectId('692e7c9b98891f81f7522c79'),
  groupName: 'Mike Chen & Sam Rodriguez',
  members: [
    {
      id: new ObjectId('691e3478fa0ca2ee636b1cbd'),
      name: 'Sam Rodriguez',
      photo: 'https://images.unsplash.com/photo-1494790108377-be9c29b29330?w=400',
      email: 'sam@email.com'
    },
    {
      id: new ObjectId('691e3479fa0ca2ee636b1cc0'),
      name: 'Jordan Lee',
      photo: 'https://images.unsplash.com/photo-1534528741775-53994a69daeb?w=400',
      email: 'jordan@email.com'
    }
  ],
  lastMessage: {
    _id: new ObjectId('692e7d7698891f81f752323c'),
    senderId: null,
    groupId: new ObjectId('692e7c9b98891f81f7522c79'),
    content: 'Mike Chen has left the group chat',
    messageType: 'system',
    isRead: false,
    isDeleted: false,
    readBy: [],
    createdAt: 2025-12-02T05:47:34.159Z,
    updatedAt: 2025-12-02T05:47:34.159Z,
    __v: 0
  },
  updatedAt: 2025-12-02T05:47:34.159Z,
  isGroup: true,
  maxMembers: 8
}
Found 0 actual matches
Finding incoming likes...
Found 0 incoming likes
🔍 DEBUG: Raw incoming likes:
Processing pending matches...
Created 0 pending matches
🔍 DEBUG: Final pending matches:
Loading group matches...
Loading group conversations for user: 691e3479fa0ca2ee636b1cc0
Found 0 group matches
Processing group matches...
Returning matches for user: 691e3479fa0ca2ee636b1cc0
Real matches: 0
Pending matches: 0
Current user: Jordan Lee groupId: {
  preferences: {
    location: { city: 'Oakland', state: 'CA', zipCode: '94612' },
    minAge: 23,
    maxAge: 35,
    preferredGender: [ 'male' ],
    maxRent: 1200,
    cleanlinessLevel: 3,
    noiseTolerance: 4,
    petFriendly: true,
    smokingAllowed: false
  },
  _id: new ObjectId('692e7c9b98891f81f7522c79'),
  name: 'Mike Chen & Sam Rodriguez',
  description: 'Group formed by Mike Chen and Sam Rodriguez',
  memberIds: [
    new ObjectId('691e3478fa0ca2ee636b1cbd'),
    new ObjectId('691e3479fa0ca2ee636b1cc0')
  ],
  photos: [
    'https://images.unsplash.com/photo-1506794778202-cad84cf45f1d?w=400',
    'https://images.unsplash.com/photo-1499996860823-5214fcc65f8f?w=400',
    'https://images.unsplash.com/photo-1494790108377-be9c29b29330?w=400',
    'https://images.unsplash.com/photo-1438761681033-6461ffad8d80?w=400'
  ],
  isActive: true,
  maxMembers: 8,
  target_status: 'not_full',
  group_status: 'active',
  pendingVotes: Map(0) {},
  createdAt: 2025-12-02T05:43:55.954Z,
  updatedAt: 2025-12-02T05:47:34.148Z,
  inviteCode: 'DWJK0WMS',
  __v: 2
} status: in_group
Found 1 groups with pending join requests from user 691e3479fa0ca2ee636b1cc0
Added 0 group(s) to matches for user 691e3479fa0ca2ee636b1cc0
🔍 DEBUG: Final response breakdown:
  - User matches (accepted): 0
  - Pending matches (individual likes): 0
  - Group matches: 0
  - Available groups: 0
  - Total matches returned: 0
Found group: Mike Chen & Sam Rodriguez with members: [ 'Sam Rodriguez', 'Jordan Lee' ]
Returning group conversation: {
  id: 'group_692e7c9b98891f81f7522c79',
  groupId: new ObjectId('692e7c9b98891f81f7522c79'),
  groupName: 'Mike Chen & Sam Rodriguez',
  members: [
    {
      id: new ObjectId('691e3478fa0ca2ee636b1cbd'),
      name: 'Sam Rodriguez',
      photo: 'https://images.unsplash.com/photo-1494790108377-be9c29b29330?w=400',
      email: 'sam@email.com'
    },
    {
      id: new ObjectId('691e3479fa0ca2ee636b1cc0'),
      name: 'Jordan Lee',
      photo: 'https://images.unsplash.com/photo-1534528741775-53994a69daeb?w=400',
      email: 'jordan@email.com'
    }
  ],
  lastMessage: {
    _id: new ObjectId('692e7d7698891f81f752323c'),
    senderId: null,
    groupId: new ObjectId('692e7c9b98891f81f7522c79'),
    content: 'Mike Chen has left the group chat',
    messageType: 'system',
    isRead: false,
    isDeleted: false,
    readBy: [],
    createdAt: 2025-12-02T05:47:34.159Z,
    updatedAt: 2025-12-02T05:47:34.159Z,
    __v: 0
  },
  updatedAt: 2025-12-02T05:47:34.159Z,
  isGroup: true,
  maxMembers: 8
}
Loading group conversations for user: 691e3479fa0ca2ee636b1cc0
Current user: Jordan Lee groupId: {
  preferences: {
    location: { city: 'Oakland', state: 'CA', zipCode: '94612' },
    minAge: 23,
    maxAge: 35,
    preferredGender: [ 'male' ],
    maxRent: 1200,
    cleanlinessLevel: 3,
    noiseTolerance: 4,
    petFriendly: true,
    smokingAllowed: false
  },
  _id: new ObjectId('692e7c9b98891f81f7522c79'),
  name: 'Mike Chen & Sam Rodriguez',
  description: 'Group formed by Mike Chen and Sam Rodriguez',
  memberIds: [
    new ObjectId('691e3478fa0ca2ee636b1cbd'),
    new ObjectId('691e3479fa0ca2ee636b1cc0')
  ],
  photos: [
    'https://images.unsplash.com/photo-1506794778202-cad84cf45f1d?w=400',
    'https://images.unsplash.com/photo-1499996860823-5214fcc65f8f?w=400',
    'https://images.unsplash.com/photo-1494790108377-be9c29b29330?w=400',
    'https://images.unsplash.com/photo-1438761681033-6461ffad8d80?w=400'
  ],
  isActive: true,
  maxMembers: 8,
  target_status: 'not_full',
  group_status: 'active',
  pendingVotes: Map(0) {},
  createdAt: 2025-12-02T05:43:55.954Z,
  updatedAt: 2025-12-02T05:47:34.148Z,
  inviteCode: 'DWJK0WMS',
  __v: 2
} status: in_group
Found group: Mike Chen & Sam Rodriguez with members: [ 'Sam Rodriguez', 'Jordan Lee' ]
Returning group conversation: {
  id: 'group_692e7c9b98891f81f7522c79',
  groupId: new ObjectId('692e7c9b98891f81f7522c79'),
  groupName: 'Mike Chen & Sam Rodriguez',
  members: [
    {
      id: new ObjectId('691e3478fa0ca2ee636b1cbd'),
      name: 'Sam Rodriguez',
      photo: 'https://images.unsplash.com/photo-1494790108377-be9c29b29330?w=400',
      email: 'sam@email.com'
    },
    {
      id: new ObjectId('691e3479fa0ca2ee636b1cc0'),
      name: 'Jordan Lee',
      photo: 'https://images.unsplash.com/photo-1534528741775-53994a69daeb?w=400',
      email: 'jordan@email.com'
    }
  ],
  lastMessage: {
    _id: new ObjectId('692e7d7698891f81f752323c'),
    senderId: null,
    groupId: new ObjectId('692e7c9b98891f81f7522c79'),
    content: 'Mike Chen has left the group chat',
    messageType: 'system',
    isRead: false,
    isDeleted: false,
    readBy: [],
    createdAt: 2025-12-02T05:47:34.159Z,
    updatedAt: 2025-12-02T05:47:34.159Z,
    __v: 0
  },
  updatedAt: 2025-12-02T05:47:34.159Z,
  isGroup: true,
  maxMembers: 8
}
Loading group conversations for user: 691e3479fa0ca2ee636b1cc0
Current user: Jordan Lee groupId: {
  preferences: {
    location: { city: 'Oakland', state: 'CA', zipCode: '94612' },
    minAge: 23,
    maxAge: 35,
    preferredGender: [ 'male' ],
    maxRent: 1200,
    cleanlinessLevel: 3,
    noiseTolerance: 4,
    petFriendly: true,
    smokingAllowed: false
  },
  _id: new ObjectId('692e7c9b98891f81f7522c79'),
  name: 'Mike Chen & Sam Rodriguez',
  description: 'Group formed by Mike Chen and Sam Rodriguez',
  memberIds: [
    new ObjectId('691e3478fa0ca2ee636b1cbd'),
    new ObjectId('691e3479fa0ca2ee636b1cc0')
  ],
  photos: [
    'https://images.unsplash.com/photo-1506794778202-cad84cf45f1d?w=400',
    'https://images.unsplash.com/photo-1499996860823-5214fcc65f8f?w=400',
    'https://images.unsplash.com/photo-1494790108377-be9c29b29330?w=400',
    'https://images.unsplash.com/photo-1438761681033-6461ffad8d80?w=400'
  ],
  isActive: true,
  maxMembers: 8,
  target_status: 'not_full',
  group_status: 'active',
  pendingVotes: Map(0) {},
  createdAt: 2025-12-02T05:43:55.954Z,
  updatedAt: 2025-12-02T05:47:34.148Z,
  inviteCode: 'DWJK0WMS',
  __v: 2
} status: in_group
Found group: Mike Chen & Sam Rodriguez with members: [ 'Sam Rodriguez', 'Jordan Lee' ]
Returning group conversation: {
  id: 'group_692e7c9b98891f81f7522c79',
  groupId: new ObjectId('692e7c9b98891f81f7522c79'),
  groupName: 'Mike Chen & Sam Rodriguez',
  members: [
    {
      id: new ObjectId('691e3478fa0ca2ee636b1cbd'),
      name: 'Sam Rodriguez',
      photo: 'https://images.unsplash.com/photo-1494790108377-be9c29b29330?w=400',
      email: 'sam@email.com'
    },
    {
      id: new ObjectId('691e3479fa0ca2ee636b1cc0'),
      name: 'Jordan Lee',
      photo: 'https://images.unsplash.com/photo-1534528741775-53994a69daeb?w=400',
      email: 'jordan@email.com'
    }
  ],
  lastMessage: {
    _id: new ObjectId('692e7d7698891f81f752323c'),
    senderId: null,
    groupId: new ObjectId('692e7c9b98891f81f7522c79'),
    content: 'Mike Chen has left the group chat',
    messageType: 'system',
    isRead: false,
    isDeleted: false,
    readBy: [],
    createdAt: 2025-12-02T05:47:34.159Z,
    updatedAt: 2025-12-02T05:47:34.159Z,
    __v: 0
  },
  updatedAt: 2025-12-02T05:47:34.159Z,
  isGroup: true,
  maxMembers: 8
}
Loading group conversations for user: 691e3479fa0ca2ee636b1cc0
Current user: Jordan Lee groupId: {
  preferences: {
    location: { city: 'Oakland', state: 'CA', zipCode: '94612' },
    minAge: 23,
    maxAge: 35,
    preferredGender: [ 'male' ],
    maxRent: 1200,
    cleanlinessLevel: 3,
    noiseTolerance: 4,
    petFriendly: true,
    smokingAllowed: false
  },
  _id: new ObjectId('692e7c9b98891f81f7522c79'),
  name: 'Mike Chen & Sam Rodriguez',
  description: 'Group formed by Mike Chen and Sam Rodriguez',
  memberIds: [
    new ObjectId('691e3478fa0ca2ee636b1cbd'),
    new ObjectId('691e3479fa0ca2ee636b1cc0')
  ],
  photos: [
    'https://images.unsplash.com/photo-1506794778202-cad84cf45f1d?w=400',
    'https://images.unsplash.com/photo-1499996860823-5214fcc65f8f?w=400',
    'https://images.unsplash.com/photo-1494790108377-be9c29b29330?w=400',
    'https://images.unsplash.com/photo-1438761681033-6461ffad8d80?w=400'
  ],
  isActive: true,
  maxMembers: 8,
  target_status: 'not_full',
  group_status: 'active',
  pendingVotes: Map(0) {},
  createdAt: 2025-12-02T05:43:55.954Z,
  updatedAt: 2025-12-02T05:47:34.148Z,
  inviteCode: 'DWJK0WMS',
  __v: 2
} status: in_group
Found group: Mike Chen & Sam Rodriguez with members: [ 'Sam Rodriguez', 'Jordan Lee' ]
Returning group conversation: {
  id: 'group_692e7c9b98891f81f7522c79',
  groupId: new ObjectId('692e7c9b98891f81f7522c79'),
  groupName: 'Mike Chen & Sam Rodriguez',
  members: [
    {
      id: new ObjectId('691e3478fa0ca2ee636b1cbd'),
      name: 'Sam Rodriguez',
      photo: 'https://images.unsplash.com/photo-1494790108377-be9c29b29330?w=400',
      email: 'sam@email.com'
    },
    {
      id: new ObjectId('691e3479fa0ca2ee636b1cc0'),
      name: 'Jordan Lee',
      photo: 'https://images.unsplash.com/photo-1534528741775-53994a69daeb?w=400',
      email: 'jordan@email.com'
    }
  ],
  lastMessage: {
    _id: new ObjectId('692e7d7698891f81f752323c'),
    senderId: null,
    groupId: new ObjectId('692e7c9b98891f81f7522c79'),
    content: 'Mike Chen has left the group chat',
    messageType: 'system',
    isRead: false,
    isDeleted: false,
    readBy: [],
    createdAt: 2025-12-02T05:47:34.159Z,
    updatedAt: 2025-12-02T05:47:34.159Z,
    __v: 0
  },
  updatedAt: 2025-12-02T05:47:34.159Z,
  isGroup: true,
  maxMembers: 8
}
User connected: Ua4cBA1tHdI3AwCiAABN User ID: 691e3479fa0ca2ee636b1cc0
User 691e3479fa0ca2ee636b1cc0 joined room
User 691e3479fa0ca2ee636b1cc0 confirmed in room
User disconnected: Ua4cBA1tHdI3AwCiAABN User ID: 691e3479fa0ca2ee636b1cc0
Auth check: {
  reqUserId: '691e3479fa0ca2ee636b1cc0',
  paramsId: '691e3479fa0ca2ee636b1cc0'
}
Loading matches for user: 691e3479fa0ca2ee636b1cc0 requested by: 691e3479fa0ca2ee636b1cc0
Finding matches in database...
Current user: Jordan Lee jordan@email.com
Found 0 actual matches
Finding incoming likes...
Swiped user IDs: []
Matched user IDs: []
All excluded user IDs: []
Filter query: {
  "_id": {
    "$ne": "691e3479fa0ca2ee636b1cc0",
    "$nin": []
  },
  "profileStatus": "active",
  "isActive": true,
  "$or": [
    {
      "groupId": {
        "$exists": false
      }
    },
    {
      "groupId": null
    }
  ]
}
Found 0 incoming likes
🔍 DEBUG: Raw incoming likes:
Processing pending matches...
Created 0 pending matches
🔍 DEBUG: Final pending matches:
Loading group matches...
Found potential matches: 4
User names: [ 'Steph C', 'Alex Johnson', 'Sam Chen', 'Mike Rodriguez' ]
Returning: 4 matches
Found 0 group matches
Processing group matches...
Returning matches for user: 691e3479fa0ca2ee636b1cc0
Real matches: 0
Pending matches: 0
Potential-matches: found candidateGroups count= 1
Added 1 group(s) into potential matches for user 691e3479fa0ca2ee636b1cc0
Found 1 groups with pending join requests from user 691e3479fa0ca2ee636b1cc0
Added 0 group(s) to matches for user 691e3479fa0ca2ee636b1cc0
🔍 DEBUG: Final response breakdown:
  - User matches (accepted): 0
  - Pending matches (individual likes): 0
  - Group matches: 0
  - Available groups: 0
  - Total matches returned: 0
Auth check: {
  reqUserId: '691e3479fa0ca2ee636b1cc0',
  paramsId: '691e3479fa0ca2ee636b1cc0'
}
Loading matches for user: 691e3479fa0ca2ee636b1cc0 requested by: 691e3479fa0ca2ee636b1cc0
Finding matches in database...
Current user: Jordan Lee jordan@email.com
User connected: aUgqLgdCiFBAwu_xAABP User ID: 691e3479fa0ca2ee636b1cc0
User 691e3479fa0ca2ee636b1cc0 joined room
Swiped user IDs: []
User 691e3479fa0ca2ee636b1cc0 confirmed in room
Found 0 actual matches
Finding incoming likes...
Matched user IDs: []
All excluded user IDs: []
Filter query: {
  "_id": {
    "$ne": "691e3479fa0ca2ee636b1cc0",
    "$nin": []
  },
  "profileStatus": "active",
  "isActive": true,
  "$or": [
    {
      "groupId": {
        "$exists": false
      }
    },
    {
      "groupId": null
    }
  ]
}
Found potential matches: 4
User names: [ 'Steph C', 'Alex Johnson', 'Sam Chen', 'Mike Rodriguez' ]
Returning: 4 matches
Found 0 incoming likes
🔍 DEBUG: Raw incoming likes:
Processing pending matches...
Created 0 pending matches
🔍 DEBUG: Final pending matches:
Loading group matches...
Potential-matches: found candidateGroups count= 1
Added 1 group(s) into potential matches for user 691e3479fa0ca2ee636b1cc0
Found 0 group matches
Processing group matches...
Returning matches for user: 691e3479fa0ca2ee636b1cc0
Real matches: 0
Pending matches: 0
Found 1 groups with pending join requests from user 691e3479fa0ca2ee636b1cc0
Added 0 group(s) to matches for user 691e3479fa0ca2ee636b1cc0
🔍 DEBUG: Final response breakdown:
  - User matches (accepted): 0
  - Pending matches (individual likes): 0
  - Group matches: 0
  - Available groups: 0
  - Total matches returned: 0
User disconnected: aUgqLgdCiFBAwu_xAABP User ID: 691e3479fa0ca2ee636b1cc0
Auth check: {
  reqUserId: '691e3479fa0ca2ee636b1cc0',
  paramsId: '691e3479fa0ca2ee636b1cc0'
}
Loading matches for user: 691e3479fa0ca2ee636b1cc0 requested by: 691e3479fa0ca2ee636b1cc0
Finding matches in database...
Found 0 actual matches
Finding incoming likes...
Current user: Jordan Lee jordan@email.com
Found 0 incoming likes
🔍 DEBUG: Raw incoming likes:
Processing pending matches...
Created 0 pending matches
🔍 DEBUG: Final pending matches:
Loading group matches...
Found 0 group matches
Processing group matches...
Returning matches for user: 691e3479fa0ca2ee636b1cc0
Real matches: 0
Pending matches: 0
Swiped user IDs: []
Found 1 groups with pending join requests from user 691e3479fa0ca2ee636b1cc0
Matched user IDs: []
All excluded user IDs: []
Filter query: {
  "_id": {
    "$ne": "691e3479fa0ca2ee636b1cc0",
    "$nin": []
  },
  "profileStatus": "active",
  "isActive": true,
  "$or": [
    {
      "groupId": {
        "$exists": false
      }
    },
    {
      "groupId": null
    }
  ]
}
Added 0 group(s) to matches for user 691e3479fa0ca2ee636b1cc0
🔍 DEBUG: Final response breakdown:
  - User matches (accepted): 0
  - Pending matches (individual likes): 0
  - Group matches: 0
  - Available groups: 0
  - Total matches returned: 0
Found potential matches: 4
User names: [ 'Steph C', 'Alex Johnson', 'Sam Chen', 'Mike Rodriguez' ]
Returning: 4 matches
Potential-matches: found candidateGroups count= 1
Added 1 group(s) into potential matches for user 691e3479fa0ca2ee636b1cc0
User connected: k3CmMrfi8YneWMTCAABR User ID: 691e3479fa0ca2ee636b1cc0
User 691e3479fa0ca2ee636b1cc0 joined room
Auth check: {
  reqUserId: '691e3479fa0ca2ee636b1cc0',
  paramsId: '691e3479fa0ca2ee636b1cc0'
}
Loading matches for user: 691e3479fa0ca2ee636b1cc0 requested by: 691e3479fa0ca2ee636b1cc0
Finding matches in database...
Current user: Jordan Lee jordan@email.com
User 691e3479fa0ca2ee636b1cc0 confirmed in room
Swiped user IDs: []
Found 0 actual matches
Finding incoming likes...
Matched user IDs: []
All excluded user IDs: []
Filter query: {
  "_id": {
    "$ne": "691e3479fa0ca2ee636b1cc0",
    "$nin": []
  },
  "profileStatus": "active",
  "isActive": true,
  "$or": [
    {
      "groupId": {
        "$exists": false
      }
    },
    {
      "groupId": null
    }
  ]
}
Found 0 incoming likes
🔍 DEBUG: Raw incoming likes:
Processing pending matches...
Created 0 pending matches
🔍 DEBUG: Final pending matches:
Loading group matches...
Found potential matches: 4
User names: [ 'Steph C', 'Alex Johnson', 'Sam Chen', 'Mike Rodriguez' ]
Returning: 4 matches
Found 0 group matches
Processing group matches...
Returning matches for user: 691e3479fa0ca2ee636b1cc0
Real matches: 0
Pending matches: 0
Potential-matches: found candidateGroups count= 1
Added 1 group(s) into potential matches for user 691e3479fa0ca2ee636b1cc0
Found 1 groups with pending join requests from user 691e3479fa0ca2ee636b1cc0
Added 0 group(s) to matches for user 691e3479fa0ca2ee636b1cc0
🔍 DEBUG: Final response breakdown:
  - User matches (accepted): 0
  - Pending matches (individual likes): 0
  - Group matches: 0
  - Available groups: 0
  - Total matches returned: 0
User disconnected: k3CmMrfi8YneWMTCAABR User ID: 691e3479fa0ca2ee636b1cc0
Auth check: {
  reqUserId: '691e3479fa0ca2ee636b1cc0',
  paramsId: '691e3479fa0ca2ee636b1cc0'
}
Loading matches for user: 691e3479fa0ca2ee636b1cc0 requested by: 691e3479fa0ca2ee636b1cc0
Finding matches in database...
Current user: Jordan Lee jordan@email.com
Found 0 actual matches
Finding incoming likes...
Swiped user IDs: []
Found 0 incoming likes
🔍 DEBUG: Raw incoming likes:
Processing pending matches...
Created 0 pending matches
🔍 DEBUG: Final pending matches:
Loading group matches...
Matched user IDs: []
All excluded user IDs: []
Filter query: {
  "_id": {
    "$ne": "691e3479fa0ca2ee636b1cc0",
    "$nin": []
  },
  "profileStatus": "active",
  "isActive": true,
  "$or": [
    {
      "groupId": {
        "$exists": false
      }
    },
    {
      "groupId": null
    }
  ]
}
Found 0 group matches
Processing group matches...
Returning matches for user: 691e3479fa0ca2ee636b1cc0
Real matches: 0
Pending matches: 0
Found potential matches: 4
User names: [ 'Steph C', 'Alex Johnson', 'Sam Chen', 'Mike Rodriguez' ]
Returning: 4 matches
Found 1 groups with pending join requests from user 691e3479fa0ca2ee636b1cc0
Potential-matches: found candidateGroups count= 1
Added 1 group(s) into potential matches for user 691e3479fa0ca2ee636b1cc0
Added 0 group(s) to matches for user 691e3479fa0ca2ee636b1cc0
🔍 DEBUG: Final response breakdown:
  - User matches (accepted): 0
  - Pending matches (individual likes): 0
  - Group matches: 0
  - Available groups: 0
  - Total matches returned: 0
Auth check: {
  reqUserId: '691e3479fa0ca2ee636b1cc0',
  paramsId: '691e3479fa0ca2ee636b1cc0'
}
Auth check: {
  reqUserId: '691e3479fa0ca2ee636b1cc0',
  paramsId: '691e3479fa0ca2ee636b1cc0'
}
Loading matches for user: 691e3479fa0ca2ee636b1cc0 requested by: 691e3479fa0ca2ee636b1cc0
Finding matches in database...
Current user: Jordan Lee jordan@email.com
Current user: Jordan Lee jordan@email.com
Found 0 actual matches
Finding incoming likes...
Found 0 incoming likes
🔍 DEBUG: Raw incoming likes:
Processing pending matches...
Created 0 pending matches
🔍 DEBUG: Final pending matches:
Loading group matches...
Swiped user IDs: []
Swiped user IDs: []
Found 0 group matches
Processing group matches...
Returning matches for user: 691e3479fa0ca2ee636b1cc0
Real matches: 0
Pending matches: 0
Matched user IDs: []
All excluded user IDs: []
Filter query: {
  "_id": {
    "$ne": "691e3479fa0ca2ee636b1cc0",
    "$nin": []
  },
  "profileStatus": "active",
  "isActive": true,
  "$or": [
    {
      "groupId": {
        "$exists": false
      }
    },
    {
      "groupId": null
    }
  ]
}
Found 1 groups with pending join requests from user 691e3479fa0ca2ee636b1cc0
Found potential matches: 4
User names: [ 'Steph C', 'Alex Johnson', 'Sam Chen', 'Mike Rodriguez' ]
Returning: 4 matches
Matched user IDs: []
All excluded user IDs: []
Filter query: {
  "_id": {
    "$ne": "691e3479fa0ca2ee636b1cc0",
    "$nin": []
  },
  "profileStatus": "active",
  "isActive": true,
  "$or": [
    {
      "groupId": {
        "$exists": false
      }
    },
    {
      "groupId": null
    }
  ]
}
Added 0 group(s) to matches for user 691e3479fa0ca2ee636b1cc0
🔍 DEBUG: Final response breakdown:
  - User matches (accepted): 0
  - Pending matches (individual likes): 0
  - Group matches: 0
  - Available groups: 0
  - Total matches returned: 0
Potential-matches: found candidateGroups count= 1
Added 1 group(s) into potential matches for user 691e3479fa0ca2ee636b1cc0
Found potential matches: 4
User names: [ 'Steph C', 'Alex Johnson', 'Sam Chen', 'Mike Rodriguez' ]
Returning: 4 matches
Potential-matches: found candidateGroups count= 1
Added 1 group(s) into potential matches for user 691e3479fa0ca2ee636b1cc0
Auth check: {
  reqUserId: '691e3479fa0ca2ee636b1cc0',
  paramsId: '691e3479fa0ca2ee636b1cc0'
}
Loading matches for user: 691e3479fa0ca2ee636b1cc0 requested by: 691e3479fa0ca2ee636b1cc0
Finding matches in database...
Loading group conversations for user: 691e3479fa0ca2ee636b1cc0
Current user: Jordan Lee jordan@email.com
Found 0 actual matches
Finding incoming likes...
User disconnected: ZwdYcq5dk5DV8jINAABL User ID: 691e3479fa0ca2ee636b1cc0
Swiped user IDs: []
Found 0 incoming likes
🔍 DEBUG: Raw incoming likes:
Processing pending matches...
Created 0 pending matches
🔍 DEBUG: Final pending matches:
Loading group matches...
Current user: Jordan Lee groupId: {
  preferences: {
    location: { city: 'Oakland', state: 'CA', zipCode: '94612' },
    minAge: 23,
    maxAge: 35,
    preferredGender: [ 'male' ],
    maxRent: 1200,
    cleanlinessLevel: 3,
    noiseTolerance: 4,
    petFriendly: true,
    smokingAllowed: false
  },
  _id: new ObjectId('692e7c9b98891f81f7522c79'),
  name: 'Mike Chen & Sam Rodriguez',
  description: 'Group formed by Mike Chen and Sam Rodriguez',
  memberIds: [
    new ObjectId('691e3478fa0ca2ee636b1cbd'),
    new ObjectId('691e3479fa0ca2ee636b1cc0')
  ],
  photos: [
    'https://images.unsplash.com/photo-1506794778202-cad84cf45f1d?w=400',
    'https://images.unsplash.com/photo-1499996860823-5214fcc65f8f?w=400',
    'https://images.unsplash.com/photo-1494790108377-be9c29b29330?w=400',
    'https://images.unsplash.com/photo-1438761681033-6461ffad8d80?w=400'
  ],
  isActive: true,
  maxMembers: 8,
  target_status: 'not_full',
  group_status: 'active',
  pendingVotes: Map(0) {},
  createdAt: 2025-12-02T05:43:55.954Z,
  updatedAt: 2025-12-02T05:47:34.148Z,
  inviteCode: 'DWJK0WMS',
  __v: 2
} status: in_group
Matched user IDs: []
All excluded user IDs: []
Filter query: {
  "_id": {
    "$ne": "691e3479fa0ca2ee636b1cc0",
    "$nin": []
  },
  "profileStatus": "active",
  "isActive": true,
  "$or": [
    {
      "groupId": {
        "$exists": false
      }
    },
    {
      "groupId": null
    }
  ]
}
Found 0 group matches
Processing group matches...
Returning matches for user: 691e3479fa0ca2ee636b1cc0
Real matches: 0
Pending matches: 0
Found potential matches: 4
User names: [ 'Steph C', 'Alex Johnson', 'Sam Chen', 'Mike Rodriguez' ]
Returning: 4 matches
Found 1 groups with pending join requests from user 691e3479fa0ca2ee636b1cc0
Found group: Mike Chen & Sam Rodriguez with members: [ 'Sam Rodriguez', 'Jordan Lee' ]
User connected: o7jBg1ELPn-0qMniAABT User ID: 691e3479fa0ca2ee636b1cc0
User 691e3479fa0ca2ee636b1cc0 joined room
Potential-matches: found candidateGroups count= 1
Added 1 group(s) into potential matches for user 691e3479fa0ca2ee636b1cc0
Added 0 group(s) to matches for user 691e3479fa0ca2ee636b1cc0
🔍 DEBUG: Final response breakdown:
  - User matches (accepted): 0
  - Pending matches (individual likes): 0
  - Group matches: 0
  - Available groups: 0
  - Total matches returned: 0
Returning group conversation: {
  id: 'group_692e7c9b98891f81f7522c79',
  groupId: new ObjectId('692e7c9b98891f81f7522c79'),
  groupName: 'Mike Chen & Sam Rodriguez',
  members: [
    {
      id: new ObjectId('691e3478fa0ca2ee636b1cbd'),
      name: 'Sam Rodriguez',
      photo: 'https://images.unsplash.com/photo-1494790108377-be9c29b29330?w=400',
      email: 'sam@email.com'
    },
    {
      id: new ObjectId('691e3479fa0ca2ee636b1cc0'),
      name: 'Jordan Lee',
      photo: 'https://images.unsplash.com/photo-1534528741775-53994a69daeb?w=400',
      email: 'jordan@email.com'
    }
  ],
  lastMessage: {
    _id: new ObjectId('692e7d7698891f81f752323c'),
    senderId: null,
    groupId: new ObjectId('692e7c9b98891f81f7522c79'),
    content: 'Mike Chen has left the group chat',
    messageType: 'system',
    isRead: false,
    isDeleted: false,
    readBy: [],
    createdAt: 2025-12-02T05:47:34.159Z,
    updatedAt: 2025-12-02T05:47:34.159Z,
    __v: 0
  },
  updatedAt: 2025-12-02T05:47:34.159Z,
  isGroup: true,
  maxMembers: 8
}
User 691e3479fa0ca2ee636b1cc0 confirmed in room
Auth check: {
  reqUserId: '691e3479fa0ca2ee636b1cc0',
  paramsId: '691e3479fa0ca2ee636b1cc0'
}
Loading group conversations for user: 691e3479fa0ca2ee636b1cc0
Current user: Jordan Lee jordan@email.com
Current user: Jordan Lee groupId: {
  preferences: {
    location: { city: 'Oakland', state: 'CA', zipCode: '94612' },
    minAge: 23,
    maxAge: 35,
    preferredGender: [ 'male' ],
    maxRent: 1200,
    cleanlinessLevel: 3,
    noiseTolerance: 4,
    petFriendly: true,
    smokingAllowed: false
  },
  _id: new ObjectId('692e7c9b98891f81f7522c79'),
  name: 'Mike Chen & Sam Rodriguez',
  description: 'Group formed by Mike Chen and Sam Rodriguez',
  memberIds: [
    new ObjectId('691e3478fa0ca2ee636b1cbd'),
    new ObjectId('691e3479fa0ca2ee636b1cc0')
  ],
  photos: [
    'https://images.unsplash.com/photo-1506794778202-cad84cf45f1d?w=400',
    'https://images.unsplash.com/photo-1499996860823-5214fcc65f8f?w=400',
    'https://images.unsplash.com/photo-1494790108377-be9c29b29330?w=400',
    'https://images.unsplash.com/photo-1438761681033-6461ffad8d80?w=400'
  ],
  isActive: true,
  maxMembers: 8,
  target_status: 'not_full',
  group_status: 'active',
  pendingVotes: Map(0) {},
  createdAt: 2025-12-02T05:43:55.954Z,
  updatedAt: 2025-12-02T05:47:34.148Z,
  inviteCode: 'DWJK0WMS',
  __v: 2
} status: in_group
Swiped user IDs: []
Found group: Mike Chen & Sam Rodriguez with members: [ 'Sam Rodriguez', 'Jordan Lee' ]
Matched user IDs: []
All excluded user IDs: []
Filter query: {
  "_id": {
    "$ne": "691e3479fa0ca2ee636b1cc0",
    "$nin": []
  },
  "profileStatus": "active",
  "isActive": true,
  "$or": [
    {
      "groupId": {
        "$exists": false
      }
    },
    {
      "groupId": null
    }
  ]
}
Returning group conversation: {
  id: 'group_692e7c9b98891f81f7522c79',
  groupId: new ObjectId('692e7c9b98891f81f7522c79'),
  groupName: 'Mike Chen & Sam Rodriguez',
  members: [
    {
      id: new ObjectId('691e3478fa0ca2ee636b1cbd'),
      name: 'Sam Rodriguez',
      photo: 'https://images.unsplash.com/photo-1494790108377-be9c29b29330?w=400',
      email: 'sam@email.com'
    },
    {
      id: new ObjectId('691e3479fa0ca2ee636b1cc0'),
      name: 'Jordan Lee',
      photo: 'https://images.unsplash.com/photo-1534528741775-53994a69daeb?w=400',
      email: 'jordan@email.com'
    }
  ],
  lastMessage: {
    _id: new ObjectId('692e7d7698891f81f752323c'),
    senderId: null,
    groupId: new ObjectId('692e7c9b98891f81f7522c79'),
    content: 'Mike Chen has left the group chat',
    messageType: 'system',
    isRead: false,
    isDeleted: false,
    readBy: [],
    createdAt: 2025-12-02T05:47:34.159Z,
    updatedAt: 2025-12-02T05:47:34.159Z,
    __v: 0
  },
  updatedAt: 2025-12-02T05:47:34.159Z,
  isGroup: true,
  maxMembers: 8
}
Found potential matches: 4
User names: [ 'Steph C', 'Alex Johnson', 'Sam Chen', 'Mike Rodriguez' ]
Returning: 4 matches
Potential-matches: found candidateGroups count= 1
Added 1 group(s) into potential matches for user 691e3479fa0ca2ee636b1cc0
Loading group conversations for user: 691e3479fa0ca2ee636b1cc0
Current user: Jordan Lee groupId: {
  preferences: {
    location: { city: 'Oakland', state: 'CA', zipCode: '94612' },
    minAge: 23,
    maxAge: 35,
    preferredGender: [ 'male' ],
    maxRent: 1200,
    cleanlinessLevel: 3,
    noiseTolerance: 4,
    petFriendly: true,
    smokingAllowed: false
  },
  _id: new ObjectId('692e7c9b98891f81f7522c79'),
  name: 'Mike Chen & Sam Rodriguez',
  description: 'Group formed by Mike Chen and Sam Rodriguez',
  memberIds: [
    new ObjectId('691e3478fa0ca2ee636b1cbd'),
    new ObjectId('691e3479fa0ca2ee636b1cc0')
  ],
  photos: [
    'https://images.unsplash.com/photo-1506794778202-cad84cf45f1d?w=400',
    'https://images.unsplash.com/photo-1499996860823-5214fcc65f8f?w=400',
    'https://images.unsplash.com/photo-1494790108377-be9c29b29330?w=400',
    'https://images.unsplash.com/photo-1438761681033-6461ffad8d80?w=400'
  ],
  isActive: true,
  maxMembers: 8,
  target_status: 'not_full',
  group_status: 'active',
  pendingVotes: Map(0) {},
  createdAt: 2025-12-02T05:43:55.954Z,
  updatedAt: 2025-12-02T05:47:34.148Z,
  inviteCode: 'DWJK0WMS',
  __v: 2
} status: in_group
Found group: Mike Chen & Sam Rodriguez with members: [ 'Sam Rodriguez', 'Jordan Lee' ]
Returning group conversation: {
  id: 'group_692e7c9b98891f81f7522c79',
  groupId: new ObjectId('692e7c9b98891f81f7522c79'),
  groupName: 'Mike Chen & Sam Rodriguez',
  members: [
    {
      id: new ObjectId('691e3478fa0ca2ee636b1cbd'),
      name: 'Sam Rodriguez',
      photo: 'https://images.unsplash.com/photo-1494790108377-be9c29b29330?w=400',
      email: 'sam@email.com'
    },
    {
      id: new ObjectId('691e3479fa0ca2ee636b1cc0'),
      name: 'Jordan Lee',
      photo: 'https://images.unsplash.com/photo-1534528741775-53994a69daeb?w=400',
      email: 'jordan@email.com'
    }
  ],
  lastMessage: {
    _id: new ObjectId('692e7d7698891f81f752323c'),
    senderId: null,
    groupId: new ObjectId('692e7c9b98891f81f7522c79'),
    content: 'Mike Chen has left the group chat',
    messageType: 'system',
    isRead: false,
    isDeleted: false,
    readBy: [],
    createdAt: 2025-12-02T05:47:34.159Z,
    updatedAt: 2025-12-02T05:47:34.159Z,
    __v: 0
  },
  updatedAt: 2025-12-02T05:47:34.159Z,
  isGroup: true,
  maxMembers: 8
}
Loading matches for user: 691e3479fa0ca2ee636b1cc0 requested by: 691e3479fa0ca2ee636b1cc0
Finding matches in database...
Found 0 actual matches
Finding incoming likes...
Found 0 incoming likes
🔍 DEBUG: Raw incoming likes:
Processing pending matches...
Created 0 pending matches
🔍 DEBUG: Final pending matches:
Loading group matches...
Loading group conversations for user: 691e3479fa0ca2ee636b1cc0
Found 0 group matches
Processing group matches...
Returning matches for user: 691e3479fa0ca2ee636b1cc0
Real matches: 0
Pending matches: 0
Found 1 groups with pending join requests from user 691e3479fa0ca2ee636b1cc0
Current user: Jordan Lee groupId: {
  preferences: {
    location: { city: 'Oakland', state: 'CA', zipCode: '94612' },
    minAge: 23,
    maxAge: 35,
    preferredGender: [ 'male' ],
    maxRent: 1200,
    cleanlinessLevel: 3,
    noiseTolerance: 4,
    petFriendly: true,
    smokingAllowed: false
  },
  _id: new ObjectId('692e7c9b98891f81f7522c79'),
  name: 'Mike Chen & Sam Rodriguez',
  description: 'Group formed by Mike Chen and Sam Rodriguez',
  memberIds: [
    new ObjectId('691e3478fa0ca2ee636b1cbd'),
    new ObjectId('691e3479fa0ca2ee636b1cc0')
  ],
  photos: [
    'https://images.unsplash.com/photo-1506794778202-cad84cf45f1d?w=400',
    'https://images.unsplash.com/photo-1499996860823-5214fcc65f8f?w=400',
    'https://images.unsplash.com/photo-1494790108377-be9c29b29330?w=400',
    'https://images.unsplash.com/photo-1438761681033-6461ffad8d80?w=400'
  ],
  isActive: true,
  maxMembers: 8,
  target_status: 'not_full',
  group_status: 'active',
  pendingVotes: Map(0) {},
  createdAt: 2025-12-02T05:43:55.954Z,
  updatedAt: 2025-12-02T05:47:34.148Z,
  inviteCode: 'DWJK0WMS',
  __v: 2
} status: in_group
Added 0 group(s) to matches for user 691e3479fa0ca2ee636b1cc0
🔍 DEBUG: Final response breakdown:
  - User matches (accepted): 0
  - Pending matches (individual likes): 0
  - Group matches: 0
  - Available groups: 0
  - Total matches returned: 0
Found group: Mike Chen & Sam Rodriguez with members: [ 'Sam Rodriguez', 'Jordan Lee' ]
Returning group conversation: {
  id: 'group_692e7c9b98891f81f7522c79',
  groupId: new ObjectId('692e7c9b98891f81f7522c79'),
  groupName: 'Mike Chen & Sam Rodriguez',
  members: [
    {
      id: new ObjectId('691e3478fa0ca2ee636b1cbd'),
      name: 'Sam Rodriguez',
      photo: 'https://images.unsplash.com/photo-1494790108377-be9c29b29330?w=400',
      email: 'sam@email.com'
    },
    {
      id: new ObjectId('691e3479fa0ca2ee636b1cc0'),
      name: 'Jordan Lee',
      photo: 'https://images.unsplash.com/photo-1534528741775-53994a69daeb?w=400',
      email: 'jordan@email.com'
    }
  ],
  lastMessage: {
    _id: new ObjectId('692e7d7698891f81f752323c'),
    senderId: null,
    groupId: new ObjectId('692e7c9b98891f81f7522c79'),
    content: 'Mike Chen has left the group chat',
    messageType: 'system',
    isRead: false,
    isDeleted: false,
    readBy: [],
    createdAt: 2025-12-02T05:47:34.159Z,
    updatedAt: 2025-12-02T05:47:34.159Z,
    __v: 0
  },
  updatedAt: 2025-12-02T05:47:34.159Z,
  isGroup: true,
  maxMembers: 8
}
Loading group conversations for user: 691e3479fa0ca2ee636b1cc0
Current user: Jordan Lee groupId: {
  preferences: {
    location: { city: 'Oakland', state: 'CA', zipCode: '94612' },
    minAge: 23,
    maxAge: 35,
    preferredGender: [ 'male' ],
    maxRent: 1200,
    cleanlinessLevel: 3,
    noiseTolerance: 4,
    petFriendly: true,
    smokingAllowed: false
  },
  _id: new ObjectId('692e7c9b98891f81f7522c79'),
  name: 'Mike Chen & Sam Rodriguez',
  description: 'Group formed by Mike Chen and Sam Rodriguez',
  memberIds: [
    new ObjectId('691e3478fa0ca2ee636b1cbd'),
    new ObjectId('691e3479fa0ca2ee636b1cc0')
  ],
  photos: [
    'https://images.unsplash.com/photo-1506794778202-cad84cf45f1d?w=400',
    'https://images.unsplash.com/photo-1499996860823-5214fcc65f8f?w=400',
    'https://images.unsplash.com/photo-1494790108377-be9c29b29330?w=400',
    'https://images.unsplash.com/photo-1438761681033-6461ffad8d80?w=400'
  ],
  isActive: true,
  maxMembers: 8,
  target_status: 'not_full',
  group_status: 'active',
  pendingVotes: Map(0) {},
  createdAt: 2025-12-02T05:43:55.954Z,
  updatedAt: 2025-12-02T05:47:34.148Z,
  inviteCode: 'DWJK0WMS',
  __v: 2
} status: in_group
Found group: Mike Chen & Sam Rodriguez with members: [ 'Sam Rodriguez', 'Jordan Lee' ]
Returning group conversation: {
  id: 'group_692e7c9b98891f81f7522c79',
  groupId: new ObjectId('692e7c9b98891f81f7522c79'),
  groupName: 'Mike Chen & Sam Rodriguez',
  members: [
    {
      id: new ObjectId('691e3478fa0ca2ee636b1cbd'),
      name: 'Sam Rodriguez',
      photo: 'https://images.unsplash.com/photo-1494790108377-be9c29b29330?w=400',
      email: 'sam@email.com'
    },
    {
      id: new ObjectId('691e3479fa0ca2ee636b1cc0'),
      name: 'Jordan Lee',
      photo: 'https://images.unsplash.com/photo-1534528741775-53994a69daeb?w=400',
      email: 'jordan@email.com'
    }
  ],
  lastMessage: {
    _id: new ObjectId('692e7d7698891f81f752323c'),
    senderId: null,
    groupId: new ObjectId('692e7c9b98891f81f7522c79'),
    content: 'Mike Chen has left the group chat',
    messageType: 'system',
    isRead: false,
    isDeleted: false,
    readBy: [],
    createdAt: 2025-12-02T05:47:34.159Z,
    updatedAt: 2025-12-02T05:47:34.159Z,
    __v: 0
  },
  updatedAt: 2025-12-02T05:47:34.159Z,
  isGroup: true,
  maxMembers: 8
}
Loading group conversations for user: 691e3479fa0ca2ee636b1cc0
Current user: Jordan Lee groupId: {
  preferences: {
    location: { city: 'Oakland', state: 'CA', zipCode: '94612' },
    minAge: 23,
    maxAge: 35,
    preferredGender: [ 'male' ],
    maxRent: 1200,
    cleanlinessLevel: 3,
    noiseTolerance: 4,
    petFriendly: true,
    smokingAllowed: false
  },
  _id: new ObjectId('692e7c9b98891f81f7522c79'),
  name: 'Mike Chen & Sam Rodriguez',
  description: 'Group formed by Mike Chen and Sam Rodriguez',
  memberIds: [
    new ObjectId('691e3478fa0ca2ee636b1cbd'),
    new ObjectId('691e3479fa0ca2ee636b1cc0')
  ],
  photos: [
    'https://images.unsplash.com/photo-1506794778202-cad84cf45f1d?w=400',
    'https://images.unsplash.com/photo-1499996860823-5214fcc65f8f?w=400',
    'https://images.unsplash.com/photo-1494790108377-be9c29b29330?w=400',
    'https://images.unsplash.com/photo-1438761681033-6461ffad8d80?w=400'
  ],
  isActive: true,
  maxMembers: 8,
  target_status: 'not_full',
  group_status: 'active',
  pendingVotes: Map(0) {},
  createdAt: 2025-12-02T05:43:55.954Z,
  updatedAt: 2025-12-02T05:47:34.148Z,
  inviteCode: 'DWJK0WMS',
  __v: 2
} status: in_group
Found group: Mike Chen & Sam Rodriguez with members: [ 'Sam Rodriguez', 'Jordan Lee' ]
Returning group conversation: {
  id: 'group_692e7c9b98891f81f7522c79',
  groupId: new ObjectId('692e7c9b98891f81f7522c79'),
  groupName: 'Mike Chen & Sam Rodriguez',
  members: [
    {
      id: new ObjectId('691e3478fa0ca2ee636b1cbd'),
      name: 'Sam Rodriguez',
      photo: 'https://images.unsplash.com/photo-1494790108377-be9c29b29330?w=400',
      email: 'sam@email.com'
    },
    {
      id: new ObjectId('691e3479fa0ca2ee636b1cc0'),
      name: 'Jordan Lee',
      photo: 'https://images.unsplash.com/photo-1534528741775-53994a69daeb?w=400',
      email: 'jordan@email.com'
    }
  ],
  lastMessage: {
    _id: new ObjectId('692e7d7698891f81f752323c'),
    senderId: null,
    groupId: new ObjectId('692e7c9b98891f81f7522c79'),
    content: 'Mike Chen has left the group chat',
    messageType: 'system',
    isRead: false,
    isDeleted: false,
    readBy: [],
    createdAt: 2025-12-02T05:47:34.159Z,
    updatedAt: 2025-12-02T05:47:34.159Z,
    __v: 0
  },
  updatedAt: 2025-12-02T05:47:34.159Z,
  isGroup: true,
  maxMembers: 8
}
Loading group conversations for user: 691e3479fa0ca2ee636b1cc0
Current user: Jordan Lee groupId: {
  preferences: {
    location: { city: 'Oakland', state: 'CA', zipCode: '94612' },
    minAge: 23,
    maxAge: 35,
    preferredGender: [ 'male' ],
    maxRent: 1200,
    cleanlinessLevel: 3,
    noiseTolerance: 4,
    petFriendly: true,
    smokingAllowed: false
  },
  _id: new ObjectId('692e7c9b98891f81f7522c79'),
  name: 'Mike Chen & Sam Rodriguez',
  description: 'Group formed by Mike Chen and Sam Rodriguez',
  memberIds: [
    new ObjectId('691e3478fa0ca2ee636b1cbd'),
    new ObjectId('691e3479fa0ca2ee636b1cc0')
  ],
  photos: [
    'https://images.unsplash.com/photo-1506794778202-cad84cf45f1d?w=400',
    'https://images.unsplash.com/photo-1499996860823-5214fcc65f8f?w=400',
    'https://images.unsplash.com/photo-1494790108377-be9c29b29330?w=400',
    'https://images.unsplash.com/photo-1438761681033-6461ffad8d80?w=400'
  ],
  isActive: true,
  maxMembers: 8,
  target_status: 'not_full',
  group_status: 'active',
  pendingVotes: Map(0) {},
  createdAt: 2025-12-02T05:43:55.954Z,
  updatedAt: 2025-12-02T05:47:34.148Z,
  inviteCode: 'DWJK0WMS',
  __v: 2
} status: in_group
Found group: Mike Chen & Sam Rodriguez with members: [ 'Sam Rodriguez', 'Jordan Lee' ]
Returning group conversation: {
  id: 'group_692e7c9b98891f81f7522c79',
  groupId: new ObjectId('692e7c9b98891f81f7522c79'),
  groupName: 'Mike Chen & Sam Rodriguez',
  members: [
    {
      id: new ObjectId('691e3478fa0ca2ee636b1cbd'),
      name: 'Sam Rodriguez',
      photo: 'https://images.unsplash.com/photo-1494790108377-be9c29b29330?w=400',
      email: 'sam@email.com'
    },
    {
      id: new ObjectId('691e3479fa0ca2ee636b1cc0'),
      name: 'Jordan Lee',
      photo: 'https://images.unsplash.com/photo-1534528741775-53994a69daeb?w=400',
      email: 'jordan@email.com'
    }
  ],
  lastMessage: {
    _id: new ObjectId('692e7d7698891f81f752323c'),
    senderId: null,
    groupId: new ObjectId('692e7c9b98891f81f7522c79'),
    content: 'Mike Chen has left the group chat',
    messageType: 'system',
    isRead: false,
    isDeleted: false,
    readBy: [],
    createdAt: 2025-12-02T05:47:34.159Z,
    updatedAt: 2025-12-02T05:47:34.159Z,
    __v: 0
  },
  updatedAt: 2025-12-02T05:47:34.159Z,
  isGroup: true,
  maxMembers: 8
}
Auth check: {
  reqUserId: '691e3479fa0ca2ee636b1cc0',
  paramsId: '691e3479fa0ca2ee636b1cc0'
}
Loading matches for user: 691e3479fa0ca2ee636b1cc0 requested by: 691e3479fa0ca2ee636b1cc0
Finding matches in database...
Current user: Jordan Lee jordan@email.com
Found 0 actual matches
Finding incoming likes...
Found 0 incoming likes
🔍 DEBUG: Raw incoming likes:
Processing pending matches...
Created 0 pending matches
🔍 DEBUG: Final pending matches:
Loading group matches...
Swiped user IDs: []
Found 0 group matches
Processing group matches...
Returning matches for user: 691e3479fa0ca2ee636b1cc0
Real matches: 0
Pending matches: 0
Matched user IDs: []
All excluded user IDs: []
Filter query: {
  "_id": {
    "$ne": "691e3479fa0ca2ee636b1cc0",
    "$nin": []
  },
  "profileStatus": "active",
  "isActive": true,
  "$or": [
    {
      "groupId": {
        "$exists": false
      }
    },
    {
      "groupId": null
    }
  ]
}
Found 1 groups with pending join requests from user 691e3479fa0ca2ee636b1cc0
Found potential matches: 4
User names: [ 'Steph C', 'Alex Johnson', 'Sam Chen', 'Mike Rodriguez' ]
Returning: 4 matches
Added 0 group(s) to matches for user 691e3479fa0ca2ee636b1cc0
🔍 DEBUG: Final response breakdown:
  - User matches (accepted): 0
  - Pending matches (individual likes): 0
  - Group matches: 0
  - Available groups: 0
  - Total matches returned: 0
User connected: gOD5VpAj9bQUaT4mAABV User ID: 691e3479fa0ca2ee636b1cc0
User 691e3479fa0ca2ee636b1cc0 joined room
Potential-matches: found candidateGroups count= 1
Added 1 group(s) into potential matches for user 691e3479fa0ca2ee636b1cc0
User 691e3479fa0ca2ee636b1cc0 confirmed in room
Auth check: {
  reqUserId: '691e3479fa0ca2ee636b1cc0',
  paramsId: '691e3479fa0ca2ee636b1cc0'
}
Loading matches for user: 691e3479fa0ca2ee636b1cc0 requested by: 691e3479fa0ca2ee636b1cc0
Finding matches in database...
Current user: Jordan Lee jordan@email.com
Found 0 actual matches
Finding incoming likes...
Swiped user IDs: []
Matched user IDs: []
All excluded user IDs: []
Filter query: {
  "_id": {
    "$ne": "691e3479fa0ca2ee636b1cc0",
    "$nin": []
  },
  "profileStatus": "active",
  "isActive": true,
  "$or": [
    {
      "groupId": {
        "$exists": false
      }
    },
    {
      "groupId": null
    }
  ]
}
User connected: g6T8MdbIPWPIagWuAABX User ID: 691e3479fa0ca2ee636b1cc0
User 691e3479fa0ca2ee636b1cc0 joined room
Found 0 incoming likes
🔍 DEBUG: Raw incoming likes:
Processing pending matches...
Created 0 pending matches
🔍 DEBUG: Final pending matches:
Loading group matches...
Found potential matches: 4
User names: [ 'Steph C', 'Alex Johnson', 'Sam Chen', 'Mike Rodriguez' ]
Returning: 4 matches
Potential-matches: found candidateGroups count= 1
Added 1 group(s) into potential matches for user 691e3479fa0ca2ee636b1cc0
User 691e3479fa0ca2ee636b1cc0 confirmed in room
Found 0 group matches
Processing group matches...
Returning matches for user: 691e3479fa0ca2ee636b1cc0
Real matches: 0
Pending matches: 0
Found 1 groups with pending join requests from user 691e3479fa0ca2ee636b1cc0
Added 0 group(s) to matches for user 691e3479fa0ca2ee636b1cc0
🔍 DEBUG: Final response breakdown:
  - User matches (accepted): 0
  - Pending matches (individual likes): 0
  - Group matches: 0
  - Available groups: 0
  - Total matches returned: 0
User disconnected: g6T8MdbIPWPIagWuAABX User ID: 691e3479fa0ca2ee636b1cc0
User disconnected: o7jBg1ELPn-0qMniAABT User ID: 691e3479fa0ca2ee636b1cc0
User connected: rr5JKbaes_Nous0mAABZ User ID: 691e3479fa0ca2ee636b1cc3
User 691e3479fa0ca2ee636b1cc3 joined room
Auth check: {
  reqUserId: '691e3479fa0ca2ee636b1cc3',
  paramsId: '691e3479fa0ca2ee636b1cc3'
}
User 691e3479fa0ca2ee636b1cc3 confirmed in room
Current user: Mike Chen mike@email.com
Swiped user IDs: []
Matched user IDs: []
All excluded user IDs: []
Filter query: {
  "_id": {
    "$ne": "691e3479fa0ca2ee636b1cc3",
    "$nin": []
  },
  "profileStatus": "active",
  "isActive": true,
  "$or": [
    {
      "groupId": {
        "$exists": false
      }
    },
    {
      "groupId": null
    }
  ]
}
Found potential matches: 4
User names: [ 'Steph C', 'Alex Johnson', 'Sam Chen', 'Mike Rodriguez' ]
Returning: 4 matches
Potential-matches: found candidateGroups count= 2
Added 2 group(s) into potential matches for user 691e3479fa0ca2ee636b1cc3
Loading matches for user: 691e3479fa0ca2ee636b1cc3 requested by: 691e3479fa0ca2ee636b1cc3
Finding matches in database...
Found 0 actual matches
Finding incoming likes...
Found 0 incoming likes
🔍 DEBUG: Raw incoming likes:
Processing pending matches...
Created 0 pending matches
🔍 DEBUG: Final pending matches:
Loading group matches...
Found 0 group matches
Processing group matches...
Returning matches for user: 691e3479fa0ca2ee636b1cc3
Real matches: 0
Pending matches: 0
Found 0 groups with pending join requests from user 691e3479fa0ca2ee636b1cc3
Added 2 group(s) to matches for user 691e3479fa0ca2ee636b1cc3
🔍 DEBUG: Final response breakdown:
  - User matches (accepted): 0
  - Pending matches (individual likes): 0
  - Group matches: 0
  - Available groups: 2
  - Total matches returned: 2
Loading matches for user: 691e3479fa0ca2ee636b1cc3 requested by: 691e3479fa0ca2ee636b1cc3
Finding matches in database...
Auth check: {
  reqUserId: '691e3479fa0ca2ee636b1cc3',
  paramsId: '691e3479fa0ca2ee636b1cc3'
}
Found 0 actual matches
Finding incoming likes...
Current user: Mike Chen mike@email.com
Found 0 incoming likes
🔍 DEBUG: Raw incoming likes:
Processing pending matches...
Created 0 pending matches
🔍 DEBUG: Final pending matches:
Loading group matches...
Swiped user IDs: []
Found 0 group matches
Processing group matches...
Returning matches for user: 691e3479fa0ca2ee636b1cc3
Real matches: 0
Pending matches: 0
Matched user IDs: []
All excluded user IDs: []
Filter query: {
  "_id": {
    "$ne": "691e3479fa0ca2ee636b1cc3",
    "$nin": []
  },
  "profileStatus": "active",
  "isActive": true,
  "$or": [
    {
      "groupId": {
        "$exists": false
      }
    },
    {
      "groupId": null
    }
  ]
}
Found 0 groups with pending join requests from user 691e3479fa0ca2ee636b1cc3
Found potential matches: 4
User names: [ 'Steph C', 'Alex Johnson', 'Sam Chen', 'Mike Rodriguez' ]
Returning: 4 matches
Added 2 group(s) to matches for user 691e3479fa0ca2ee636b1cc3
🔍 DEBUG: Final response breakdown:
  - User matches (accepted): 0
  - Pending matches (individual likes): 0
  - Group matches: 0
  - Available groups: 2
  - Total matches returned: 2
Potential-matches: found candidateGroups count= 2
Added 2 group(s) into potential matches for user 691e3479fa0ca2ee636b1cc3
Auth check: {
  reqUserId: '691e3479fa0ca2ee636b1cc3',
  paramsId: '691e3479fa0ca2ee636b1cc3'
}
Loading matches for user: 691e3479fa0ca2ee636b1cc3 requested by: 691e3479fa0ca2ee636b1cc3
Finding matches in database...
Current user: Mike Chen mike@email.com
Found 0 actual matches
Finding incoming likes...
Swiped user IDs: []
Found 0 incoming likes
🔍 DEBUG: Raw incoming likes:
Processing pending matches...
Created 0 pending matches
🔍 DEBUG: Final pending matches:
Loading group matches...
Matched user IDs: []
All excluded user IDs: []
Filter query: {
  "_id": {
    "$ne": "691e3479fa0ca2ee636b1cc3",
    "$nin": []
  },
  "profileStatus": "active",
  "isActive": true,
  "$or": [
    {
      "groupId": {
        "$exists": false
      }
    },
    {
      "groupId": null
    }
  ]
}
Found 0 group matches
Processing group matches...
Returning matches for user: 691e3479fa0ca2ee636b1cc3
Real matches: 0
Pending matches: 0
Found potential matches: 4
User names: [ 'Steph C', 'Alex Johnson', 'Sam Chen', 'Mike Rodriguez' ]
Returning: 4 matches
Found 0 groups with pending join requests from user 691e3479fa0ca2ee636b1cc3
Potential-matches: found candidateGroups count= 2
Added 2 group(s) into potential matches for user 691e3479fa0ca2ee636b1cc3
Added 2 group(s) to matches for user 691e3479fa0ca2ee636b1cc3
🔍 DEBUG: Final response breakdown:
  - User matches (accepted): 0
  - Pending matches (individual likes): 0
  - Group matches: 0
  - Available groups: 2
  - Total matches returned: 2
Auth check: {
  reqUserId: '691e3479fa0ca2ee636b1cc3',
  paramsId: '691e3479fa0ca2ee636b1cc3'
}
Loading group conversations for user: 691e3479fa0ca2ee636b1cc3
Current user: Mike Chen mike@email.com
User disconnected: rr5JKbaes_Nous0mAABZ User ID: 691e3479fa0ca2ee636b1cc3
Loading matches for user: 691e3479fa0ca2ee636b1cc3 requested by: 691e3479fa0ca2ee636b1cc3
Finding matches in database...
Swiped user IDs: []
Current user: Mike Chen groupId: null status: individual
User not in group, returning empty array
Matched user IDs: []
All excluded user IDs: []
Filter query: {
  "_id": {
    "$ne": "691e3479fa0ca2ee636b1cc3",
    "$nin": []
  },
  "profileStatus": "active",
  "isActive": true,
  "$or": [
    {
      "groupId": {
        "$exists": false
      }
    },
    {
      "groupId": null
    }
  ]
}
Found 0 actual matches
Finding incoming likes...
Found potential matches: 4
User names: [ 'Steph C', 'Alex Johnson', 'Sam Chen', 'Mike Rodriguez' ]
Returning: 4 matches
Found 0 incoming likes
🔍 DEBUG: Raw incoming likes:
Processing pending matches...
Created 0 pending matches
🔍 DEBUG: Final pending matches:
Loading group matches...
User connected: Yqt_scWeqwA-p81yAABb User ID: 691e3479fa0ca2ee636b1cc3
User 691e3479fa0ca2ee636b1cc3 joined room
Found 0 group matches
Processing group matches...
Returning matches for user: 691e3479fa0ca2ee636b1cc3
Real matches: 0
Pending matches: 0
Potential-matches: found candidateGroups count= 2
Added 2 group(s) into potential matches for user 691e3479fa0ca2ee636b1cc3
Found 0 groups with pending join requests from user 691e3479fa0ca2ee636b1cc3
User 691e3479fa0ca2ee636b1cc3 confirmed in room
Loading group conversations for user: 691e3479fa0ca2ee636b1cc3
Added 2 group(s) to matches for user 691e3479fa0ca2ee636b1cc3
🔍 DEBUG: Final response breakdown:
  - User matches (accepted): 0
  - Pending matches (individual likes): 0
  - Group matches: 0
  - Available groups: 2
  - Total matches returned: 2
Current user: Mike Chen groupId: null status: individual
User not in group, returning empty array
Auth check: {
  reqUserId: '691e3479fa0ca2ee636b1cc3',
  paramsId: '691e3479fa0ca2ee636b1cc3'
}
Current user: Mike Chen mike@email.com
Loading group conversations for user: 691e3479fa0ca2ee636b1cc3
Swiped user IDs: []
Current user: Mike Chen groupId: null status: individual
User not in group, returning empty array
Matched user IDs: []
All excluded user IDs: []
Filter query: {
  "_id": {
    "$ne": "691e3479fa0ca2ee636b1cc3",
    "$nin": []
  },
  "profileStatus": "active",
  "isActive": true,
  "$or": [
    {
      "groupId": {
        "$exists": false
      }
    },
    {
      "groupId": null
    }
  ]
}
Found potential matches: 4
User names: [ 'Steph C', 'Alex Johnson', 'Sam Chen', 'Mike Rodriguez' ]
Returning: 4 matches
Loading group conversations for user: 691e3479fa0ca2ee636b1cc3
Potential-matches: found candidateGroups count= 2
Added 2 group(s) into potential matches for user 691e3479fa0ca2ee636b1cc3
Current user: Mike Chen groupId: null status: individual
User not in group, returning empty array
Loading matches for user: 691e3479fa0ca2ee636b1cc3 requested by: 691e3479fa0ca2ee636b1cc3
Finding matches in database...
Loading group conversations for user: 691e3479fa0ca2ee636b1cc3
Found 0 actual matches
Finding incoming likes...
Current user: Mike Chen groupId: null status: individual
User not in group, returning empty array
Found 0 incoming likes
🔍 DEBUG: Raw incoming likes:
Processing pending matches...
Created 0 pending matches
🔍 DEBUG: Final pending matches:
Loading group matches...
Found 0 group matches
Processing group matches...
Returning matches for user: 691e3479fa0ca2ee636b1cc3
Real matches: 0
Pending matches: 0
Found 0 groups with pending join requests from user 691e3479fa0ca2ee636b1cc3
Added 2 group(s) to matches for user 691e3479fa0ca2ee636b1cc3
🔍 DEBUG: Final response breakdown:
  - User matches (accepted): 0
  - Pending matches (individual likes): 0
  - Group matches: 0
  - Available groups: 2
  - Total matches returned: 2
Loading group conversations for user: 691e3479fa0ca2ee636b1cc3
Current user: Mike Chen groupId: null status: individual
User not in group, returning empty array
User connected: VLHaWQMO-jAUpHC8AABd User ID: 691e3479fa0ca2ee636b1cc3
User 691e3479fa0ca2ee636b1cc3 joined room
User 691e3479fa0ca2ee636b1cc3 confirmed in room
User connected: oEtTe5xJ7adGMqUIAABf User ID: 691e3479fa0ca2ee636b1cc3
User 691e3479fa0ca2ee636b1cc3 joined room
User 691e3479fa0ca2ee636b1cc3 confirmed in room
User disconnected: oEtTe5xJ7adGMqUIAABf User ID: 691e3479fa0ca2ee636b1cc3
Auth check: {
  reqUserId: '691e3479fa0ca2ee636b1cc3',
  paramsId: '691e3479fa0ca2ee636b1cc3'
}
Current user: Mike Chen mike@email.com
Loading matches for user: 691e3479fa0ca2ee636b1cc3 requested by: 691e3479fa0ca2ee636b1cc3
Finding matches in database...
User connected: QI96eJqnAK2pG7n5AABh User ID: 691e3479fa0ca2ee636b1cc3
User 691e3479fa0ca2ee636b1cc3 joined room
Returning conversations for user: 691e3479fa0ca2ee636b1cc3 0
Swiped user IDs: []
Found 0 actual matches
Finding incoming likes...
Matched user IDs: []
All excluded user IDs: []
Filter query: {
  "_id": {
    "$ne": "691e3479fa0ca2ee636b1cc3",
    "$nin": []
  },
  "profileStatus": "active",
  "isActive": true,
  "$or": [
    {
      "groupId": {
        "$exists": false
      }
    },
    {
      "groupId": null
    }
  ]
}
User 691e3479fa0ca2ee636b1cc3 confirmed in room
Found 0 incoming likes
🔍 DEBUG: Raw incoming likes:
Processing pending matches...
Created 0 pending matches
🔍 DEBUG: Final pending matches:
Loading group matches...
Found potential matches: 4
User names: [ 'Steph C', 'Alex Johnson', 'Sam Chen', 'Mike Rodriguez' ]
Returning: 4 matches
Found 0 group matches
Processing group matches...
Returning matches for user: 691e3479fa0ca2ee636b1cc3
Real matches: 0
Pending matches: 0
Potential-matches: found candidateGroups count= 2
Added 2 group(s) into potential matches for user 691e3479fa0ca2ee636b1cc3
Found 0 groups with pending join requests from user 691e3479fa0ca2ee636b1cc3
Added 2 group(s) to matches for user 691e3479fa0ca2ee636b1cc3
🔍 DEBUG: Final response breakdown:
  - User matches (accepted): 0
  - Pending matches (individual likes): 0
  - Group matches: 0
  - Available groups: 2
  - Total matches returned: 2
User disconnected: QI96eJqnAK2pG7n5AABh User ID: 691e3479fa0ca2ee636b1cc3
Auth check: {
  reqUserId: '691e3479fa0ca2ee636b1cc3',
  paramsId: '691e3479fa0ca2ee636b1cc3'
}
Loading matches for user: 691e3479fa0ca2ee636b1cc3 requested by: 691e3479fa0ca2ee636b1cc3
Finding matches in database...
Current user: Mike Chen mike@email.com
Found 0 actual matches
Finding incoming likes...
Found 0 incoming likes
🔍 DEBUG: Raw incoming likes:
Processing pending matches...
Created 0 pending matches
🔍 DEBUG: Final pending matches:
Loading group matches...
Swiped user IDs: []
Found 0 group matches
Processing group matches...
Returning matches for user: 691e3479fa0ca2ee636b1cc3
Real matches: 0
Pending matches: 0
Matched user IDs: []
All excluded user IDs: []
Filter query: {
  "_id": {
    "$ne": "691e3479fa0ca2ee636b1cc3",
    "$nin": []
  },
  "profileStatus": "active",
  "isActive": true,
  "$or": [
    {
      "groupId": {
        "$exists": false
      }
    },
    {
      "groupId": null
    }
  ]
}
Found 0 groups with pending join requests from user 691e3479fa0ca2ee636b1cc3
Found potential matches: 4
User names: [ 'Steph C', 'Alex Johnson', 'Sam Chen', 'Mike Rodriguez' ]
Returning: 4 matches
Added 2 group(s) to matches for user 691e3479fa0ca2ee636b1cc3
🔍 DEBUG: Final response breakdown:
  - User matches (accepted): 0
  - Pending matches (individual likes): 0
  - Group matches: 0
  - Available groups: 2
  - Total matches returned: 2
Potential-matches: found candidateGroups count= 2
Added 2 group(s) into potential matches for user 691e3479fa0ca2ee636b1cc3
User disconnected: Yqt_scWeqwA-p81yAABb User ID: 691e3479fa0ca2ee636b1cc3
Loading group conversations for user: 691e3479fa0ca2ee636b1cc3
Auth check: {
  reqUserId: '691e3479fa0ca2ee636b1cc3',
  paramsId: '691e3479fa0ca2ee636b1cc3'
}
Loading matches for user: 691e3479fa0ca2ee636b1cc3 requested by: 691e3479fa0ca2ee636b1cc3
Finding matches in database...
Current user: Mike Chen groupId: null status: individual
User not in group, returning empty array
User connected: o9YURMnLntIX6o71AABj User ID: 691e3479fa0ca2ee636b1cc3
User 691e3479fa0ca2ee636b1cc3 joined room
Current user: Mike Chen mike@email.com
Found 0 actual matches
Finding incoming likes...
User 691e3479fa0ca2ee636b1cc3 confirmed in room
Found 0 incoming likes
🔍 DEBUG: Raw incoming likes:
Processing pending matches...
Created 0 pending matches
🔍 DEBUG: Final pending matches:
Loading group matches...
Swiped user IDs: []
Found 0 group matches
Processing group matches...
Returning matches for user: 691e3479fa0ca2ee636b1cc3
Real matches: 0
Pending matches: 0
Matched user IDs: []
All excluded user IDs: []
Filter query: {
  "_id": {
    "$ne": "691e3479fa0ca2ee636b1cc3",
    "$nin": []
  },
  "profileStatus": "active",
  "isActive": true,
  "$or": [
    {
      "groupId": {
        "$exists": false
      }
    },
    {
      "groupId": null
    }
  ]
}
Loading group conversations for user: 691e3479fa0ca2ee636b1cc3
Found 0 groups with pending join requests from user 691e3479fa0ca2ee636b1cc3
Found potential matches: 4
User names: [ 'Steph C', 'Alex Johnson', 'Sam Chen', 'Mike Rodriguez' ]
Returning: 4 matches
Current user: Mike Chen groupId: null status: individual
User not in group, returning empty array
Potential-matches: found candidateGroups count= 2
Added 2 group(s) into potential matches for user 691e3479fa0ca2ee636b1cc3
Added 2 group(s) to matches for user 691e3479fa0ca2ee636b1cc3
🔍 DEBUG: Final response breakdown:
  - User matches (accepted): 0
  - Pending matches (individual likes): 0
  - Group matches: 0
  - Available groups: 2
  - Total matches returned: 2
Auth check: {
  reqUserId: '691e3479fa0ca2ee636b1cc3',
  paramsId: '691e3479fa0ca2ee636b1cc3'
}
Current user: Mike Chen mike@email.com
Loading group conversations for user: 691e3479fa0ca2ee636b1cc3
Swiped user IDs: []
Current user: Mike Chen groupId: null status: individual
User not in group, returning empty array
Matched user IDs: []
All excluded user IDs: []
Filter query: {
  "_id": {
    "$ne": "691e3479fa0ca2ee636b1cc3",
    "$nin": []
  },
  "profileStatus": "active",
  "isActive": true,
  "$or": [
    {
      "groupId": {
        "$exists": false
      }
    },
    {
      "groupId": null
    }
  ]
}
Found potential matches: 4
User names: [ 'Steph C', 'Alex Johnson', 'Sam Chen', 'Mike Rodriguez' ]
Returning: 4 matches
Loading group conversations for user: 691e3479fa0ca2ee636b1cc3
Current user: Mike Chen groupId: null status: individual
User not in group, returning empty array
Potential-matches: found candidateGroups count= 2
Added 2 group(s) into potential matches for user 691e3479fa0ca2ee636b1cc3
Loading group conversations for user: 691e3479fa0ca2ee636b1cc3
Loading matches for user: 691e3479fa0ca2ee636b1cc3 requested by: 691e3479fa0ca2ee636b1cc3
Finding matches in database...
Current user: Mike Chen groupId: null status: individual
User not in group, returning empty array
Found 0 actual matches
Finding incoming likes...
Found 0 incoming likes
🔍 DEBUG: Raw incoming likes:
Processing pending matches...
Created 0 pending matches
🔍 DEBUG: Final pending matches:
Loading group matches...
Found 0 group matches
Processing group matches...
Returning matches for user: 691e3479fa0ca2ee636b1cc3
Real matches: 0
Pending matches: 0
Found 0 groups with pending join requests from user 691e3479fa0ca2ee636b1cc3
Added 2 group(s) to matches for user 691e3479fa0ca2ee636b1cc3
🔍 DEBUG: Final response breakdown:
  - User matches (accepted): 0
  - Pending matches (individual likes): 0
  - Group matches: 0
  - Available groups: 2
  - Total matches returned: 2
Loading group conversations for user: 691e3479fa0ca2ee636b1cc3
Current user: Mike Chen groupId: null status: individual
User not in group, returning empty array
User connected: smb5owfEbTfs8219AABl User ID: 691e3479fa0ca2ee636b1cc3
User 691e3479fa0ca2ee636b1cc3 joined room
User 691e3479fa0ca2ee636b1cc3 confirmed in room
User connected: njYO0Yy79HGfyYAyAABn User ID: 691e3479fa0ca2ee636b1cc3
User 691e3479fa0ca2ee636b1cc3 joined room
User 691e3479fa0ca2ee636b1cc3 confirmed in room
User connected: sKDghMhIB0ymZsi8AABp User ID: 691e3479fa0ca2ee636b1cc3
User 691e3479fa0ca2ee636b1cc3 joined room
User 691e3479fa0ca2ee636b1cc3 confirmed in room
User connected: zMf5IUY_CXOgIbumAABr User ID: 691e3479fa0ca2ee636b1cc3
User 691e3479fa0ca2ee636b1cc3 joined room
User 691e3479fa0ca2ee636b1cc3 confirmed in room
User disconnected: zMf5IUY_CXOgIbumAABr User ID: 691e3479fa0ca2ee636b1cc3
Auth check: {
  reqUserId: '691e3479fa0ca2ee636b1cc3',
  paramsId: '691e3479fa0ca2ee636b1cc3'
}
Loading matches for user: 691e3479fa0ca2ee636b1cc3 requested by: 691e3479fa0ca2ee636b1cc3
Finding matches in database...
Current user: Mike Chen mike@email.com
Found 0 actual matches
Finding incoming likes...
Swiped user IDs: []
Found 0 incoming likes
🔍 DEBUG: Raw incoming likes:
Processing pending matches...
Created 0 pending matches
🔍 DEBUG: Final pending matches:
Loading group matches...
Matched user IDs: []
All excluded user IDs: []
Filter query: {
  "_id": {
    "$ne": "691e3479fa0ca2ee636b1cc3",
    "$nin": []
  },
  "profileStatus": "active",
  "isActive": true,
  "$or": [
    {
      "groupId": {
        "$exists": false
      }
    },
    {
      "groupId": null
    }
  ]
}
Found 0 group matches
Processing group matches...
Returning matches for user: 691e3479fa0ca2ee636b1cc3
Real matches: 0
Pending matches: 0
Found potential matches: 4
User names: [ 'Steph C', 'Alex Johnson', 'Sam Chen', 'Mike Rodriguez' ]
Returning: 4 matches
Found 0 groups with pending join requests from user 691e3479fa0ca2ee636b1cc3
Potential-matches: found candidateGroups count= 2
Added 2 group(s) into potential matches for user 691e3479fa0ca2ee636b1cc3
Added 2 group(s) to matches for user 691e3479fa0ca2ee636b1cc3
🔍 DEBUG: Final response breakdown:
  - User matches (accepted): 0
  - Pending matches (individual likes): 0
  - Group matches: 0
  - Available groups: 2
  - Total matches returned: 2
Auth check: {
  reqUserId: '691e3479fa0ca2ee636b1cc3',
  paramsId: '691e3479fa0ca2ee636b1cc3'
}
Loading matches for user: 691e3479fa0ca2ee636b1cc3 requested by: 691e3479fa0ca2ee636b1cc3
Finding matches in database...
Current user: Mike Chen mike@email.com
Found 0 actual matches
Finding incoming likes...
Swiped user IDs: []
Found 0 incoming likes
🔍 DEBUG: Raw incoming likes:
Processing pending matches...
Created 0 pending matches
🔍 DEBUG: Final pending matches:
Loading group matches...
Matched user IDs: []
All excluded user IDs: []
Filter query: {
  "_id": {
    "$ne": "691e3479fa0ca2ee636b1cc3",
    "$nin": []
  },
  "profileStatus": "active",
  "isActive": true,
  "$or": [
    {
      "groupId": {
        "$exists": false
      }
    },
    {
      "groupId": null
    }
  ]
}
Found 0 group matches
Processing group matches...
Returning matches for user: 691e3479fa0ca2ee636b1cc3
Real matches: 0
Pending matches: 0
Found potential matches: 4
User names: [ 'Steph C', 'Alex Johnson', 'Sam Chen', 'Mike Rodriguez' ]
Returning: 4 matches
Found 0 groups with pending join requests from user 691e3479fa0ca2ee636b1cc3
Potential-matches: found candidateGroups count= 2
Added 2 group(s) into potential matches for user 691e3479fa0ca2ee636b1cc3
Added 2 group(s) to matches for user 691e3479fa0ca2ee636b1cc3
🔍 DEBUG: Final response breakdown:
  - User matches (accepted): 0
  - Pending matches (individual likes): 0
  - Group matches: 0
  - Available groups: 2
  - Total matches returned: 2
Search for email "Stephaniec.1646@gmail.com" returned 0 results
Search for email "Stephaniec1646@gmail.com" returned 1 results
🔍 Processing swipe action: 691e3479fa0ca2ee636b1cc3 -> 691e3bcac5eb1a469363d74b (like)
✅ Created new swipe action
User disconnected: o9YURMnLntIX6o71AABj User ID: 691e3479fa0ca2ee636b1cc3
Auth check: {
  reqUserId: '691e3bcac5eb1a469363d74b',
  paramsId: '691e3bcac5eb1a469363d74b'
}
Current user: Steph C stephaniec1646@gmail.com
User connected: Ynt9IjGLfQ6UEcHSAABt User ID: 691e3bcac5eb1a469363d74b
User 691e3bcac5eb1a469363d74b joined room
Swiped user IDs: []
User 691e3bcac5eb1a469363d74b confirmed in room
Matched user IDs: []
All excluded user IDs: []
Filter query: {
  "_id": {
    "$ne": "691e3bcac5eb1a469363d74b",
    "$nin": []
  },
  "profileStatus": "active",
  "isActive": true,
  "$or": [
    {
      "groupId": {
        "$exists": false
      }
    },
    {
      "groupId": null
    }
  ]
}
Found potential matches: 4
User names: [ 'Mike Chen', 'Alex Johnson', 'Sam Chen', 'Mike Rodriguez' ]
Returning: 4 matches
Potential-matches: found candidateGroups count= 2
Added 2 group(s) into potential matches for user 691e3bcac5eb1a469363d74b
Loading matches for user: 691e3bcac5eb1a469363d74b requested by: 691e3bcac5eb1a469363d74b
Finding matches in database...
Found 0 actual matches
Finding incoming likes...
Found 1 incoming likes
🔍 DEBUG: Raw incoming likes:
  1. SwipeAction 692e7db398891f81f75234a8:
     - Swiper: Mike Chen (691e3479fa0ca2ee636b1cc3) - Status: individual
     - Target: 691e3bcac5eb1a469363d74b
     - Action: like
     - Created: Mon Dec 01 2025 21:48:35 GMT-0800 (Pacific Standard Time)
     - Swiper in group: NO
Processing pending matches...
✅ Keeping pending match: Mike Chen -> 691e3bcac5eb1a469363d74b (valid individual like)
Created 1 pending matches
🔍 DEBUG: Final pending matches:
  1. pending_692e7db398891f81f75234a8: Mike Chen (691e3479fa0ca2ee636b1cc3) -> 691e3bcac5eb1a469363d74b
Loading group matches...
Found 0 group matches
Processing group matches...
Returning matches for user: 691e3bcac5eb1a469363d74b
Real matches: 0
Pending matches: 1
Found 0 groups with pending join requests from user 691e3bcac5eb1a469363d74b
Added 2 group(s) to matches for user 691e3bcac5eb1a469363d74b
🔍 DEBUG: Final response breakdown:
  - User matches (accepted): 0
  - Pending matches (individual likes): 1
  - Group matches: 0
  - Available groups: 2
  - Total matches returned: 3
Loading matches for user: 691e3bcac5eb1a469363d74b requested by: 691e3bcac5eb1a469363d74b
Finding matches in database...
Auth check: {
  reqUserId: '691e3bcac5eb1a469363d74b',
  paramsId: '691e3bcac5eb1a469363d74b'
}
Found 0 actual matches
Finding incoming likes...
Current user: Steph C stephaniec1646@gmail.com
Found 1 incoming likes
🔍 DEBUG: Raw incoming likes:
  1. SwipeAction 692e7db398891f81f75234a8:
     - Swiper: Mike Chen (691e3479fa0ca2ee636b1cc3) - Status: individual
     - Target: 691e3bcac5eb1a469363d74b
     - Action: like
     - Created: Mon Dec 01 2025 21:48:35 GMT-0800 (Pacific Standard Time)
     - Swiper in group: NO
Processing pending matches...
✅ Keeping pending match: Mike Chen -> 691e3bcac5eb1a469363d74b (valid individual like)
Created 1 pending matches
🔍 DEBUG: Final pending matches:
  1. pending_692e7db398891f81f75234a8: Mike Chen (691e3479fa0ca2ee636b1cc3) -> 691e3bcac5eb1a469363d74b
Loading group matches...
Swiped user IDs: []
Found 0 group matches
Processing group matches...
Returning matches for user: 691e3bcac5eb1a469363d74b
Real matches: 0
Pending matches: 1
Matched user IDs: []
All excluded user IDs: []
Filter query: {
  "_id": {
    "$ne": "691e3bcac5eb1a469363d74b",
    "$nin": []
  },
  "profileStatus": "active",
  "isActive": true,
  "$or": [
    {
      "groupId": {
        "$exists": false
      }
    },
    {
      "groupId": null
    }
  ]
}
Found 0 groups with pending join requests from user 691e3bcac5eb1a469363d74b
Found potential matches: 4
User names: [ 'Mike Chen', 'Alex Johnson', 'Sam Chen', 'Mike Rodriguez' ]
Returning: 4 matches
Added 2 group(s) to matches for user 691e3bcac5eb1a469363d74b
🔍 DEBUG: Final response breakdown:
  - User matches (accepted): 0
  - Pending matches (individual likes): 1
  - Group matches: 0
  - Available groups: 2
  - Total matches returned: 3
Potential-matches: found candidateGroups count= 2
Added 2 group(s) into potential matches for user 691e3bcac5eb1a469363d74b
Loading group conversations for user: 691e3bcac5eb1a469363d74b
User disconnected: Ynt9IjGLfQ6UEcHSAABt User ID: 691e3bcac5eb1a469363d74b
Auth check: {
  reqUserId: '691e3bcac5eb1a469363d74b',
  paramsId: '691e3bcac5eb1a469363d74b'
}
Loading matches for user: 691e3bcac5eb1a469363d74b requested by: 691e3bcac5eb1a469363d74b
Finding matches in database...
Current user: Steph C groupId: null status: individual
User not in group, returning empty array
Current user: Steph C stephaniec1646@gmail.com
User connected: 1HzLyK0qk5qBYp66AABv User ID: 691e3bcac5eb1a469363d74b
User 691e3bcac5eb1a469363d74b joined room
Found 0 actual matches
Finding incoming likes...
Swiped user IDs: []
Matched user IDs: []
All excluded user IDs: []
Filter query: {
  "_id": {
    "$ne": "691e3bcac5eb1a469363d74b",
    "$nin": []
  },
  "profileStatus": "active",
  "isActive": true,
  "$or": [
    {
      "groupId": {
        "$exists": false
      }
    },
    {
      "groupId": null
    }
  ]
}
Found 1 incoming likes
🔍 DEBUG: Raw incoming likes:
  1. SwipeAction 692e7db398891f81f75234a8:
     - Swiper: Mike Chen (691e3479fa0ca2ee636b1cc3) - Status: individual
     - Target: 691e3bcac5eb1a469363d74b
     - Action: like
     - Created: Mon Dec 01 2025 21:48:35 GMT-0800 (Pacific Standard Time)
     - Swiper in group: NO
Processing pending matches...
✅ Keeping pending match: Mike Chen -> 691e3bcac5eb1a469363d74b (valid individual like)
Created 1 pending matches
🔍 DEBUG: Final pending matches:
  1. pending_692e7db398891f81f75234a8: Mike Chen (691e3479fa0ca2ee636b1cc3) -> 691e3bcac5eb1a469363d74b
Loading group matches...
User 691e3bcac5eb1a469363d74b confirmed in room
Found 0 group matches
Processing group matches...
Returning matches for user: 691e3bcac5eb1a469363d74b
Real matches: 0
Pending matches: 1
Found potential matches: 4
User names: [ 'Mike Chen', 'Alex Johnson', 'Sam Chen', 'Mike Rodriguez' ]
Returning: 4 matches
Found 0 groups with pending join requests from user 691e3bcac5eb1a469363d74b
Loading group conversations for user: 691e3bcac5eb1a469363d74b
Added 2 group(s) to matches for user 691e3bcac5eb1a469363d74b
🔍 DEBUG: Final response breakdown:
  - User matches (accepted): 0
  - Pending matches (individual likes): 1
  - Group matches: 0
  - Available groups: 2
  - Total matches returned: 3
Potential-matches: found candidateGroups count= 2
Added 2 group(s) into potential matches for user 691e3bcac5eb1a469363d74b
Current user: Steph C groupId: null status: individual
User not in group, returning empty array
Auth check: {
  reqUserId: '691e3bcac5eb1a469363d74b',
  paramsId: '691e3bcac5eb1a469363d74b'
}
Loading group conversations for user: 691e3bcac5eb1a469363d74b
Current user: Steph C stephaniec1646@gmail.com
Current user: Steph C groupId: null status: individual
User not in group, returning empty array
Swiped user IDs: []
Matched user IDs: []
All excluded user IDs: []
Filter query: {
  "_id": {
    "$ne": "691e3bcac5eb1a469363d74b",
    "$nin": []
  },
  "profileStatus": "active",
  "isActive": true,
  "$or": [
    {
      "groupId": {
        "$exists": false
      }
    },
    {
      "groupId": null
    }
  ]
}
Loading group conversations for user: 691e3bcac5eb1a469363d74b
Found potential matches: 4
User names: [ 'Mike Chen', 'Alex Johnson', 'Sam Chen', 'Mike Rodriguez' ]
Returning: 4 matches
Current user: Steph C groupId: null status: individual
User not in group, returning empty array
Potential-matches: found candidateGroups count= 2
Added 2 group(s) into potential matches for user 691e3bcac5eb1a469363d74b
Loading matches for user: 691e3bcac5eb1a469363d74b requested by: 691e3bcac5eb1a469363d74b
Finding matches in database...
Loading group conversations for user: 691e3bcac5eb1a469363d74b
Found 0 actual matches
Finding incoming likes...
Current user: Steph C groupId: null status: individual
User not in group, returning empty array
Found 1 incoming likes
🔍 DEBUG: Raw incoming likes:
  1. SwipeAction 692e7db398891f81f75234a8:
     - Swiper: Mike Chen (691e3479fa0ca2ee636b1cc3) - Status: individual
     - Target: 691e3bcac5eb1a469363d74b
     - Action: like
     - Created: Mon Dec 01 2025 21:48:35 GMT-0800 (Pacific Standard Time)
     - Swiper in group: NO
Processing pending matches...
✅ Keeping pending match: Mike Chen -> 691e3bcac5eb1a469363d74b (valid individual like)
Created 1 pending matches
🔍 DEBUG: Final pending matches:
  1. pending_692e7db398891f81f75234a8: Mike Chen (691e3479fa0ca2ee636b1cc3) -> 691e3bcac5eb1a469363d74b
Loading group matches...
Found 0 group matches
Processing group matches...
Returning matches for user: 691e3bcac5eb1a469363d74b
Real matches: 0
Pending matches: 1
Found 0 groups with pending join requests from user 691e3bcac5eb1a469363d74b
Added 2 group(s) to matches for user 691e3bcac5eb1a469363d74b
🔍 DEBUG: Final response breakdown:
  - User matches (accepted): 0
  - Pending matches (individual likes): 1
  - Group matches: 0
  - Available groups: 2
  - Total matches returned: 3
Loading group conversations for user: 691e3bcac5eb1a469363d74b
Current user: Steph C groupId: null status: individual
User not in group, returning empty array
User connected: FjpSvZun0krPqImxAABx User ID: 691e3bcac5eb1a469363d74b
User 691e3bcac5eb1a469363d74b joined room
User 691e3bcac5eb1a469363d74b confirmed in room
User connected: iUk8aepyQhhS_UwzAABz User ID: 691e3bcac5eb1a469363d74b
User 691e3bcac5eb1a469363d74b joined room
User 691e3bcac5eb1a469363d74b confirmed in room
User connected: 94vDvlzgxgQn7wVdAAB1 User ID: 691e3bcac5eb1a469363d74b
User 691e3bcac5eb1a469363d74b joined room
User 691e3bcac5eb1a469363d74b confirmed in room
User disconnected: 94vDvlzgxgQn7wVdAAB1 User ID: 691e3bcac5eb1a469363d74b
Auth check: {
  reqUserId: '691e3bcac5eb1a469363d74b',
  paramsId: '691e3bcac5eb1a469363d74b'
}
Loading matches for user: 691e3bcac5eb1a469363d74b requested by: 691e3bcac5eb1a469363d74b
Finding matches in database...
Current user: Steph C stephaniec1646@gmail.com
Found 0 actual matches
Finding incoming likes...
Swiped user IDs: []
Matched user IDs: []
All excluded user IDs: []
Filter query: {
  "_id": {
    "$ne": "691e3bcac5eb1a469363d74b",
    "$nin": []
  },
  "profileStatus": "active",
  "isActive": true,
  "$or": [
    {
      "groupId": {
        "$exists": false
      }
    },
    {
      "groupId": null
    }
  ]
}
Found 1 incoming likes
🔍 DEBUG: Raw incoming likes:
  1. SwipeAction 692e7db398891f81f75234a8:
     - Swiper: Mike Chen (691e3479fa0ca2ee636b1cc3) - Status: individual
     - Target: 691e3bcac5eb1a469363d74b
     - Action: like
     - Created: Mon Dec 01 2025 21:48:35 GMT-0800 (Pacific Standard Time)
     - Swiper in group: NO
Processing pending matches...
✅ Keeping pending match: Mike Chen -> 691e3bcac5eb1a469363d74b (valid individual like)
Created 1 pending matches
🔍 DEBUG: Final pending matches:
  1. pending_692e7db398891f81f75234a8: Mike Chen (691e3479fa0ca2ee636b1cc3) -> 691e3bcac5eb1a469363d74b
Loading group matches...
Found potential matches: 4
User names: [ 'Mike Chen', 'Alex Johnson', 'Sam Chen', 'Mike Rodriguez' ]
Returning: 4 matches
Found 0 group matches
Processing group matches...
Returning matches for user: 691e3bcac5eb1a469363d74b
Real matches: 0
Pending matches: 1
Potential-matches: found candidateGroups count= 2
Added 2 group(s) into potential matches for user 691e3bcac5eb1a469363d74b
Found 0 groups with pending join requests from user 691e3bcac5eb1a469363d74b
Added 2 group(s) to matches for user 691e3bcac5eb1a469363d74b
🔍 DEBUG: Final response breakdown:
  - User matches (accepted): 0
  - Pending matches (individual likes): 1
  - Group matches: 0
  - Available groups: 2
  - Total matches returned: 3
🔍 Processing swipe action: 691e3bcac5eb1a469363d74b -> 691e3479fa0ca2ee636b1cc3 (like)
✅ Created new swipe action
🎯 Creating automatic match between 691e3bcac5eb1a469363d74b and 691e3479fa0ca2ee636b1cc3
➕ Creating new match: 691e3bcac5eb1a469363d74b <-> 691e3479fa0ca2ee636b1cc3
💕 Automatic match created with ID: 692e7dbf98891f81f752350c
Loading matches for user: 691e3bcac5eb1a469363d74b requested by: 691e3bcac5eb1a469363d74b
Finding matches in database...
Found 1 actual matches
Finding incoming likes...
Found 1 incoming likes
🔍 DEBUG: Raw incoming likes:
  1. SwipeAction 692e7db398891f81f75234a8:
     - Swiper: Mike Chen (691e3479fa0ca2ee636b1cc3) - Status: individual
     - Target: 691e3bcac5eb1a469363d74b
     - Action: like
     - Created: Mon Dec 01 2025 21:48:35 GMT-0800 (Pacific Standard Time)
     - Swiper in group: NO
Processing pending matches...
✅ Filtering out pending match - already matched: 691e3479fa0ca2ee636b1cc3 <-> 691e3bcac5eb1a469363d74b
Created 0 pending matches
🔍 DEBUG: Final pending matches:
Loading group matches...
Found 0 group matches
Processing group matches...
Returning matches for user: 691e3bcac5eb1a469363d74b
Real matches: 1
Pending matches: 0
Found 0 groups with pending join requests from user 691e3bcac5eb1a469363d74b
Added 2 group(s) to matches for user 691e3bcac5eb1a469363d74b
🔍 DEBUG: Final response breakdown:
  - User matches (accepted): 1
  - Pending matches (individual likes): 0
  - Group matches: 0
  - Available groups: 2
  - Total matches returned: 3
User connected: CzmZvgkbvwIGH10zAAB3 User ID: 691e3bcac5eb1a469363d74b
User 691e3bcac5eb1a469363d74b joined room
Loading matches for user: 691e3bcac5eb1a469363d74b requested by: 691e3bcac5eb1a469363d74b
Finding matches in database...
Auth check: {
  reqUserId: '691e3bcac5eb1a469363d74b',
  paramsId: '691e3bcac5eb1a469363d74b'
}
User 691e3bcac5eb1a469363d74b confirmed in room
Current user: Steph C stephaniec1646@gmail.com
Swiped user IDs: [ new ObjectId('691e3479fa0ca2ee636b1cc3') ]
Found 1 actual matches
Finding incoming likes...
Returning conversations for user: 691e3bcac5eb1a469363d74b 1
Matched user IDs: [ new ObjectId('691e3479fa0ca2ee636b1cc3') ]
All excluded user IDs: [
  new ObjectId('691e3479fa0ca2ee636b1cc3'),
  new ObjectId('691e3479fa0ca2ee636b1cc3')
]
Filter query: {
  "_id": {
    "$ne": "691e3bcac5eb1a469363d74b",
    "$nin": [
      "691e3479fa0ca2ee636b1cc3",
      "691e3479fa0ca2ee636b1cc3"
    ]
  },
  "profileStatus": "active",
  "isActive": true,
  "$or": [
    {
      "groupId": {
        "$exists": false
      }
    },
    {
      "groupId": null
    }
  ]
}
Found potential matches: 3
User names: [ 'Alex Johnson', 'Sam Chen', 'Mike Rodriguez' ]
Returning: 3 matches
Found 1 incoming likes
🔍 DEBUG: Raw incoming likes:
  1. SwipeAction 692e7db398891f81f75234a8:
     - Swiper: Mike Chen (691e3479fa0ca2ee636b1cc3) - Status: individual
     - Target: 691e3bcac5eb1a469363d74b
     - Action: like
     - Created: Mon Dec 01 2025 21:48:35 GMT-0800 (Pacific Standard Time)
     - Swiper in group: NO
Processing pending matches...
✅ Filtering out pending match - already matched: 691e3479fa0ca2ee636b1cc3 <-> 691e3bcac5eb1a469363d74b
Created 0 pending matches
🔍 DEBUG: Final pending matches:
Loading group matches...
Potential-matches: found candidateGroups count= 2
Added 2 group(s) into potential matches for user 691e3bcac5eb1a469363d74b
Found 0 group matches
Processing group matches...
Returning matches for user: 691e3bcac5eb1a469363d74b
Real matches: 1
Pending matches: 0
Found 0 groups with pending join requests from user 691e3bcac5eb1a469363d74b
Added 2 group(s) to matches for user 691e3bcac5eb1a469363d74b
🔍 DEBUG: Final response breakdown:
  - User matches (accepted): 1
  - Pending matches (individual likes): 0
  - Group matches: 0
  - Available groups: 2
  - Total matches returned: 3
Loading matches for user: 691e3bcac5eb1a469363d74b requested by: 691e3bcac5eb1a469363d74b
Finding matches in database...
Found 1 actual matches
Finding incoming likes...
Found 1 incoming likes
🔍 DEBUG: Raw incoming likes:
  1. SwipeAction 692e7db398891f81f75234a8:
     - Swiper: Mike Chen (691e3479fa0ca2ee636b1cc3) - Status: individual
     - Target: 691e3bcac5eb1a469363d74b
     - Action: like
     - Created: Mon Dec 01 2025 21:48:35 GMT-0800 (Pacific Standard Time)
     - Swiper in group: NO
Processing pending matches...
✅ Filtering out pending match - already matched: 691e3479fa0ca2ee636b1cc3 <-> 691e3bcac5eb1a469363d74b
Created 0 pending matches
🔍 DEBUG: Final pending matches:
Loading group matches...
Found 0 group matches
Processing group matches...
Returning matches for user: 691e3bcac5eb1a469363d74b
Real matches: 1
Pending matches: 0
Found 0 groups with pending join requests from user 691e3bcac5eb1a469363d74b
Added 2 group(s) to matches for user 691e3bcac5eb1a469363d74b
🔍 DEBUG: Final response breakdown:
  - User matches (accepted): 1
  - Pending matches (individual likes): 0
  - Group matches: 0
  - Available groups: 2
  - Total matches returned: 3
Processing direct message conversation. UserIds: [ '691e3479fa0ca2ee636b1cc3', '691e3bcac5eb1a469363d74b' ]
Request userId: 691e3bcac5eb1a469363d74b
Creating ObjectId query for userIds: [ '691e3479fa0ca2ee636b1cc3', '691e3bcac5eb1a469363d74b' ]
ObjectId query created successfully
Message query: {
  "$and": [
    {
      "groupId": null
    },
    {
      "$or": [
        {
          "senderId": "691e3479fa0ca2ee636b1cc3",
          "receiverId": "691e3bcac5eb1a469363d74b"
        },
        {
          "senderId": "691e3bcac5eb1a469363d74b",
          "receiverId": "691e3479fa0ca2ee636b1cc3"
        }
      ]
    }
  ]
}
Actual query with ObjectIds: { '$and': [ { groupId: null }, { '$or': [Array] } ] }
Sample messages in database: [
  {
    id: new ObjectId('692e70e776d7d3fad3b3e132'),
    senderId: null,
    receiverId: undefined,
    content: 'Jordan Lee has joined the group chat'
  },
  {
    id: new ObjectId('692e755f76d7d3fad3b3e730'),
    senderId: new ObjectId('691e3478fa0ca2ee636b1cb6'),
    receiverId: null,
    content: 'hey!'
  },
  {
    id: new ObjectId('692e77c40b21529b30d932ec'),
    senderId: null,
    receiverId: undefined,
    content: 'Sam Rodriguez has joined the group chat'
  },
  {
    id: new ObjectId('692e77e70b21529b30d933fb'),
    senderId: null,
    receiverId: undefined,
    content: 'Sam Rodriguez has left the group chat'
  },
  {
    id: new ObjectId('692e7d3898891f81f7522ff9'),
    senderId: new ObjectId('691e3479fa0ca2ee636b1cc3'),
    receiverId: null,
    content: 'hey!'
  }
]
Simple query returned 0 messages
Null groupId query returned 0 messages
Query returned 0 messages for conversation: 691e3479fa0ca2ee636b1cc3_691e3bcac5eb1a469363d74b
Message send request: {
  senderId: '691e3bcac5eb1a469363d74b',
  receiverId: '691e3479fa0ca2ee636b1cc3',
  groupId: undefined,
  content: 'heee!'
}
Message saved successfully: {
  senderId: new ObjectId('691e3bcac5eb1a469363d74b'),
  receiverId: new ObjectId('691e3479fa0ca2ee636b1cc3'),
  groupId: null,
  content: 'heee!',
  messageType: 'text',
  isRead: false,
  isDeleted: false,
  _id: new ObjectId('692e7dc698891f81f752353c'),
  readBy: [],
  createdAt: 2025-12-02T05:48:54.654Z,
  updatedAt: 2025-12-02T05:48:54.654Z,
  __v: 0
}
User disconnected: CzmZvgkbvwIGH10zAAB3 User ID: 691e3bcac5eb1a469363d74b
Auth check: {
  reqUserId: '691e3bcac5eb1a469363d74b',
  paramsId: '691e3bcac5eb1a469363d74b'
}
Current user: Steph C stephaniec1646@gmail.com
Loading matches for user: 691e3bcac5eb1a469363d74b requested by: 691e3bcac5eb1a469363d74b
Finding matches in database...
Swiped user IDs: [ new ObjectId('691e3479fa0ca2ee636b1cc3') ]
Matched user IDs: [ new ObjectId('691e3479fa0ca2ee636b1cc3') ]
All excluded user IDs: [
  new ObjectId('691e3479fa0ca2ee636b1cc3'),
  new ObjectId('691e3479fa0ca2ee636b1cc3')
]
Filter query: {
  "_id": {
    "$ne": "691e3bcac5eb1a469363d74b",
    "$nin": [
      "691e3479fa0ca2ee636b1cc3",
      "691e3479fa0ca2ee636b1cc3"
    ]
  },
  "profileStatus": "active",
  "isActive": true,
  "$or": [
    {
      "groupId": {
        "$exists": false
      }
    },
    {
      "groupId": null
    }
  ]
}
Found 1 actual matches
Finding incoming likes...
Found potential matches: 3
User names: [ 'Alex Johnson', 'Sam Chen', 'Mike Rodriguez' ]
Returning: 3 matches
Potential-matches: found candidateGroups count= 2
Added 2 group(s) into potential matches for user 691e3bcac5eb1a469363d74b
Found 1 incoming likes
🔍 DEBUG: Raw incoming likes:
  1. SwipeAction 692e7db398891f81f75234a8:
     - Swiper: Mike Chen (691e3479fa0ca2ee636b1cc3) - Status: individual
     - Target: 691e3bcac5eb1a469363d74b
     - Action: like
     - Created: Mon Dec 01 2025 21:48:35 GMT-0800 (Pacific Standard Time)
     - Swiper in group: NO
Processing pending matches...
✅ Filtering out pending match - already matched: 691e3479fa0ca2ee636b1cc3 <-> 691e3bcac5eb1a469363d74b
Created 0 pending matches
🔍 DEBUG: Final pending matches:
Loading group matches...
Found 0 group matches
Processing group matches...
Returning matches for user: 691e3bcac5eb1a469363d74b
Real matches: 1
Pending matches: 0
Found 0 groups with pending join requests from user 691e3bcac5eb1a469363d74b
Added 2 group(s) to matches for user 691e3bcac5eb1a469363d74b
🔍 DEBUG: Final response breakdown:
  - User matches (accepted): 1
  - Pending matches (individual likes): 0
  - Group matches: 0
  - Available groups: 2
  - Total matches returned: 3
